tez_id,yazar,yil,universite,tur,mufredat_donemi,sinif,orneklem_n,il,konu,kazanim_kodu,yanilgi_adi,yanilgi_tanimi,ogrenci_ornegi,gorulme_orani,olcum_araci,onerilen_mudahale,mudahale_sonucu,lemma_basamagi,guven,sayfa_ref,not,lgs_kazanim_tahmini
MAKALE:10.30703/cije.342074,"Çakmak Gürel, Zeynep; Okur, Muzaffer",2017,Erzincan Üniversitesi,MAKALE,2013,karma,154,,Doğrusal denklemler,M.7.2.2.1,Eşittir işaretini sonuç komutu sanma,Öğrenci eşittir işaretini iki tarafın denkliği değil bir işlem yapma komutu olarak okuyor ve tek bir sonuca indirgemeye çalışıyor.,97+16 ifadesini toplayıp tek sonuç yazma (KY1.2); eşitliğin yalnız bir tarafındaki sayıları işleme alma (KY1.1),%13,10 açık uçlu sorudan oluşan bilgi testi (her soruda 'Açıklayınız'); değerlendiriciler arası güvenirlik %95,Eşitliği denge olarak tanıtan modellerle çalışma,YOK,3,3,s. 485,"Sınıf kırılımı: 8.sf %0 (hiç yanılgı yok), 7.sf %18. Örneklem 113 yedinci + 41 sekizinci = 154. İl adı verilmemiş (""Doğu Anadolu'da orta ölçekli bir il""). Kazanım kodu makalenin kendi belirttiği ""denklemlerde eşitliğin korunumu ilkesini anlar"" kazanımından.",M.7.2.2.1
MAKALE:10.30703/cije.342074,"Çakmak Gürel, Zeynep; Okur, Muzaffer",2017,Erzincan Üniversitesi,MAKALE,2013,karma,154,,Cebirsel ifadeler ve özdeşlikler,,Harfleri yalnızca rakam sanma,Öğrenci yan yana yazılmış katsayı ve değişkenleri basamaklı bir sayı gibi okuyor; çarpım olduğunu göremiyor.,2xy=240 sorusuna y=0 cevabı verme; 2xy'yi üç basamaklı bir sayı sanma,%7,10 açık uçlu sorudan oluşan bilgi testi (her soruda 'Açıklayınız'); değerlendiriciler arası güvenirlik %95,Çarpım biçimindeki gösterimi açıkça vurgulama,YOK,1,3,s. 486-487,"Sınıf kırılımı: 8.sf %5, 7.sf %8. Aynı yanılgı Akkaya ve Durmuş (2006) çalışmasında %23.33 ile bağımsız olarak görülmüş (K4).",M.8.2.1.1
MAKALE:10.30703/cije.342074,"Çakmak Gürel, Zeynep; Okur, Muzaffer",2017,Erzincan Üniversitesi,MAKALE,2013,karma,154,,Doğrusal denklemler,,Denklemin diğer tarafına aynı işlemi uygulama,Öğrenci denklem çözerken karşı tarafta ters işlem yapmak yerine aynı işlemi tekrarlıyor.,,%12,10 açık uçlu sorudan oluşan bilgi testi (her soruda 'Açıklayınız'); değerlendiriciler arası güvenirlik %95,Terazi modeliyle eşitliğin korunumunu gösterme,YOK,3,3,s. 487-488,"Sınıf kırılımı: 8.sf %0, 7.sf %15. Makale bu soruda ayrıca iki alt yanılgı daha raporluyor: KY3.2 işlem önceliğini dikkate almama, KY3.3 aritmetik işlemleri cebire genelleme. Bunlar ayrı oranlanmadığı için ayrı satır açılmadı.",M.8.2.2.1
MAKALE:10.30703/cije.342074,"Çakmak Gürel, Zeynep; Okur, Muzaffer",2017,Erzincan Üniversitesi,MAKALE,2013,karma,154,,Cebirsel ifadeler ve özdeşlikler,,Farklı harfler her zaman farklı değerdir sanma,Öğrenci farklı harflerle gösterilen iki niceliğin değerinin asla eşit olamayacağını düşünüyor.,"Terazi sorusunda z ve t farklı harflerle gösterildiği için ağırlıklarının aynı olamayacağını, terazinin dengede kalamayacağını söyleme",%68,10 açık uçlu sorudan oluşan bilgi testi (her soruda 'Açıklayınız'); değerlendiriciler arası güvenirlik %95,Farklı harflerin aynı değeri alabildiğini somut modelle gösterme,YOK,1,3,s. 489-490,"ÇALIŞMANIN EN YÜKSEK ORANI. Sınıf kırılımı: 8.sf %66, 7.sf %69 — iki sınıfta da neredeyse aynı. Makale ayrıca KY4.2 ""verilen şekle göre karar verme"" alt yanılgısını da raporluyor.",M.8.2.1.1
MAKALE:10.30703/cije.342074,"Çakmak Gürel, Zeynep; Okur, Muzaffer",2017,Erzincan Üniversitesi,MAKALE,2013,karma,154,,Doğrusal denklemler,,Bilinmeyen yalnız bir tarafta olur sanma,Öğrenci problem için denklem kurarken bilinmeyeni eşitliğin yalnız bir tarafına yazıyor.,Denklem kurarken eşitliğin sağ tarafına x değişkenini yazmayıp sadece 10 sayısını gösterme,%14,10 açık uçlu sorudan oluşan bilgi testi (her soruda 'Açıklayınız'); değerlendiriciler arası güvenirlik %95,Denklemin iki tarafının da değişken içerebileceğini örneklerle gösterme,YOK,1,3,s. 491,"Sınıf kırılımı: 8.sf %5, 7.sf %17.",M.8.2.2.1
MAKALE:10.30703/cije.342074,"Çakmak Gürel, Zeynep; Okur, Muzaffer",2017,Erzincan Üniversitesi,MAKALE,2013,karma,154,,Doğrusal denklemler,,Kat ilişkisini ters yönde kurma,Öğrenci sözel olarak verilen kat ilişkisini denkleme çevirirken çarpanı yanlış tarafa yazıyor.,"""Kızların sayısı erkeklerin sayısının 8 katıdır"" ifadesi için 8K=E eşitliğini kurma",%14,10 açık uçlu sorudan oluşan bilgi testi (her soruda 'Açıklayınız'); değerlendiriciler arası güvenirlik %95,Sözel ifadeyi denkleme çevirirken sayısal deneme yaptırma,YOK,1,3,s. 491-492,"Sınıf kırılımı: 8.sf %7, 7.sf %16.",M.7.2.2.2
MAKALE:10.30703/cije.342074,"Çakmak Gürel, Zeynep; Okur, Muzaffer",2017,Erzincan Üniversitesi,MAKALE,2013,7,113,,Cebirsel ifadeler ve özdeşlikler,,Harfleri kelime etiketi sanma,Öğrenci harfi nesnenin kısaltması olarak görüyor ve katsayıları nesne adedi gibi toplayıp değişkenleri yok sayıyor.,3k+2d=15 denklemini kurmak yerine 3+2=5 olduğundan k+d=5 yazma,%19,10 açık uçlu sorudan oluşan bilgi testi (her soruda 'Açıklayınız'); değerlendiriciler arası güvenirlik %95,"Katsayıyı ""çarpı nesnelerin sayısı"" olarak okutma",YOK,2,3,s. 492-493,"K1: makale bu yanılgı için TOPLAM oran vermiyor, yalnız sınıf bazında veriyor. Bu yüzden satır 7. sınıfa (n=113) sabitlendi. 8. sınıf değeri %12. Aynı yanılgı Akkaya ve Durmuş (2006) çalışmasında %33.61 ile görülmüş (K4).",M.8.2.1.1
MAKALE:10.30703/cije.342074,"Çakmak Gürel, Zeynep; Okur, Muzaffer",2017,Erzincan Üniversitesi,MAKALE,2013,karma,154,,Doğrusal denklemler,M.7.2.2.3,Ters işlem yapamama,Öğrenci denklemi çözerken ters işlem yapmak yerine eşitliğin diğer tarafında da aynı işlemi uyguluyor.,"""9 katının 20 eksiği 25 olan sayı"" için 25+20'yi 9'a bölmek yerine 25 ile 9'u çarpıp 20 çıkarma",%12,10 açık uçlu sorudan oluşan bilgi testi (her soruda 'Açıklayınız'); değerlendiriciler arası güvenirlik %95,Terazi modeliyle ters işlem mantığını kurma,YOK,3,3,s. 493-494,"Sınıf kırılımı: 8.sf %12, 7.sf %12 — sınıf farkı yok. Makale ayrıca KY8.2 kat ilişkisi alt yanılgısını da raporluyor. Kazanım kodu makalenin kendi belirttiği ""8-10. sorular birinci dereceden bir bilinmeyenli denklemleri çözer kazanımına yöneliktir"" ifadesinden.",M.8.2.2.1
MAKALE:10.30703/cije.342074,"Çakmak Gürel, Zeynep; Okur, Muzaffer",2017,Erzincan Üniversitesi,MAKALE,2013,karma,154,,Doğrusal denklemler,M.7.2.2.3,Çıkarmanın değişme özelliği var sanma,Öğrenci denklem çözerken çıkarma işleminde terimlerin yerinin değiştirilebileceğini düşünüyor.,,%14,10 açık uçlu sorudan oluşan bilgi testi (her soruda 'Açıklayınız'); değerlendiriciler arası güvenirlik %95,Çıkarmada sıranın sonucu değiştirdiğini sayı doğrusunda gösterme,YOK,3,3,s. 494-495,"Sınıf kırılımı: 8.sf %8, 7.sf %12. Aynı yanılgı Akkaya ve Durmuş (2006) çalışmasında %10.46 ile görülmüş (K4).",M.8.2.2.1
MAKALE:10.30703/cije.342074,"Çakmak Gürel, Zeynep; Okur, Muzaffer",2017,Erzincan Üniversitesi,MAKALE,2013,karma,154,,Cebirsel ifadeler ve özdeşlikler,M.7.2.2.3,Parantezi dikkate almama,Öğrenci parantezli ifadeyi çarparken dağılma özelliğini uygulamıyor ve yalnız ilk terimi çarpıyor.,6(x+3) işleminde 6·x+6·3 yerine 6·x+3 yapma,%5,10 açık uçlu sorudan oluşan bilgi testi (her soruda 'Açıklayınız'); değerlendiriciler arası güvenirlik %95,İşlem önceliği ve dağılma özelliğini somut örneklerle pekiştirme,YOK,3,3,s. 495-496,"Sınıf kırılımı: 8.sf %0, 7.sf %6. Bu yanılgı üçüncü bağımsız çalışmada görülüyor: Akkaya ve Durmuş (2006) %38.75, Birgin ve Demirören (2020) %9.2 (K4 — tekrar güç göstergesidir).",M.8.2.1.2
MAKALE:ESTUDAM-5-1-2020,"Çoban, Kerem; Yenilmez, Kürşat",2020,Eskişehir Osmangazi Üniversitesi,MAKALE,2018,8,160,Konya,Eşitsizlikler,,Eşitlik durumunun farkına varamama,Öğrenci eşitsizliği cebirsel yazarken 'küçük veya eşit' / 'büyük veya eşit' yerine yalnız 'küçük' ya da 'büyük' sembolünü kullanıyor.,≤ gerekirken < sembolü yazma (2K ve 25E kodlu öğrenci cevapları),81,"18 soruluk Eşitsizlikler Başarı Testi (3 kazanımı ölçen 3 ana soru, 8+6+4 alt soru)",Eşitsizlik-denklem ayrımını sayı doğrusu ve çözüm kümesi üzerinden kurma,YOK,1,2,s. 45,"K2: çalışma 'güçlük' terimini kullanıyor, kavram yanılgısı ile işlem hatasını AYIRMIYOR — bu yüzden güven 3 yerine 2. gorulme_orani = güçlüğü yaşayan ÖĞRENCİ SAYISI (n=160 üzerinden). Çalışmanın en yaygın bulgusu: 160 öğrencinin 81'i, toplam 150 kez tekrarlanmış. Eşik: yalnız f>=10 olan güçlükler satırlandı; daha seyrek olanlar alınmadı. Saf işlem hatası olduğu için alınmayanlar: 'çözümde işlem hatası yapma' f=61, 'istenileni anlayamama' f=15, 'metni hatalı yorumlama' f=21. kazanim_kodu boş: kaynak kazanım kodunu yazmıyor, yalnız '1./2./3. kazanım' diyor.",M.8.2.3.1
MAKALE:ESTUDAM-5-1-2020,"Çoban, Kerem; Yenilmez, Kürşat",2020,Eskişehir Osmangazi Üniversitesi,MAKALE,2018,8,160,Konya,Eşitsizlikler,,Eşitsizliğin yönünü ters tayin etme,Öğrenci sözel durumu cebirsel eşitsizliğe çevirirken eşitsizlik sembolünün yönünü ters yazıyor.,,79,"18 soruluk Eşitsizlikler Başarı Testi (3 kazanımı ölçen 3 ana soru, 8+6+4 alt soru)",Eşitsizlik-denklem ayrımını sayı doğrusu ve çözüm kümesi üzerinden kurma,YOK,1,2,s. 45,"K2: çalışma 'güçlük' terimini kullanıyor, kavram yanılgısı ile işlem hatasını AYIRMIYOR — bu yüzden güven 3 yerine 2. gorulme_orani = güçlüğü yaşayan ÖĞRENCİ SAYISI (n=160 üzerinden). 160 öğrencinin 79'u, toplam 130 kez tekrarlanmış. Eşik: yalnız f>=10 olan güçlükler satırlandı; daha seyrek olanlar alınmadı. Saf işlem hatası olduğu için alınmayanlar: 'çözümde işlem hatası yapma' f=61, 'istenileni anlayamama' f=15, 'metni hatalı yorumlama' f=21. kazanim_kodu boş: kaynak kazanım kodunu yazmıyor, yalnız '1./2./3. kazanım' diyor.",M.8.2.3.1
MAKALE:ESTUDAM-5-1-2020,"Çoban, Kerem; Yenilmez, Kürşat",2020,Eskişehir Osmangazi Üniversitesi,MAKALE,2018,8,160,Konya,Eşitsizlikler,,Sayı doğrusunda eşitsizliği ters yönde gösterme,Öğrenci sayı doğrusunda verilen değerin ters tarafını tarayarak eşitsizliği gösteriyor.,y < -2 için -2'nin sol tarafı yerine sağ tarafı tarama (14K kodlu öğrenci),70,"18 soruluk Eşitsizlikler Başarı Testi (3 kazanımı ölçen 3 ana soru, 8+6+4 alt soru)",Eşitsizlik-denklem ayrımını sayı doğrusu ve çözüm kümesi üzerinden kurma,YOK,1,2,s. 47,"K2: çalışma 'güçlük' terimini kullanıyor, kavram yanılgısı ile işlem hatasını AYIRMIYOR — bu yüzden güven 3 yerine 2. gorulme_orani = güçlüğü yaşayan ÖĞRENCİ SAYISI (n=160 üzerinden). 160 öğrencinin 70'i, toplam 136 kez tekrarlanmış. İkinci kazanımın en yaygın güçlüğü. Eşik: yalnız f>=10 olan güçlükler satırlandı; daha seyrek olanlar alınmadı. Saf işlem hatası olduğu için alınmayanlar: 'çözümde işlem hatası yapma' f=61, 'istenileni anlayamama' f=15, 'metni hatalı yorumlama' f=21. kazanim_kodu boş: kaynak kazanım kodunu yazmıyor, yalnız '1./2./3. kazanım' diyor.",M.8.2.3.2
MAKALE:ESTUDAM-5-1-2020,"Çoban, Kerem; Yenilmez, Kürşat",2020,Eskişehir Osmangazi Üniversitesi,MAKALE,2018,8,160,Konya,Eşitsizlikler,,Cebirsel ifadeyi hatalı yazma,Öğrenci sözel olarak verilen ifadeye karşılık gelen cebirsel ifadeyi yanlış kuruyor.,,56,"18 soruluk Eşitsizlikler Başarı Testi (3 kazanımı ölçen 3 ana soru, 8+6+4 alt soru)",Eşitsizlik-denklem ayrımını sayı doğrusu ve çözüm kümesi üzerinden kurma,YOK,1,2,s. 45,"K2: çalışma 'güçlük' terimini kullanıyor, kavram yanılgısı ile işlem hatasını AYIRMIYOR — bu yüzden güven 3 yerine 2. gorulme_orani = güçlüğü yaşayan ÖĞRENCİ SAYISI (n=160 üzerinden). 160 öğrencinin 56'sı, toplam 73 kez tekrarlanmış. Eşik: yalnız f>=10 olan güçlükler satırlandı; daha seyrek olanlar alınmadı. Saf işlem hatası olduğu için alınmayanlar: 'çözümde işlem hatası yapma' f=61, 'istenileni anlayamama' f=15, 'metni hatalı yorumlama' f=21. kazanim_kodu boş: kaynak kazanım kodunu yazmıyor, yalnız '1./2./3. kazanım' diyor.",M.8.2.3.1
MAKALE:ESTUDAM-5-1-2020,"Çoban, Kerem; Yenilmez, Kürşat",2020,Eskişehir Osmangazi Üniversitesi,MAKALE,2018,8,160,Konya,Eşitsizlikler,,Sayı doğrusunda eşitsizliği eksik gösterme,Öğrenci çözüm kümesinin tamamını değil bir bölümünü tarıyor.,,43,"18 soruluk Eşitsizlikler Başarı Testi (3 kazanımı ölçen 3 ana soru, 8+6+4 alt soru)",Eşitsizlik-denklem ayrımını sayı doğrusu ve çözüm kümesi üzerinden kurma,YOK,1,2,s. 47,"K2: çalışma 'güçlük' terimini kullanıyor, kavram yanılgısı ile işlem hatasını AYIRMIYOR — bu yüzden güven 3 yerine 2. gorulme_orani = güçlüğü yaşayan ÖĞRENCİ SAYISI (n=160 üzerinden). 160 öğrencinin 43'ü, toplam 165 kez tekrarlanmış — tekrar sayısı en yüksek güçlük. Eşik: yalnız f>=10 olan güçlükler satırlandı; daha seyrek olanlar alınmadı. Saf işlem hatası olduğu için alınmayanlar: 'çözümde işlem hatası yapma' f=61, 'istenileni anlayamama' f=15, 'metni hatalı yorumlama' f=21. kazanim_kodu boş: kaynak kazanım kodunu yazmıyor, yalnız '1./2./3. kazanım' diyor.",M.8.2.3.2
MAKALE:ESTUDAM-5-1-2020,"Çoban, Kerem; Yenilmez, Kürşat",2020,Eskişehir Osmangazi Üniversitesi,MAKALE,2018,8,160,Konya,Eşitsizlikler,,Negatif işareti göz ardı etme,Öğrenci eşitsizliği çözerken negatif katsayı veya terimin işaretini hesaba katmıyor.,,42,"18 soruluk Eşitsizlikler Başarı Testi (3 kazanımı ölçen 3 ana soru, 8+6+4 alt soru)",Eşitsizlik-denklem ayrımını sayı doğrusu ve çözüm kümesi üzerinden kurma,YOK,3,2,s. 49,"K2: çalışma 'güçlük' terimini kullanıyor, kavram yanılgısı ile işlem hatasını AYIRMIYOR — bu yüzden güven 3 yerine 2. gorulme_orani = güçlüğü yaşayan ÖĞRENCİ SAYISI (n=160 üzerinden). 160 öğrencinin 42'si, toplam 43 kez. Üçüncü kazanımın ikinci en yaygın güçlüğü. Eşik: yalnız f>=10 olan güçlükler satırlandı; daha seyrek olanlar alınmadı. Saf işlem hatası olduğu için alınmayanlar: 'çözümde işlem hatası yapma' f=61, 'istenileni anlayamama' f=15, 'metni hatalı yorumlama' f=21. kazanim_kodu boş: kaynak kazanım kodunu yazmıyor, yalnız '1./2./3. kazanım' diyor.",M.8.2.3.3
MAKALE:ESTUDAM-5-1-2020,"Çoban, Kerem; Yenilmez, Kürşat",2020,Eskişehir Osmangazi Üniversitesi,MAKALE,2018,8,160,Konya,Eşitsizlikler,,Eşitsizliği yanlış yazma,Öğrenci verilen duruma karşılık gelen eşitsizliği hatalı biçimde kuruyor.,,38,"18 soruluk Eşitsizlikler Başarı Testi (3 kazanımı ölçen 3 ana soru, 8+6+4 alt soru)",Eşitsizlik-denklem ayrımını sayı doğrusu ve çözüm kümesi üzerinden kurma,YOK,1,2,s. 45,"K2: çalışma 'güçlük' terimini kullanıyor, kavram yanılgısı ile işlem hatasını AYIRMIYOR — bu yüzden güven 3 yerine 2. gorulme_orani = güçlüğü yaşayan ÖĞRENCİ SAYISI (n=160 üzerinden). 160 öğrencinin 38'i, toplam 54 kez. Eşik: yalnız f>=10 olan güçlükler satırlandı; daha seyrek olanlar alınmadı. Saf işlem hatası olduğu için alınmayanlar: 'çözümde işlem hatası yapma' f=61, 'istenileni anlayamama' f=15, 'metni hatalı yorumlama' f=21. kazanim_kodu boş: kaynak kazanım kodunu yazmıyor, yalnız '1./2./3. kazanım' diyor.",M.8.2.3.1
MAKALE:ESTUDAM-5-1-2020,"Çoban, Kerem; Yenilmez, Kürşat",2020,Eskişehir Osmangazi Üniversitesi,MAKALE,2018,8,160,Konya,Eşitsizlikler,,Değişken kullanmama,Öğrenci eşitsizliği yazarken bilinmeyeni bir değişkenle göstermiyor.,,32,"18 soruluk Eşitsizlikler Başarı Testi (3 kazanımı ölçen 3 ana soru, 8+6+4 alt soru)",Eşitsizlik-denklem ayrımını sayı doğrusu ve çözüm kümesi üzerinden kurma,YOK,1,2,s. 45,"K2: çalışma 'güçlük' terimini kullanıyor, kavram yanılgısı ile işlem hatasını AYIRMIYOR — bu yüzden güven 3 yerine 2. gorulme_orani = güçlüğü yaşayan ÖĞRENCİ SAYISI (n=160 üzerinden). 160 öğrencinin 32'si, toplam 42 kez. Eşik: yalnız f>=10 olan güçlükler satırlandı; daha seyrek olanlar alınmadı. Saf işlem hatası olduğu için alınmayanlar: 'çözümde işlem hatası yapma' f=61, 'istenileni anlayamama' f=15, 'metni hatalı yorumlama' f=21. kazanim_kodu boş: kaynak kazanım kodunu yazmıyor, yalnız '1./2./3. kazanım' diyor.",M.8.2.3.1
MAKALE:ESTUDAM-5-1-2020,"Çoban, Kerem; Yenilmez, Kürşat",2020,Eskişehir Osmangazi Üniversitesi,MAKALE,2018,8,160,Konya,Eşitsizlikler,,Eşitsizliğin yönünü değiştirmeyi göz ardı etme,Öğrenci eşitsizliğin iki tarafını negatif bir sayıyla çarpıp bölerken yön değiştirmesi gerektiğini uygulamıyor.,,31,"18 soruluk Eşitsizlikler Başarı Testi (3 kazanımı ölçen 3 ana soru, 8+6+4 alt soru)",Eşitsizlik-denklem ayrımını sayı doğrusu ve çözüm kümesi üzerinden kurma,YOK,3,2,s. 49,"K2: çalışma 'güçlük' terimini kullanıyor, kavram yanılgısı ile işlem hatasını AYIRMIYOR — bu yüzden güven 3 yerine 2. gorulme_orani = güçlüğü yaşayan ÖĞRENCİ SAYISI (n=160 üzerinden). 160 öğrencinin 31'i, toplam 35 kez. Eşitsizliğin denklemden ayrıldığı temel kural. Eşik: yalnız f>=10 olan güçlükler satırlandı; daha seyrek olanlar alınmadı. Saf işlem hatası olduğu için alınmayanlar: 'çözümde işlem hatası yapma' f=61, 'istenileni anlayamama' f=15, 'metni hatalı yorumlama' f=21. kazanim_kodu boş: kaynak kazanım kodunu yazmıyor, yalnız '1./2./3. kazanım' diyor.",M.8.2.3.3
MAKALE:ESTUDAM-5-1-2020,"Çoban, Kerem; Yenilmez, Kürşat",2020,Eskişehir Osmangazi Üniversitesi,MAKALE,2018,8,160,Konya,Eşitsizlikler,,Eşitsizliği eksik belirleme,Öğrenci durumu karşılayan eşitsizliğin yalnız bir bölümünü yazıyor.,,31,"18 soruluk Eşitsizlikler Başarı Testi (3 kazanımı ölçen 3 ana soru, 8+6+4 alt soru)",Eşitsizlik-denklem ayrımını sayı doğrusu ve çözüm kümesi üzerinden kurma,YOK,1,2,s. 45,"K2: çalışma 'güçlük' terimini kullanıyor, kavram yanılgısı ile işlem hatasını AYIRMIYOR — bu yüzden güven 3 yerine 2. gorulme_orani = güçlüğü yaşayan ÖĞRENCİ SAYISI (n=160 üzerinden). 160 öğrencinin 31'i, toplam 35 kez. Eşik: yalnız f>=10 olan güçlükler satırlandı; daha seyrek olanlar alınmadı. Saf işlem hatası olduğu için alınmayanlar: 'çözümde işlem hatası yapma' f=61, 'istenileni anlayamama' f=15, 'metni hatalı yorumlama' f=21. kazanim_kodu boş: kaynak kazanım kodunu yazmıyor, yalnız '1./2./3. kazanım' diyor.",M.8.2.3.1
MAKALE:ESTUDAM-5-1-2020,"Çoban, Kerem; Yenilmez, Kürşat",2020,Eskişehir Osmangazi Üniversitesi,MAKALE,2018,8,160,Konya,Eşitsizlikler,,Sayı doğrusunda eşitsizliği hatalı gösterme,Öğrenci sayı doğrusundaki gösterimi eşitsizlikle uyuşmayacak biçimde yapıyor.,,26,"18 soruluk Eşitsizlikler Başarı Testi (3 kazanımı ölçen 3 ana soru, 8+6+4 alt soru)",Eşitsizlik-denklem ayrımını sayı doğrusu ve çözüm kümesi üzerinden kurma,YOK,1,2,s. 47,"K2: çalışma 'güçlük' terimini kullanıyor, kavram yanılgısı ile işlem hatasını AYIRMIYOR — bu yüzden güven 3 yerine 2. gorulme_orani = güçlüğü yaşayan ÖĞRENCİ SAYISI (n=160 üzerinden). 160 öğrencinin 26'sı, toplam 63 kez. Eşik: yalnız f>=10 olan güçlükler satırlandı; daha seyrek olanlar alınmadı. Saf işlem hatası olduğu için alınmayanlar: 'çözümde işlem hatası yapma' f=61, 'istenileni anlayamama' f=15, 'metni hatalı yorumlama' f=21. kazanim_kodu boş: kaynak kazanım kodunu yazmıyor, yalnız '1./2./3. kazanım' diyor.",M.8.2.3.2
MAKALE:ESTUDAM-5-1-2020,"Çoban, Kerem; Yenilmez, Kürşat",2020,Eskişehir Osmangazi Üniversitesi,MAKALE,2018,8,160,Konya,Eşitsizlikler,,Olmayan eşitlik durumunu gösterme,Öğrenci eşitsizlikte eşitlik durumu olmadığı hâlde sayı doğrusunda dolu yuvarlak kullanıyor.,,23,"18 soruluk Eşitsizlikler Başarı Testi (3 kazanımı ölçen 3 ana soru, 8+6+4 alt soru)",Eşitsizlik-denklem ayrımını sayı doğrusu ve çözüm kümesi üzerinden kurma,YOK,1,2,s. 47,"K2: çalışma 'güçlük' terimini kullanıyor, kavram yanılgısı ile işlem hatasını AYIRMIYOR — bu yüzden güven 3 yerine 2. gorulme_orani = güçlüğü yaşayan ÖĞRENCİ SAYISI (n=160 üzerinden). 160 öğrencinin 23'ü, toplam 47 kez. Bir önceki satırın (eşitlik durumunu görmeme) ters yönü. Eşik: yalnız f>=10 olan güçlükler satırlandı; daha seyrek olanlar alınmadı. Saf işlem hatası olduğu için alınmayanlar: 'çözümde işlem hatası yapma' f=61, 'istenileni anlayamama' f=15, 'metni hatalı yorumlama' f=21. kazanim_kodu boş: kaynak kazanım kodunu yazmıyor, yalnız '1./2./3. kazanım' diyor.",M.8.2.3.2
MAKALE:ESTUDAM-5-1-2020,"Çoban, Kerem; Yenilmez, Kürşat",2020,Eskişehir Osmangazi Üniversitesi,MAKALE,2018,8,160,Konya,Eşitsizlikler,,Eşitsizliğin çözümünde işlem sırasını karıştırma,Öğrenci eşitsizliği çözerken adımların sırasını değiştiriyor.,,19,"18 soruluk Eşitsizlikler Başarı Testi (3 kazanımı ölçen 3 ana soru, 8+6+4 alt soru)",Eşitsizlik-denklem ayrımını sayı doğrusu ve çözüm kümesi üzerinden kurma,YOK,3,2,s. 49,"K2: çalışma 'güçlük' terimini kullanıyor, kavram yanılgısı ile işlem hatasını AYIRMIYOR — bu yüzden güven 3 yerine 2. gorulme_orani = güçlüğü yaşayan ÖĞRENCİ SAYISI (n=160 üzerinden). 160 öğrencinin 19'u, toplam 21 kez. Eşik: yalnız f>=10 olan güçlükler satırlandı; daha seyrek olanlar alınmadı. Saf işlem hatası olduğu için alınmayanlar: 'çözümde işlem hatası yapma' f=61, 'istenileni anlayamama' f=15, 'metni hatalı yorumlama' f=21. kazanim_kodu boş: kaynak kazanım kodunu yazmıyor, yalnız '1./2./3. kazanım' diyor.",M.8.2.3.3
MAKALE:ESTUDAM-5-1-2020,"Çoban, Kerem; Yenilmez, Kürşat",2020,Eskişehir Osmangazi Üniversitesi,MAKALE,2018,8,160,Konya,Eşitsizlikler,,Eşitsizliği denklem gibi çözme,Öğrenci eşitsizliği tek bir çözüm veren denklem gibi ele alıyor ve çözüm kümesi yerine tek değer buluyor.,,15,"18 soruluk Eşitsizlikler Başarı Testi (3 kazanımı ölçen 3 ana soru, 8+6+4 alt soru)",Eşitsizlik-denklem ayrımını sayı doğrusu ve çözüm kümesi üzerinden kurma,YOK,3,2,s. 49,"K2: çalışma 'güçlük' terimini kullanıyor, kavram yanılgısı ile işlem hatasını AYIRMIYOR — bu yüzden güven 3 yerine 2. gorulme_orani = güçlüğü yaşayan ÖĞRENCİ SAYISI (n=160 üzerinden). 160 öğrencinin 15'i, toplam 27 kez. Eşitsizlik-denklem ayrımının kurulmadığını gösteren doğrudan bulgu. Eşik: yalnız f>=10 olan güçlükler satırlandı; daha seyrek olanlar alınmadı. Saf işlem hatası olduğu için alınmayanlar: 'çözümde işlem hatası yapma' f=61, 'istenileni anlayamama' f=15, 'metni hatalı yorumlama' f=21. kazanim_kodu boş: kaynak kazanım kodunu yazmıyor, yalnız '1./2./3. kazanım' diyor.",M.8.2.3.3
MAKALE:ESTUDAM-5-1-2020,"Çoban, Kerem; Yenilmez, Kürşat",2020,Eskişehir Osmangazi Üniversitesi,MAKALE,2018,8,160,Konya,Eşitsizlikler,,Eşitsizlik yerine eşittir sembolü kullanma,Öğrenci eşitsizlik kurması gereken yerde eşittir sembolü yazıyor.,,15,"18 soruluk Eşitsizlikler Başarı Testi (3 kazanımı ölçen 3 ana soru, 8+6+4 alt soru)",Eşitsizlik-denklem ayrımını sayı doğrusu ve çözüm kümesi üzerinden kurma,YOK,1,2,s. 45,"K2: çalışma 'güçlük' terimini kullanıyor, kavram yanılgısı ile işlem hatasını AYIRMIYOR — bu yüzden güven 3 yerine 2. gorulme_orani = güçlüğü yaşayan ÖĞRENCİ SAYISI (n=160 üzerinden). 160 öğrencinin 15'i, toplam 16 kez. Eşik: yalnız f>=10 olan güçlükler satırlandı; daha seyrek olanlar alınmadı. Saf işlem hatası olduğu için alınmayanlar: 'çözümde işlem hatası yapma' f=61, 'istenileni anlayamama' f=15, 'metni hatalı yorumlama' f=21. kazanim_kodu boş: kaynak kazanım kodunu yazmıyor, yalnız '1./2./3. kazanım' diyor.",M.8.2.3.1
MAKALE:ESTUDAM-5-1-2020,"Çoban, Kerem; Yenilmez, Kürşat",2020,Eskişehir Osmangazi Üniversitesi,MAKALE,2018,8,160,Konya,Eşitsizlikler,,Eşitsizlik sembolü kullanmama,Öğrenci ifadeyi yazarken hiçbir eşitsizlik sembolü koymuyor.,,15,"18 soruluk Eşitsizlikler Başarı Testi (3 kazanımı ölçen 3 ana soru, 8+6+4 alt soru)",Eşitsizlik-denklem ayrımını sayı doğrusu ve çözüm kümesi üzerinden kurma,YOK,1,2,s. 45,"K2: çalışma 'güçlük' terimini kullanıyor, kavram yanılgısı ile işlem hatasını AYIRMIYOR — bu yüzden güven 3 yerine 2. gorulme_orani = güçlüğü yaşayan ÖĞRENCİ SAYISI (n=160 üzerinden). 160 öğrencinin 15'i, toplam 18 kez. Eşik: yalnız f>=10 olan güçlükler satırlandı; daha seyrek olanlar alınmadı. Saf işlem hatası olduğu için alınmayanlar: 'çözümde işlem hatası yapma' f=61, 'istenileni anlayamama' f=15, 'metni hatalı yorumlama' f=21. kazanim_kodu boş: kaynak kazanım kodunu yazmıyor, yalnız '1./2./3. kazanım' diyor.",M.8.2.3.1
MAKALE:ESTUDAM-5-1-2020,"Çoban, Kerem; Yenilmez, Kürşat",2020,Eskişehir Osmangazi Üniversitesi,MAKALE,2018,8,160,Konya,Eşitsizlikler,,Eşitlik durumunu sayı doğrusunda göstermeme,Öğrenci eşitsizlikte eşitlik durumu olmasına rağmen sayı doğrusunda boş yuvarlak kullanıyor.,,12,"18 soruluk Eşitsizlikler Başarı Testi (3 kazanımı ölçen 3 ana soru, 8+6+4 alt soru)",Eşitsizlik-denklem ayrımını sayı doğrusu ve çözüm kümesi üzerinden kurma,YOK,1,2,s. 47,"K2: çalışma 'güçlük' terimini kullanıyor, kavram yanılgısı ile işlem hatasını AYIRMIYOR — bu yüzden güven 3 yerine 2. gorulme_orani = güçlüğü yaşayan ÖĞRENCİ SAYISI (n=160 üzerinden). 160 öğrencinin 12'si, toplam 17 kez. Eşik: yalnız f>=10 olan güçlükler satırlandı; daha seyrek olanlar alınmadı. Saf işlem hatası olduğu için alınmayanlar: 'çözümde işlem hatası yapma' f=61, 'istenileni anlayamama' f=15, 'metni hatalı yorumlama' f=21. kazanim_kodu boş: kaynak kazanım kodunu yazmıyor, yalnız '1./2./3. kazanım' diyor.",M.8.2.3.2
MAKALE:ESTUDAM-5-1-2020,"Çoban, Kerem; Yenilmez, Kürşat",2020,Eskişehir Osmangazi Üniversitesi,MAKALE,2018,8,160,Konya,Eşitsizlikler,,Çözümde eşittir sembolü kullanma,Öğrenci eşitsizliğin çözüm kümesini eşitlik biçiminde yazıyor.,,11,"18 soruluk Eşitsizlikler Başarı Testi (3 kazanımı ölçen 3 ana soru, 8+6+4 alt soru)",Eşitsizlik-denklem ayrımını sayı doğrusu ve çözüm kümesi üzerinden kurma,YOK,3,2,s. 49,"K2: çalışma 'güçlük' terimini kullanıyor, kavram yanılgısı ile işlem hatasını AYIRMIYOR — bu yüzden güven 3 yerine 2. gorulme_orani = güçlüğü yaşayan ÖĞRENCİ SAYISI (n=160 üzerinden). 160 öğrencinin 11'i, toplam 14 kez. Eşik: yalnız f>=10 olan güçlükler satırlandı; daha seyrek olanlar alınmadı. Saf işlem hatası olduğu için alınmayanlar: 'çözümde işlem hatası yapma' f=61, 'istenileni anlayamama' f=15, 'metni hatalı yorumlama' f=21. kazanim_kodu boş: kaynak kazanım kodunu yazmıyor, yalnız '1./2./3. kazanım' diyor.",M.8.2.3.3
MAKALE:ESTUDAM-5-1-2020,"Çoban, Kerem; Yenilmez, Kürşat",2020,Eskişehir Osmangazi Üniversitesi,MAKALE,2018,8,160,Konya,Eşitsizlikler,,Eşitsizliği yalnız tam sayılar kapsar sanma,Öğrenci eşitsizliğin çözüm kümesinin yalnız tam sayılardan oluştuğunu varsayıyor.,,10,"18 soruluk Eşitsizlikler Başarı Testi (3 kazanımı ölçen 3 ana soru, 8+6+4 alt soru)",Eşitsizlik-denklem ayrımını sayı doğrusu ve çözüm kümesi üzerinden kurma,YOK,1,2,s. 49,"K2: çalışma 'güçlük' terimini kullanıyor, kavram yanılgısı ile işlem hatasını AYIRMIYOR — bu yüzden güven 3 yerine 2. gorulme_orani = güçlüğü yaşayan ÖĞRENCİ SAYISI (n=160 üzerinden). 160 öğrencinin 10'u, toplam 27 kez. Sayı kümesi kavramının eşitsizliğe taşınamadığını gösteriyor. Eşik: yalnız f>=10 olan güçlükler satırlandı; daha seyrek olanlar alınmadı. Saf işlem hatası olduğu için alınmayanlar: 'çözümde işlem hatası yapma' f=61, 'istenileni anlayamama' f=15, 'metni hatalı yorumlama' f=21. kazanim_kodu boş: kaynak kazanım kodunu yazmıyor, yalnız '1./2./3. kazanım' diyor.",M.8.2.3.3
MAKALE:10.33400/kuje.1721508,"Sevgi, Sevim; Akdemir Kabalcı, Semanur",2026,Erciyes Üniversitesi,MAKALE,2018,8,135,Kayseri,Kareköklü ifadeler,,Karenin karekökü ile karekökün karesini eş sanma,Öğrenci bir sayının karesinin karekökü ile karekökünün karesinin her durumda aynı sonucu vereceğini düşünüyor.,,86,"9 soruluk Kareköklü Sayılar Kavram Yanılgısı Belirleme Testi (belirtke tablolu, AFA/DFA yapılmış, her soruda açıklama isteniyor)","Kök içi ifadeyi bütün olarak okutan; kuralın sınırını (negatif, mutlak değer) gösteren örnekler",YOK,1,3,s. 10,"gorulme_orani = o soruda KAVRAM YANILGILI cevap veren öğrenci sayısı (analiz n=135). Yanılgı türü ile soru eşlemesi makalenin kendi belirtke tablosundan (Tablo 2, s. 7); sayılar Tablo 5 (s. 10). Çalışma yanılgı ile boş/doğruyu ayrı kodluyor, K2 sorunu yok. kazanim_kodu boş: makale kazanımları topluca veriyor, soru bazında eşlemiyor. Kayseri, 2022-2024, 8. sınıf. KY4: Soru 3. Testin EN YÜKSEK yanılgı oranı.",M.8.1.3.1
MAKALE:10.33400/kuje.1721508,"Sevgi, Sevim; Akdemir Kabalcı, Semanur",2026,Erciyes Üniversitesi,MAKALE,2018,8,135,Kayseri,Kareköklü ifadeler,,Çarpımın kökünü her sayıda ayırabileceğini sanma,Öğrenci √(x·y) = √x·√y eşitliğinin negatifler dâhil her gerçek sayı için geçerli olduğunu düşünüyor.,,78,"9 soruluk Kareköklü Sayılar Kavram Yanılgısı Belirleme Testi (belirtke tablolu, AFA/DFA yapılmış, her soruda açıklama isteniyor)","Kök içi ifadeyi bütün olarak okutan; kuralın sınırını (negatif, mutlak değer) gösteren örnekler",YOK,1,3,s. 10,"gorulme_orani = o soruda KAVRAM YANILGILI cevap veren öğrenci sayısı (analiz n=135). Yanılgı türü ile soru eşlemesi makalenin kendi belirtke tablosundan (Tablo 2, s. 7); sayılar Tablo 5 (s. 10). Çalışma yanılgı ile boş/doğruyu ayrı kodluyor, K2 sorunu yok. kazanim_kodu boş: makale kazanımları topluca veriyor, soru bazında eşlemiyor. Kayseri, 2022-2024, 8. sınıf. KY8: Soru 5.",M.8.1.3.4
MAKALE:10.33400/kuje.1721508,"Sevgi, Sevim; Akdemir Kabalcı, Semanur",2026,Erciyes Üniversitesi,MAKALE,2018,8,135,Kayseri,Kareköklü ifadeler,,Toplamın kökünü terim terim ayırma,Öğrenci √(x+y) ifadesinde sayıları ayrı ayrı kök içine alıp işlem yapılabileceğini düşünüyor.,,68,"9 soruluk Kareköklü Sayılar Kavram Yanılgısı Belirleme Testi (belirtke tablolu, AFA/DFA yapılmış, her soruda açıklama isteniyor)","Kök içi ifadeyi bütün olarak okutan; kuralın sınırını (negatif, mutlak değer) gösteren örnekler",YOK,1,3,s. 10,"gorulme_orani = o soruda KAVRAM YANILGILI cevap veren öğrenci sayısı (analiz n=135). Yanılgı türü ile soru eşlemesi makalenin kendi belirtke tablosundan (Tablo 2, s. 7); sayılar Tablo 5 (s. 10). Çalışma yanılgı ile boş/doğruyu ayrı kodluyor, K2 sorunu yok. kazanim_kodu boş: makale kazanımları topluca veriyor, soru bazında eşlemiyor. Kayseri, 2022-2024, 8. sınıf. KY6: Soru 7.",M.8.1.3.5
MAKALE:10.33400/kuje.1721508,"Sevgi, Sevim; Akdemir Kabalcı, Semanur",2026,Erciyes Üniversitesi,MAKALE,2018,8,135,Kayseri,Kareköklü ifadeler,,Kareli terimleri kökten ayrı ayrı çıkarma,Öğrenci √(x²+y²) ifadesindeki kareli terimleri tek tek kök dışına çıkarıp topluyor.,,65,"9 soruluk Kareköklü Sayılar Kavram Yanılgısı Belirleme Testi (belirtke tablolu, AFA/DFA yapılmış, her soruda açıklama isteniyor)","Kök içi ifadeyi bütün olarak okutan; kuralın sınırını (negatif, mutlak değer) gösteren örnekler",YOK,1,3,s. 10,"gorulme_orani = o soruda KAVRAM YANILGILI cevap veren öğrenci sayısı (analiz n=135). Yanılgı türü ile soru eşlemesi makalenin kendi belirtke tablosundan (Tablo 2, s. 7); sayılar Tablo 5 (s. 10). Çalışma yanılgı ile boş/doğruyu ayrı kodluyor, K2 sorunu yok. kazanim_kodu boş: makale kazanımları topluca veriyor, soru bazında eşlemiyor. Kayseri, 2022-2024, 8. sınıf. KY9: Soru 6.",M.8.1.3.5
MAKALE:10.33400/kuje.1721508,"Sevgi, Sevim; Akdemir Kabalcı, Semanur",2026,Erciyes Üniversitesi,MAKALE,2018,8,135,Kayseri,Kareköklü ifadeler,,Kareköklü çarpma-bölmede kural karıştırma,Öğrenci kareköklü ifadelerde çarpma ve bölme işlemlerini hatalı kurallarla yürütüyor.,,62,"9 soruluk Kareköklü Sayılar Kavram Yanılgısı Belirleme Testi (belirtke tablolu, AFA/DFA yapılmış, her soruda açıklama isteniyor)","Kök içi ifadeyi bütün olarak okutan; kuralın sınırını (negatif, mutlak değer) gösteren örnekler",YOK,3,3,s. 10,"gorulme_orani = o soruda KAVRAM YANILGILI cevap veren öğrenci sayısı (analiz n=135). Yanılgı türü ile soru eşlemesi makalenin kendi belirtke tablosundan (Tablo 2, s. 7); sayılar Tablo 5 (s. 10). Çalışma yanılgı ile boş/doğruyu ayrı kodluyor, K2 sorunu yok. kazanim_kodu boş: makale kazanımları topluca veriyor, soru bazında eşlemiyor. Kayseri, 2022-2024, 8. sınıf. KY7: Soru 9.",M.8.1.3.4
MAKALE:10.33400/kuje.1721508,"Sevgi, Sevim; Akdemir Kabalcı, Semanur",2026,Erciyes Üniversitesi,MAKALE,2018,8,135,Kayseri,Kareköklü ifadeler,,Üslü sayının kökünde üssün kökünü alma,Öğrenci üslü bir sayının karekökü alınırken üssün de karekökünün alınacağını düşünüyor.,,55,"9 soruluk Kareköklü Sayılar Kavram Yanılgısı Belirleme Testi (belirtke tablolu, AFA/DFA yapılmış, her soruda açıklama isteniyor)","Kök içi ifadeyi bütün olarak okutan; kuralın sınırını (negatif, mutlak değer) gösteren örnekler",YOK,1,3,s. 10,"gorulme_orani = o soruda KAVRAM YANILGILI cevap veren öğrenci sayısı (analiz n=135). Yanılgı türü ile soru eşlemesi makalenin kendi belirtke tablosundan (Tablo 2, s. 7); sayılar Tablo 5 (s. 10). Çalışma yanılgı ile boş/doğruyu ayrı kodluyor, K2 sorunu yok. kazanim_kodu boş: makale kazanımları topluca veriyor, soru bazında eşlemiyor. Kayseri, 2022-2024, 8. sınıf. KY1: Soru 4.",M.8.1.3.1
MAKALE:10.33400/kuje.1721508,"Sevgi, Sevim; Akdemir Kabalcı, Semanur",2026,Erciyes Üniversitesi,MAKALE,2018,8,135,Kayseri,Kareköklü ifadeler,,Karekök karesi eşitliğini her sayıya genelleme,Öğrenci √(x²) = x eşitliğinin negatifler dâhil her x için geçerli olduğunu düşünüyor.,,38,"9 soruluk Kareköklü Sayılar Kavram Yanılgısı Belirleme Testi (belirtke tablolu, AFA/DFA yapılmış, her soruda açıklama isteniyor)","Kök içi ifadeyi bütün olarak okutan; kuralın sınırını (negatif, mutlak değer) gösteren örnekler",YOK,1,3,s. 10,"gorulme_orani = o soruda KAVRAM YANILGILI cevap veren öğrenci sayısı (analiz n=135). Yanılgı türü ile soru eşlemesi makalenin kendi belirtke tablosundan (Tablo 2, s. 7); sayılar Tablo 5 (s. 10). Çalışma yanılgı ile boş/doğruyu ayrı kodluyor, K2 sorunu yok. kazanim_kodu boş: makale kazanımları topluca veriyor, soru bazında eşlemiyor. Kayseri, 2022-2024, 8. sınıf. KY3: Soru 2. Mutlak değer gerekliliği görülmüyor.",M.8.1.3.1
MAKALE:10.33400/kuje.1721508,"Sevgi, Sevim; Akdemir Kabalcı, Semanur",2026,Erciyes Üniversitesi,MAKALE,2018,8,135,Kayseri,Kareköklü ifadeler,,Kareköklü toplama-çıkarmada kural karıştırma,Öğrenci kareköklü ifadelerde toplama ve çıkarma işlemlerini hatalı kurallarla yürütüyor.,,37,"9 soruluk Kareköklü Sayılar Kavram Yanılgısı Belirleme Testi (belirtke tablolu, AFA/DFA yapılmış, her soruda açıklama isteniyor)","Kök içi ifadeyi bütün olarak okutan; kuralın sınırını (negatif, mutlak değer) gösteren örnekler",YOK,3,3,s. 10,"gorulme_orani = o soruda KAVRAM YANILGILI cevap veren öğrenci sayısı (analiz n=135). Yanılgı türü ile soru eşlemesi makalenin kendi belirtke tablosundan (Tablo 2, s. 7); sayılar Tablo 5 (s. 10). Çalışma yanılgı ile boş/doğruyu ayrı kodluyor, K2 sorunu yok. kazanim_kodu boş: makale kazanımları topluca veriyor, soru bazında eşlemiyor. Kayseri, 2022-2024, 8. sınıf. KY2: Soru 8.",M.8.1.3.5
MAKALE:10.33400/kuje.1721508,"Sevgi, Sevim; Akdemir Kabalcı, Semanur",2026,Erciyes Üniversitesi,MAKALE,2018,8,135,Kayseri,Kareköklü ifadeler,,Kareköklü sayının büyüklüğünü kestirememe,Öğrenci kareköklü bir sayının büyüklüğünü ve sayı doğrusundaki yerini belirleyemiyor.,,33,"9 soruluk Kareköklü Sayılar Kavram Yanılgısı Belirleme Testi (belirtke tablolu, AFA/DFA yapılmış, her soruda açıklama isteniyor)","Kök içi ifadeyi bütün olarak okutan; kuralın sınırını (negatif, mutlak değer) gösteren örnekler",YOK,1,3,s. 10,"gorulme_orani = o soruda KAVRAM YANILGILI cevap veren öğrenci sayısı (analiz n=135). Yanılgı türü ile soru eşlemesi makalenin kendi belirtke tablosundan (Tablo 2, s. 7); sayılar Tablo 5 (s. 10). Çalışma yanılgı ile boş/doğruyu ayrı kodluyor, K2 sorunu yok. kazanim_kodu boş: makale kazanımları topluca veriyor, soru bazında eşlemiyor. Kayseri, 2022-2024, 8. sınıf. KY5: Soru 1. Testin en düşük yanılgı oranı.",M.8.1.3.2
MAKALE:10.47714/uebt.799116,"Aydoğdu, Mustafa; Tutak, Tayfun; Göçük, Şirin",2020,Fırat Üniversitesi (ÇIKARIM),MAKALE,2018,8,100,Elazığ,Kareköklü ifadeler,M.8.1.3.1,Kök içindeki negatifi görmezden gelme,Öğrenci karekök içindeki sayı negatif olduğu hâlde pozitifmiş gibi işlem yapıyor ve eksiyi hesaba katmıyor.,√(−25) sorusunda sonucu 5 olarak yazma,%50,4 soruluk teşhis testi (yarı yapılandırılmış; her soruda 'neden öyle olduğunu açıklayınız'),Kavramı işlemden önce kurma; kuralın sınırlarını karşı örneklerle gösterme,YOK,1,2,s. 250,"K2: makale yanlış cevap oranını veriyor, kavram yanılgısını AYRI ölçmüyor — bu yüzden güven 3 yerine 2. gorulme_orani = o soruya YANLIŞ cevap veren öğrenci yüzdesi (n=100). kazanim_kodu makalenin her soru için kendi yazdığı kazanımdan alındı. Elazığ, 2017-2018. Makalede yazarların kurumu belirtilmemiş. 3. soru. %26 doğru, %50 yanlış, %24 boş. | universite (2026-08-27 eklendi, ÇIKARIM): Fırat Üniversitesi — makalede yazar kurumu yazılı değil. Dayanak: makale, Şirin Göçük'ün Fırat Ü. Eğitim Bilimleri Enstitüsü yüksek lisans tezinin (danışman Mustafa Aydoğdu, aynı başlık) yayımlanmış hâli; Tayfun Tutak Fırat Ü. öğretim üyesi (staff.firat.edu.tr); veri Elazığ'da toplanmış.",M.8.1.3.1;M.8.1.3.8
MAKALE:10.47714/uebt.799116,"Aydoğdu, Mustafa; Tutak, Tayfun; Göçük, Şirin",2020,Fırat Üniversitesi (ÇIKARIM),MAKALE,2018,8,100,Elazığ,Kareköklü ifadeler,M.8.1.3.1,Karekökleri doğal sayı gibi toplama,Öğrenci doğal sayı toplamasının kurallarını kareköklü ifadelere aşırı genelleyip kökten çıkarmadan topluyor.,√16 + √4 işlemini kök içlerini toplayarak yapma,%50,4 soruluk teşhis testi (yarı yapılandırılmış; her soruda 'neden öyle olduğunu açıklayınız'),Kavramı işlemden önce kurma; kuralın sınırlarını karşı örneklerle gösterme,YOK,1,2,s. 252,"K2: makale yanlış cevap oranını veriyor, kavram yanılgısını AYRI ölçmüyor — bu yüzden güven 3 yerine 2. gorulme_orani = o soruya YANLIŞ cevap veren öğrenci yüzdesi (n=100). kazanim_kodu makalenin her soru için kendi yazdığı kazanımdan alındı. Elazığ, 2017-2018. Makalede yazarların kurumu belirtilmemiş. 4. soru. %40 doğru, %50 yanlış, %10 boş. | universite (2026-08-27 eklendi, ÇIKARIM): Fırat Üniversitesi — makalede yazar kurumu yazılı değil. Dayanak: makale, Şirin Göçük'ün Fırat Ü. Eğitim Bilimleri Enstitüsü yüksek lisans tezinin (danışman Mustafa Aydoğdu, aynı başlık) yayımlanmış hâli; Tayfun Tutak Fırat Ü. öğretim üyesi (staff.firat.edu.tr); veri Elazığ'da toplanmış.",M.8.1.3.5
MAKALE:10.47714/uebt.799116,"Aydoğdu, Mustafa; Tutak, Tayfun; Göçük, Şirin",2020,Fırat Üniversitesi (ÇIKARIM),MAKALE,2018,8,100,Elazığ,Üslü ifadeler,M.8.1.2.1,Negatif tabanı parantezliymiş gibi okuma,Öğrenci −2² ifadesinde parantez varmış gibi düşünüp eksi işaretini tabana dâhil ediyor.,−2² işleminin sonucunu 4 olarak yazma,%46,4 soruluk teşhis testi (yarı yapılandırılmış; her soruda 'neden öyle olduğunu açıklayınız'),Kavramı işlemden önce kurma; kuralın sınırlarını karşı örneklerle gösterme,YOK,1,2,s. 247,"K2: makale yanlış cevap oranını veriyor, kavram yanılgısını AYRI ölçmüyor — bu yüzden güven 3 yerine 2. gorulme_orani = o soruya YANLIŞ cevap veren öğrenci yüzdesi (n=100). kazanim_kodu makalenin her soru için kendi yazdığı kazanımdan alındı. Elazığ, 2017-2018. Makalede yazarların kurumu belirtilmemiş. 2. soru. %29 doğru, %46 yanlış, %25 boş. | universite (2026-08-27 eklendi, ÇIKARIM): Fırat Üniversitesi — makalede yazar kurumu yazılı değil. Dayanak: makale, Şirin Göçük'ün Fırat Ü. Eğitim Bilimleri Enstitüsü yüksek lisans tezinin (danışman Mustafa Aydoğdu, aynı başlık) yayımlanmış hâli; Tayfun Tutak Fırat Ü. öğretim üyesi (staff.firat.edu.tr); veri Elazığ'da toplanmış.",M.8.1.2.1;M.8.1.2.2
MAKALE:10.47714/uebt.799116,"Aydoğdu, Mustafa; Tutak, Tayfun; Göçük, Şirin",2020,Fırat Üniversitesi (ÇIKARIM),MAKALE,2018,8,100,Elazığ,Üslü ifadeler,M.8.1.2.1,Üslü sayı kuralını eksik uygulama,Öğrenci üslü ifade kuralını ezberden ve eksik uygulayarak sonucu yanlış hesaplıyor.,,%47,4 soruluk teşhis testi (yarı yapılandırılmış; her soruda 'neden öyle olduğunu açıklayınız'),Kavramı işlemden önce kurma; kuralın sınırlarını karşı örneklerle gösterme,YOK,2,2,s. 244,"K2: makale yanlış cevap oranını veriyor, kavram yanılgısını AYRI ölçmüyor — bu yüzden güven 3 yerine 2. gorulme_orani = o soruya YANLIŞ cevap veren öğrenci yüzdesi (n=100). kazanim_kodu makalenin her soru için kendi yazdığı kazanımdan alındı. Elazığ, 2017-2018. Makalede yazarların kurumu belirtilmemiş. 1. soru. %38 doğru, %47 yanlış, %15 boş. Yanlış cevap veren 47 öğrencinin 24'ü gerekçe olarak 'kural böyle' demiş — ezber kaynaklı. | universite (2026-08-27 eklendi, ÇIKARIM): Fırat Üniversitesi — makalede yazar kurumu yazılı değil. Dayanak: makale, Şirin Göçük'ün Fırat Ü. Eğitim Bilimleri Enstitüsü yüksek lisans tezinin (danışman Mustafa Aydoğdu, aynı başlık) yayımlanmış hâli; Tayfun Tutak Fırat Ü. öğretim üyesi (staff.firat.edu.tr); veri Elazığ'da toplanmış.",M.8.1.2.1;M.8.1.2.2
MAKALE:10.30900/kafkasegt.1003487,"Altıntaş, Esra; İlgün, Şükrü; Uygun, Selin; Angay, Meltem",2021,Kafkas Üniversitesi,MAKALE,2018,7,31,Kars,Doğrusal denklemler,,Eşitliğin iki tarafına aynı işlemi uygulama,Öğrenci denklemde eşitliğin bir tarafına uyguladığı işlemi diğer tarafa farklı biçimde uyguluyor.,,%21.05,12 açık uçlu sorudan oluşan denklemler başarı testi; cevaplar doğru/hata/kavram yanılgısı/boş olarak kodlanmış,Terazi modeliyle eşitliğin korunumunu kurma; bilinmeyeni harf dışı sembollerle de gösterme,YOK,3,2,s. 797,"K5: n=31 olduğu için güven 3 verilemez (100 eşiği). gorulme_orani = makalede yazan yüzde; TABANI o sorunun YANLIŞ cevapları, tüm örneklem değil — bu yüzden yüzdeler sorular arası karşılaştırılamaz, f değeri notta. Çalışma hata ile kavram yanılgısını ayrı kodluyor, K2 sorunu yok. Eşik: yalnız f>=3 olan yanılgılar satırlandı; f=1-2 olanlar alınmadı (n=31'de anlamsız). kazanim_kodu boş: makale kazanımı soru bazında eşlemiyor. Soru 1, f=4. Makale bunu doğrudan 'Eşitliğin korunumu ilkesini anlar' kazanımıyla ilişkilendiriyor.",M.8.2.2.1
MAKALE:10.30900/kafkasegt.1003487,"Altıntaş, Esra; İlgün, Şükrü; Uygun, Selin; Angay, Meltem",2021,Kafkas Üniversitesi,MAKALE,2018,7,31,Kars,Doğrusal denklemler,,Terazi yöntemini uygulayamama,Öğrenci terazi modelinde dengeyi korumak için iki kefeye uygulanması gereken işlemleri kuramıyor.,,"%21,05",12 açık uçlu sorudan oluşan denklemler başarı testi; cevaplar doğru/hata/kavram yanılgısı/boş olarak kodlanmış,Terazi modeliyle eşitliğin korunumunu kurma; bilinmeyeni harf dışı sembollerle de gösterme,YOK,1,2,s. 798,"K5: n=31 olduğu için güven 3 verilemez (100 eşiği). gorulme_orani = makalede yazan yüzde; TABANI o sorunun YANLIŞ cevapları, tüm örneklem değil — bu yüzden yüzdeler sorular arası karşılaştırılamaz, f değeri notta. Çalışma hata ile kavram yanılgısını ayrı kodluyor, K2 sorunu yok. Eşik: yalnız f>=3 olan yanılgılar satırlandı; f=1-2 olanlar alınmadı (n=31'de anlamsız). kazanim_kodu boş: makale kazanımı soru bazında eşlemiyor. Soru 2, f=4. Terazi modeli denklem öğretiminin standart somutlaştırma aracı; model çalışmıyorsa Göster basamağı eksik.",M.7.2.2.1
MAKALE:10.30900/kafkasegt.1003487,"Altıntaş, Esra; İlgün, Şükrü; Uygun, Selin; Angay, Meltem",2021,Kafkas Üniversitesi,MAKALE,2018,7,31,Kars,Cebirsel ifadeler ve özdeşlikler,,Bilinmeyeni yalnız harf sanma,Öğrenci harf dışındaki sembol ve şekillerin de bilinmeyeni gösterebileceğini kabul etmiyor.,,%20,12 açık uçlu sorudan oluşan denklemler başarı testi; cevaplar doğru/hata/kavram yanılgısı/boş olarak kodlanmış,Terazi modeliyle eşitliğin korunumunu kurma; bilinmeyeni harf dışı sembollerle de gösterme,YOK,1,2,s. 799,"K5: n=31 olduğu için güven 3 verilemez (100 eşiği). gorulme_orani = makalede yazan yüzde; TABANI o sorunun YANLIŞ cevapları, tüm örneklem değil — bu yüzden yüzdeler sorular arası karşılaştırılamaz, f değeri notta. Çalışma hata ile kavram yanılgısını ayrı kodluyor, K2 sorunu yok. Eşik: yalnız f>=3 olan yanılgılar satırlandı; f=1-2 olanlar alınmadı (n=31'de anlamsız). kazanim_kodu boş: makale kazanımı soru bazında eşlemiyor. Soru 3, f=5. Cebir-aritmetik ilişkisiyle ilgili yanılgı olarak sınıflanmış.",M.8.2.1.1
MAKALE:10.30900/kafkasegt.1003487,"Altıntaş, Esra; İlgün, Şükrü; Uygun, Selin; Angay, Meltem",2021,Kafkas Üniversitesi,MAKALE,2018,7,31,Kars,Cebirsel ifadeler ve özdeşlikler,,Harflere sayılar gibi davranma,Öğrenci harfleri yok sayıp yalnız sayılarla işlem yapıyor.,,%16,12 açık uçlu sorudan oluşan denklemler başarı testi; cevaplar doğru/hata/kavram yanılgısı/boş olarak kodlanmış,Terazi modeliyle eşitliğin korunumunu kurma; bilinmeyeni harf dışı sembollerle de gösterme,YOK,1,2,s. 799,"K5: n=31 olduğu için güven 3 verilemez (100 eşiği). gorulme_orani = makalede yazan yüzde; TABANI o sorunun YANLIŞ cevapları, tüm örneklem değil — bu yüzden yüzdeler sorular arası karşılaştırılamaz, f değeri notta. Çalışma hata ile kavram yanılgısını ayrı kodluyor, K2 sorunu yok. Eşik: yalnız f>=3 olan yanılgılar satırlandı; f=1-2 olanlar alınmadı (n=31'de anlamsız). kazanim_kodu boş: makale kazanımı soru bazında eşlemiyor. Soru 3, f=4. Akkaya ve Durmuş (2015) sınıflamasından alınmış.",M.8.2.1.1
MAKALE:10.30900/kafkasegt.1003487,"Altıntaş, Esra; İlgün, Şükrü; Uygun, Selin; Angay, Meltem",2021,Kafkas Üniversitesi,MAKALE,2018,7,31,Kars,Cebirsel ifadeler ve özdeşlikler,,Değişkenler ile işlem yapamama,Öğrenci değişkenlerin farklı kullanımlarını bilmediği için onlarla işlem kuramıyor.,,,12 açık uçlu sorudan oluşan denklemler başarı testi; cevaplar doğru/hata/kavram yanılgısı/boş olarak kodlanmış,Terazi modeliyle eşitliğin korunumunu kurma; bilinmeyeni harf dışı sembollerle de gösterme,YOK,1,1,s. 799,"K5: n=31 olduğu için güven 3 verilemez (100 eşiği). gorulme_orani = makalede yazan yüzde; TABANI o sorunun YANLIŞ cevapları, tüm örneklem değil — bu yüzden yüzdeler sorular arası karşılaştırılamaz, f değeri notta. Çalışma hata ile kavram yanılgısını ayrı kodluyor, K2 sorunu yok. Eşik: yalnız f>=3 olan yanılgılar satırlandı; f=1-2 olanlar alınmadı (n=31'de anlamsız). kazanim_kodu boş: makale kazanımı soru bazında eşlemiyor. Soru 3, f=6. K1: bu satır için yüzde okunamadı, yalnız f=6 verilmiş — oran sütunu boş bırakıldı. K5 DÜZELTME: oran olmadığı için güven 2'den 1'e indirildi.",M.8.2.1.1
MAKALE:10.30900/kafkasegt.1003487,"Altıntaş, Esra; İlgün, Şükrü; Uygun, Selin; Angay, Meltem",2021,Kafkas Üniversitesi,MAKALE,2018,7,31,Kars,Cebirsel ifadeler ve özdeşlikler,,Bilinmeyen ve değişkeni ayırt edememe,Öğrenci bilinmeyen ile değişken kavramlarına farklı ve tutarsız anlamlar yüklüyor.,,"%13,63",12 açık uçlu sorudan oluşan denklemler başarı testi; cevaplar doğru/hata/kavram yanılgısı/boş olarak kodlanmış,Terazi modeliyle eşitliğin korunumunu kurma; bilinmeyeni harf dışı sembollerle de gösterme,YOK,1,2,s. 801,"K5: n=31 olduğu için güven 3 verilemez (100 eşiği). gorulme_orani = makalede yazan yüzde; TABANI o sorunun YANLIŞ cevapları, tüm örneklem değil — bu yüzden yüzdeler sorular arası karşılaştırılamaz, f değeri notta. Çalışma hata ile kavram yanılgısını ayrı kodluyor, K2 sorunu yok. Eşik: yalnız f>=3 olan yanılgılar satırlandı; f=1-2 olanlar alınmadı (n=31'de anlamsız). kazanim_kodu boş: makale kazanımı soru bazında eşlemiyor. Soru 4, f=3. ",M.8.2.1.1
MAKALE:10.30900/kafkasegt.1003487,"Altıntaş, Esra; İlgün, Şükrü; Uygun, Selin; Angay, Meltem",2021,Kafkas Üniversitesi,MAKALE,2018,7,31,Kars,Doğrusal denklemler,,Bilinmeyensiz denklem yazmaya çalışma,Öğrenci sözel durumu matematiksel dile çevirirken denklemi bilinmeyen kullanmadan kurmaya çalışıyor.,,,12 açık uçlu sorudan oluşan denklemler başarı testi; cevaplar doğru/hata/kavram yanılgısı/boş olarak kodlanmış,Terazi modeliyle eşitliğin korunumunu kurma; bilinmeyeni harf dışı sembollerle de gösterme,YOK,1,1,s. 804,"K5: n=31 olduğu için güven 3 verilemez (100 eşiği). gorulme_orani = makalede yazan yüzde; TABANI o sorunun YANLIŞ cevapları, tüm örneklem değil — bu yüzden yüzdeler sorular arası karşılaştırılamaz, f değeri notta. Çalışma hata ile kavram yanılgısını ayrı kodluyor, K2 sorunu yok. Eşik: yalnız f>=3 olan yanılgılar satırlandı; f=1-2 olanlar alınmadı (n=31'de anlamsız). kazanim_kodu boş: makale kazanımı soru bazında eşlemiyor. Soru 6, f=3. K1: bu satır için yüzde okunamadı, yalnız f=3 verilmiş — oran sütunu boş bırakıldı. K5 DÜZELTME: oran olmadığı için güven 2'den 1'e indirildi.",M.7.2.2.2
MAKALE:10.30900/kafkasegt.1003487,"Altıntaş, Esra; İlgün, Şükrü; Uygun, Selin; Angay, Meltem",2021,Kafkas Üniversitesi,MAKALE,2018,7,31,Kars,Doğrusal denklemler,,Denklem kavramını kavrayamama,Öğrenci bilinmeyen ve değişken durumunu kavrayamadığı için soruyu denklem bağlamında düşünemiyor.,,%43.75,12 açık uçlu sorudan oluşan denklemler başarı testi; cevaplar doğru/hata/kavram yanılgısı/boş olarak kodlanmış,Terazi modeliyle eşitliğin korunumunu kurma; bilinmeyeni harf dışı sembollerle de gösterme,YOK,1,2,s. 809,"K5: n=31 olduğu için güven 3 verilemez (100 eşiği). gorulme_orani = makalede yazan yüzde; TABANI o sorunun YANLIŞ cevapları, tüm örneklem değil — bu yüzden yüzdeler sorular arası karşılaştırılamaz, f değeri notta. Çalışma hata ile kavram yanılgısını ayrı kodluyor, K2 sorunu yok. Eşik: yalnız f>=3 olan yanılgılar satırlandı; f=1-2 olanlar alınmadı (n=31'de anlamsız). kazanim_kodu boş: makale kazanımı soru bazında eşlemiyor. Soru 10, f=7. 10. soruda en yüksek yanılgı oranı.",M.8.2.2.1
MAKALE:10.29228/TurkishStudies.23295,"Cancan, Murat; Kalaç, Senem; Bilgin, Enes Abdurrahman; Yamaç, Kerem",2019,Van Yüzüncü Yıl Üniversitesi (ÇIKARIM),MAKALE,2013,7,515,Van,Doğrusal denklemler,,Eksene uzaklığın negatif olabileceğini sanma,Öğrenci koordinat sisteminde bir noktanın eksene uzaklığını negatif bir değer olarak veriyor; mutlak değer kavramını uygulamıyor.,,%11.7,"8 maddelik çoktan seçmeli Teşhis Testi (ortalama güçlük 0,51; ortalama ayırt edicilik 0,57)",Koordinat sisteminde nokta-eksen ilişkisini somut ölçümle kurma; tablo-grafik-denklem geçişlerini birlikte çalıştırma,YOK,3,3,s. 1177-1178,"gorulme_orani = o çeldiriciyi işaretleyen öğrencilerin tüm örnekleme (n=515) oranı; sayı frekans tablosundan alındı, yorum cümlesiyle karşılaştırılarak teyit edildi. kazanim_kodu boş: makale kazanımı 2013 programı metniyle veriyor, 2018 kodunu yazmıyor — kod lgs_kazanim_tahmini sütununda. ⚠ KAYNAK TUTARSIZLIĞI: makalenin yorum cümlelerinde şık harfleri ve bazı yüzdeler frekans tablosuyla çelişiyor (ör. 1. maddede tabloda B=%11.3 iken yorumda C=%11.3; 3. ve 4. maddede yorumda D için %23.1 yazıyor ama tablolarda %25.8 ve %6.4). Bu satırdaki değer FREKANS TABLOSUNDAN alındı. Teşhis Testi 1. madde. Makale bunu tam sayılar/mutlak değer konusundan taşınan bir yanılgı olarak yorumluyor. | universite (2026-08-27 eklendi, ÇIKARIM): Van Yüzüncü Yıl Üniversitesi — makalede kurum yazılı değil. Dayanak: birinci yazar Murat Cancan YYÜ Eğitim Fak. Matematik Eğitimi öğretim üyesi (avesis.yyu.edu.tr); çalışma Van ilinde yürütülmüş. Diğer üç yazarın (Kalaç, Bilgin, Yamaç) kurumu doğrulanamadı.",M.8.2.2.2
MAKALE:10.29228/TurkishStudies.23295,"Cancan, Murat; Kalaç, Senem; Bilgin, Enes Abdurrahman; Yamaç, Kerem",2019,Van Yüzüncü Yıl Üniversitesi (ÇIKARIM),MAKALE,2013,7,515,Van,Doğrusal denklemler,,Eksen ile uzaklık ilişkisini kuramama,Öğrenci sıralı ikilileri doğru okuyabildiği hâlde eksen kavramı ile noktanın uzaklığı arasındaki ilişkiyi kuramıyor.,,%34.4,"8 maddelik çoktan seçmeli Teşhis Testi (ortalama güçlük 0,51; ortalama ayırt edicilik 0,57)",Koordinat sisteminde nokta-eksen ilişkisini somut ölçümle kurma; tablo-grafik-denklem geçişlerini birlikte çalıştırma,YOK,1,3,s. 1177-1178,"gorulme_orani = o çeldiriciyi işaretleyen öğrencilerin tüm örnekleme (n=515) oranı; sayı frekans tablosundan alındı, yorum cümlesiyle karşılaştırılarak teyit edildi. kazanim_kodu boş: makale kazanımı 2013 programı metniyle veriyor, 2018 kodunu yazmıyor — kod lgs_kazanim_tahmini sütununda. ⚠ KAYNAK TUTARSIZLIĞI: makalenin yorum cümlelerinde şık harfleri ve bazı yüzdeler frekans tablosuyla çelişiyor (ör. 1. maddede tabloda B=%11.3 iken yorumda C=%11.3; 3. ve 4. maddede yorumda D için %23.1 yazıyor ama tablolarda %25.8 ve %6.4). Bu satırdaki değer FREKANS TABLOSUNDAN alındı. Teşhis Testi 1. madde. 1. maddenin en yaygın yanlış şıkkı; örneklemin üçte biri. | universite (2026-08-27 eklendi, ÇIKARIM): Van Yüzüncü Yıl Üniversitesi — makalede kurum yazılı değil. Dayanak: birinci yazar Murat Cancan YYÜ Eğitim Fak. Matematik Eğitimi öğretim üyesi (avesis.yyu.edu.tr); çalışma Van ilinde yürütülmüş. Diğer üç yazarın (Kalaç, Bilgin, Yamaç) kurumu doğrulanamadı.",M.8.2.2.2
MAKALE:10.29228/TurkishStudies.23295,"Cancan, Murat; Kalaç, Senem; Bilgin, Enes Abdurrahman; Yamaç, Kerem",2019,Van Yüzüncü Yıl Üniversitesi (ÇIKARIM),MAKALE,2013,7,515,Van,Doğrusal denklemler,,Sıralı ikilileri ondalık sayıyla karıştırma,Öğrenci sıralı ikiliyi bir ondalık sayı gibi okuyor ve şıklar arasından en küçük ondalık sayıyı seçiyor.,,%23.1,"8 maddelik çoktan seçmeli Teşhis Testi (ortalama güçlük 0,51; ortalama ayırt edicilik 0,57)",Koordinat sisteminde nokta-eksen ilişkisini somut ölçümle kurma; tablo-grafik-denklem geçişlerini birlikte çalıştırma,YOK,1,3,s. 1178-1179,"gorulme_orani = o çeldiriciyi işaretleyen öğrencilerin tüm örnekleme (n=515) oranı; sayı frekans tablosundan alındı, yorum cümlesiyle karşılaştırılarak teyit edildi. kazanim_kodu boş: makale kazanımı 2013 programı metniyle veriyor, 2018 kodunu yazmıyor — kod lgs_kazanim_tahmini sütununda. ⚠ KAYNAK TUTARSIZLIĞI: makalenin yorum cümlelerinde şık harfleri ve bazı yüzdeler frekans tablosuyla çelişiyor (ör. 1. maddede tabloda B=%11.3 iken yorumda C=%11.3; 3. ve 4. maddede yorumda D için %23.1 yazıyor ama tablolarda %25.8 ve %6.4). Bu satırdaki değer FREKANS TABLOSUNDAN alındı. Teşhis Testi 2. madde. Virgüllü gösterimin iki farklı anlamı ayırt edilemiyor. | universite (2026-08-27 eklendi, ÇIKARIM): Van Yüzüncü Yıl Üniversitesi — makalede kurum yazılı değil. Dayanak: birinci yazar Murat Cancan YYÜ Eğitim Fak. Matematik Eğitimi öğretim üyesi (avesis.yyu.edu.tr); çalışma Van ilinde yürütülmüş. Diğer üç yazarın (Kalaç, Bilgin, Yamaç) kurumu doğrulanamadı.",M.8.2.2.2
MAKALE:10.29228/TurkishStudies.23295,"Cancan, Murat; Kalaç, Senem; Bilgin, Enes Abdurrahman; Yamaç, Kerem",2019,Van Yüzüncü Yıl Üniversitesi (ÇIKARIM),MAKALE,2013,7,515,Van,Doğrusal denklemler,,Sıralı ikilileri tam sayı işlemiyle birleştirme,Öğrenci sıralı ikili sorusunu tam sayılar konusundaki işlem alışkanlığıyla çözmeye çalışıyor.,,%21.6,"8 maddelik çoktan seçmeli Teşhis Testi (ortalama güçlük 0,51; ortalama ayırt edicilik 0,57)",Koordinat sisteminde nokta-eksen ilişkisini somut ölçümle kurma; tablo-grafik-denklem geçişlerini birlikte çalıştırma,YOK,3,3,s. 1179-1180,"gorulme_orani = o çeldiriciyi işaretleyen öğrencilerin tüm örnekleme (n=515) oranı; sayı frekans tablosundan alındı, yorum cümlesiyle karşılaştırılarak teyit edildi. kazanim_kodu boş: makale kazanımı 2013 programı metniyle veriyor, 2018 kodunu yazmıyor — kod lgs_kazanim_tahmini sütununda. ⚠ KAYNAK TUTARSIZLIĞI: makalenin yorum cümlelerinde şık harfleri ve bazı yüzdeler frekans tablosuyla çelişiyor (ör. 1. maddede tabloda B=%11.3 iken yorumda C=%11.3; 3. ve 4. maddede yorumda D için %23.1 yazıyor ama tablolarda %25.8 ve %6.4). Bu satırdaki değer FREKANS TABLOSUNDAN alındı. Teşhis Testi 3. madde. | universite (2026-08-27 eklendi, ÇIKARIM): Van Yüzüncü Yıl Üniversitesi — makalede kurum yazılı değil. Dayanak: birinci yazar Murat Cancan YYÜ Eğitim Fak. Matematik Eğitimi öğretim üyesi (avesis.yyu.edu.tr); çalışma Van ilinde yürütülmüş. Diğer üç yazarın (Kalaç, Bilgin, Yamaç) kurumu doğrulanamadı.",M.8.2.2.2
MAKALE:10.29228/TurkishStudies.23295,"Cancan, Murat; Kalaç, Senem; Bilgin, Enes Abdurrahman; Yamaç, Kerem",2019,Van Yüzüncü Yıl Üniversitesi (ÇIKARIM),MAKALE,2013,7,515,Van,Doğrusal denklemler,,Sıralı ikilide x ve y sırasını karıştırma,Öğrenci noktanın koordinatlarını yazarken apsis ile ordinatın yerini değiştiriyor.,,%11.7,"8 maddelik çoktan seçmeli Teşhis Testi (ortalama güçlük 0,51; ortalama ayırt edicilik 0,57)",Koordinat sisteminde nokta-eksen ilişkisini somut ölçümle kurma; tablo-grafik-denklem geçişlerini birlikte çalıştırma,YOK,1,3,s. 1180-1181,"gorulme_orani = o çeldiriciyi işaretleyen öğrencilerin tüm örnekleme (n=515) oranı; sayı frekans tablosundan alındı, yorum cümlesiyle karşılaştırılarak teyit edildi. kazanim_kodu boş: makale kazanımı 2013 programı metniyle veriyor, 2018 kodunu yazmıyor — kod lgs_kazanim_tahmini sütununda. ⚠ KAYNAK TUTARSIZLIĞI: makalenin yorum cümlelerinde şık harfleri ve bazı yüzdeler frekans tablosuyla çelişiyor (ör. 1. maddede tabloda B=%11.3 iken yorumda C=%11.3; 3. ve 4. maddede yorumda D için %23.1 yazıyor ama tablolarda %25.8 ve %6.4). Bu satırdaki değer FREKANS TABLOSUNDAN alındı. Teşhis Testi 4. madde. Makale yanlış işaretlenen üç şıkkın da aynı sıralama karışıklığından kaynaklandığını söylüyor. | universite (2026-08-27 eklendi, ÇIKARIM): Van Yüzüncü Yıl Üniversitesi — makalede kurum yazılı değil. Dayanak: birinci yazar Murat Cancan YYÜ Eğitim Fak. Matematik Eğitimi öğretim üyesi (avesis.yyu.edu.tr); çalışma Van ilinde yürütülmüş. Diğer üç yazarın (Kalaç, Bilgin, Yamaç) kurumu doğrulanamadı.",M.8.2.2.2
MAKALE:10.29228/TurkishStudies.23295,"Cancan, Murat; Kalaç, Senem; Bilgin, Enes Abdurrahman; Yamaç, Kerem",2019,Van Yüzüncü Yıl Üniversitesi (ÇIKARIM),MAKALE,2013,7,515,Van,Doğrusal denklemler,,Yanlış deneyimi doğrusal denkleme aktarma,Öğrenci denklemler ve tam sayılar konusundaki mevcut yanılgılarını doğrusal denklem sorusuna taşıyor.,,%21,"8 maddelik çoktan seçmeli Teşhis Testi (ortalama güçlük 0,51; ortalama ayırt edicilik 0,57)",Koordinat sisteminde nokta-eksen ilişkisini somut ölçümle kurma; tablo-grafik-denklem geçişlerini birlikte çalıştırma,YOK,3,3,s. 1181-1182,"gorulme_orani = o çeldiriciyi işaretleyen öğrencilerin tüm örnekleme (n=515) oranı; sayı frekans tablosundan alındı, yorum cümlesiyle karşılaştırılarak teyit edildi. kazanim_kodu boş: makale kazanımı 2013 programı metniyle veriyor, 2018 kodunu yazmıyor — kod lgs_kazanim_tahmini sütununda. ⚠ KAYNAK TUTARSIZLIĞI: makalenin yorum cümlelerinde şık harfleri ve bazı yüzdeler frekans tablosuyla çelişiyor (ör. 1. maddede tabloda B=%11.3 iken yorumda C=%11.3; 3. ve 4. maddede yorumda D için %23.1 yazıyor ama tablolarda %25.8 ve %6.4). Bu satırdaki değer FREKANS TABLOSUNDAN alındı. Teşhis Testi 5. madde. | universite (2026-08-27 eklendi, ÇIKARIM): Van Yüzüncü Yıl Üniversitesi — makalede kurum yazılı değil. Dayanak: birinci yazar Murat Cancan YYÜ Eğitim Fak. Matematik Eğitimi öğretim üyesi (avesis.yyu.edu.tr); çalışma Van ilinde yürütülmüş. Diğer üç yazarın (Kalaç, Bilgin, Yamaç) kurumu doğrulanamadı.",M.8.2.2.3
MAKALE:10.29228/TurkishStudies.23295,"Cancan, Murat; Kalaç, Senem; Bilgin, Enes Abdurrahman; Yamaç, Kerem",2019,Van Yüzüncü Yıl Üniversitesi (ÇIKARIM),MAKALE,2013,7,515,Van,Doğrusal denklemler,,Tablodan denkleme geçememe,"Öğrenci tabloda verilen x-y ilişkisini doğrusal denkleme çeviremiyor; denklem, tam sayı ve grafik okuma bilgisi eksik kalıyor.","x: -2,-1,0,1,2 · y: -7,-4,-1,2,5 tablosunda y=3x-1 yerine y=3x+1 seçme",%23.7,"8 maddelik çoktan seçmeli Teşhis Testi (ortalama güçlük 0,51; ortalama ayırt edicilik 0,57)",Koordinat sisteminde nokta-eksen ilişkisini somut ölçümle kurma; tablo-grafik-denklem geçişlerini birlikte çalıştırma,YOK,3,3,s. 1183,"gorulme_orani = o çeldiriciyi işaretleyen öğrencilerin tüm örnekleme (n=515) oranı; sayı frekans tablosundan alındı, yorum cümlesiyle karşılaştırılarak teyit edildi. kazanim_kodu boş: makale kazanımı 2013 programı metniyle veriyor, 2018 kodunu yazmıyor — kod lgs_kazanim_tahmini sütununda. ⚠ KAYNAK TUTARSIZLIĞI: makalenin yorum cümlelerinde şık harfleri ve bazı yüzdeler frekans tablosuyla çelişiyor (ör. 1. maddede tabloda B=%11.3 iken yorumda C=%11.3; 3. ve 4. maddede yorumda D için %23.1 yazıyor ama tablolarda %25.8 ve %6.4). Bu satırdaki değer FREKANS TABLOSUNDAN alındı. Teşhis Testi 6. madde. | universite (2026-08-27 eklendi, ÇIKARIM): Van Yüzüncü Yıl Üniversitesi — makalede kurum yazılı değil. Dayanak: birinci yazar Murat Cancan YYÜ Eğitim Fak. Matematik Eğitimi öğretim üyesi (avesis.yyu.edu.tr); çalışma Van ilinde yürütülmüş. Diğer üç yazarın (Kalaç, Bilgin, Yamaç) kurumu doğrulanamadı.",M.8.2.2.3
MAKALE:10.29228/TurkishStudies.23295,"Cancan, Murat; Kalaç, Senem; Bilgin, Enes Abdurrahman; Yamaç, Kerem",2019,Van Yüzüncü Yıl Üniversitesi (ÇIKARIM),MAKALE,2013,7,515,Van,Doğrusal denklemler,,Grafikten doğrunun denklemini yazamama,Öğrenci verilen doğrunun grafiğinden denklemini kuramıyor; doğrusal denklem kavramında hem güçlük hem yanılgı taşıyor.,,%44.5,"8 maddelik çoktan seçmeli Teşhis Testi (ortalama güçlük 0,51; ortalama ayırt edicilik 0,57)",Koordinat sisteminde nokta-eksen ilişkisini somut ölçümle kurma; tablo-grafik-denklem geçişlerini birlikte çalıştırma,YOK,1,3,s. 1184,"gorulme_orani = o çeldiriciyi işaretleyen öğrencilerin tüm örnekleme (n=515) oranı; sayı frekans tablosundan alındı, yorum cümlesiyle karşılaştırılarak teyit edildi. kazanim_kodu boş: makale kazanımı 2013 programı metniyle veriyor, 2018 kodunu yazmıyor — kod lgs_kazanim_tahmini sütununda. ⚠ KAYNAK TUTARSIZLIĞI: makalenin yorum cümlelerinde şık harfleri ve bazı yüzdeler frekans tablosuyla çelişiyor (ör. 1. maddede tabloda B=%11.3 iken yorumda C=%11.3; 3. ve 4. maddede yorumda D için %23.1 yazıyor ama tablolarda %25.8 ve %6.4). Bu satırdaki değer FREKANS TABLOSUNDAN alındı. Teşhis Testi 7. madde. ÇALIŞMANIN EN YÜKSEK YANLIŞ ORANI. 7. maddeyi yalnız %17.5 doğru yanıtlamış — testin en zor maddesi. | universite (2026-08-27 eklendi, ÇIKARIM): Van Yüzüncü Yıl Üniversitesi — makalede kurum yazılı değil. Dayanak: birinci yazar Murat Cancan YYÜ Eğitim Fak. Matematik Eğitimi öğretim üyesi (avesis.yyu.edu.tr); çalışma Van ilinde yürütülmüş. Diğer üç yazarın (Kalaç, Bilgin, Yamaç) kurumu doğrulanamadı.",M.8.2.2.4
MAKALE:10.29228/TurkishStudies.23295,"Cancan, Murat; Kalaç, Senem; Bilgin, Enes Abdurrahman; Yamaç, Kerem",2019,Van Yüzüncü Yıl Üniversitesi (ÇIKARIM),MAKALE,2013,7,515,Van,Doğrusal denklemler,,Eksene uzaklıkta koordinatı karıştırma,Öğrenci bir noktanın x eksenine uzaklığını sorulduğunda apsis değerini veriyor.,"K(7,−5) noktasının x eksenine uzaklığı için 7 seçme",%24.3,"8 maddelik çoktan seçmeli Teşhis Testi (ortalama güçlük 0,51; ortalama ayırt edicilik 0,57)",Koordinat sisteminde nokta-eksen ilişkisini somut ölçümle kurma; tablo-grafik-denklem geçişlerini birlikte çalıştırma,YOK,1,3,s. 1184-1185,"gorulme_orani = o çeldiriciyi işaretleyen öğrencilerin tüm örnekleme (n=515) oranı; sayı frekans tablosundan alındı, yorum cümlesiyle karşılaştırılarak teyit edildi. kazanim_kodu boş: makale kazanımı 2013 programı metniyle veriyor, 2018 kodunu yazmıyor — kod lgs_kazanim_tahmini sütununda. ⚠ KAYNAK TUTARSIZLIĞI: makalenin yorum cümlelerinde şık harfleri ve bazı yüzdeler frekans tablosuyla çelişiyor (ör. 1. maddede tabloda B=%11.3 iken yorumda C=%11.3; 3. ve 4. maddede yorumda D için %23.1 yazıyor ama tablolarda %25.8 ve %6.4). Bu satırdaki değer FREKANS TABLOSUNDAN alındı. Teşhis Testi 8. madde. | universite (2026-08-27 eklendi, ÇIKARIM): Van Yüzüncü Yıl Üniversitesi — makalede kurum yazılı değil. Dayanak: birinci yazar Murat Cancan YYÜ Eğitim Fak. Matematik Eğitimi öğretim üyesi (avesis.yyu.edu.tr); çalışma Van ilinde yürütülmüş. Diğer üç yazarın (Kalaç, Bilgin, Yamaç) kurumu doğrulanamadı.",M.8.2.2.2
MAKALE:JIDE-3-2-2021,"Şahin, Handenur; Masal, Melek",2021,Sakarya Üniversitesi,MAKALE,2018,7,71,,Cebirsel ifadeler ve özdeşlikler,,Cebirsel ifadeyi denklemle karıştırma,Öğrenci cebirsel ifadeyi 'bilinmeyeni bulma' ve 'eşittir işareti içeren' bir şey olarak tanımlıyor; ifade ile denklemi aynı şey sayıyor.,"""Cebirsel ifadeyi bilinmeyeni bulma olarak düşünüyorum."" · ""Cebirsel ifadede bence bir bilinmeyen ve eşittir işareti vardır.""",%35,Açık uçlu kavram tanımı ve örnek verme soruları (kavram imajı incelemesi),Kavramsal öğretimi işlemsel öğretimin önüne alma; tanım ile örneği birlikte çalıştırma,YOK,1,2,s. 82,"K5: güven 2 — yüzdenin TABANI tüm örneklem (71) değil, o soruda tanım yapabilen öğrenci sayısı (cebirsel ifade için 26, denklem için 24). 71 öğrenciden 34'ü cebirsel ifade, 47'si denklem kavramının tanımını hiç yapamamış. kazanim_kodu boş: makale kazanım kodu vermiyor. Yazarlar bu kategoriyi doğrudan 'yanlış veya eksik kavram imajı' olarak niteliyor: ""Öğrenciler cebirsel ifade kavramını denklem kavramı ile karıştırıp bilinmeyeni bulma olarak düşündüklerinden"". f=9.",M.8.2.1.1
MAKALE:JIDE-3-2-2021,"Şahin, Handenur; Masal, Melek",2021,Sakarya Üniversitesi,MAKALE,2018,7,71,,Cebirsel ifadeler ve özdeşlikler,,Cebirsel ifadeyi harf-sayı yanyanalığı sanma,Öğrenci cebirsel ifadeyi yalnızca bir harf ile bir sayının yan yana bulunması olarak görüyor; işlem boyutunu dışarıda bırakıyor.,"""Cebirsel ifade, herhangi bir sayının yanında x, y, z, a gibi harf olmasıdır.""",%23,Açık uçlu kavram tanımı ve örnek verme soruları (kavram imajı incelemesi),Kavramsal öğretimi işlemsel öğretimin önüne alma; tanım ile örneği birlikte çalıştırma,YOK,1,2,s. 82,"K5: güven 2 — yüzdenin TABANI tüm örneklem (71) değil, o soruda tanım yapabilen öğrenci sayısı (cebirsel ifade için 26, denklem için 24). 71 öğrenciden 34'ü cebirsel ifade, 47'si denklem kavramının tanımını hiç yapamamış. kazanim_kodu boş: makale kazanım kodu vermiyor. Yazarlar: ""cebirsel ifade kavramına ait imajlarının eksik olduğu görülmektedir"". f=6.",M.8.2.1.1
MAKALE:JIDE-3-2-2021,"Şahin, Handenur; Masal, Melek",2021,Sakarya Üniversitesi,MAKALE,2018,7,71,,Doğrusal denklemler,,İfade ile denklemi birbirinin yerine kullanma,"Öğrenci cebirsel ifade yerine denklem, denklem yerine cebirsel ifade kavramını kullanıyor; iki kavramı ayırt etmiyor.",,,Açık uçlu kavram tanımı ve örnek verme soruları (kavram imajı incelemesi),Kavramsal öğretimi işlemsel öğretimin önüne alma; tanım ile örneği birlikte çalıştırma,YOK,1,1,s. 87,"K5: güven 2 — yüzdenin TABANI tüm örneklem (71) değil, o soruda tanım yapabilen öğrenci sayısı (cebirsel ifade için 26, denklem için 24). 71 öğrenciden 34'ü cebirsel ifade, 47'si denklem kavramının tanımını hiç yapamamış. kazanim_kodu boş: makale kazanım kodu vermiyor. K1: makale bu genel bulguya nicel oran vermiyor — oran sütunu boş, güven 1. Yazarların kendi ifadesi: ""öğrencilerin pratikte ve teoride çoğu zaman cebirsel ifadenin yerine denklem ya da denklemin yerine cebirsel ifade kavramını kullandıkları ortaya çıkarılmıştır"". Ayrıca 71 öğrencinin 17'si denkleme yanlış örnek vermiş, 34'ü hiç örnek verememiş (Tablo 6, s. 85).",M.8.2.2.1
MAKALE:HUEFD-31-2006,"Akkaya, Recai; Durmuş, Soner",2006,Abant İzzet Baysal Üniversitesi,MAKALE,2005 ÖNCESİ,8,120,Bolu,Cebirsel ifadeler ve özdeşlikler,,Harflerin cebirde anlamı olmadığını sanma,Öğrenci cebirdeki harfleri anlamsız semboller olarak görüyor ve harfli ifadelere anlam yüklemiyor.,,%16.04,30 soruluk çoktan seçmeli Cebir Testi (Perso 1992'den uyarlama; alfa=0.74),Harflerin bağlama göre farklı anlamlar kazandığını somut örneklerle gösterme,YOK,1,3,s. 6 (Tablo 1),"Perso (1992) listesindeki 1. yanılgı. Sınıf kırılımı: 6.sf %19.41, 7.sf %17, 8.sf %16.04. Toplam örneklem 280 (85+75+120); satırdaki n 8. sınıfa ait. | mufredat_donemi (2026-08-27 denetiminde dolduruldu): 2005 ONCESI. Veri toplama yili makalede YAZILI DEGIL. Cikarim su kisittan kapali: yayin yili 2006, oysa 8. sinif 2005 programina ancak 2008-2009'da gecti; dolayisiyla veri 2005 programi ORTAOKULA ULASMADAN toplandi. Hangi onceki programa (1998 vb.) denk dustugu DOGRULANMADI.",M.8.2.1.1
MAKALE:HUEFD-31-2006,"Akkaya, Recai; Durmuş, Soner",2006,Abant İzzet Baysal Üniversitesi,MAKALE,2005 ÖNCESİ,8,120,Bolu,Cebirsel ifadeler ve özdeşlikler,,Harfleri alfabedeki gibi sıralı sanma,Öğrenci cebirdeki harflerin alfabetik sıra izlediğini düşünüyor.,,%35,30 soruluk çoktan seçmeli Cebir Testi (Perso 1992'den uyarlama; alfa=0.74),Harflerin bağlama göre farklı anlamlar kazandığını somut örneklerle gösterme,YOK,1,3,s. 6 (Tablo 1),"Perso listesindeki 2. yanılgı. Sınıf kırılımı: 6.sf %11.76, 7.sf %10.66, 8.sf %35 — sınıf ilerledikçe ARTIYOR, yazarlar bu artışa açıklama getirmiyor. | mufredat_donemi (2026-08-27 denetiminde dolduruldu): 2005 ONCESI. Veri toplama yili makalede YAZILI DEGIL. Cikarim su kisittan kapali: yayin yili 2006, oysa 8. sinif 2005 programina ancak 2008-2009'da gecti; dolayisiyla veri 2005 programi ORTAOKULA ULASMADAN toplandi. Hangi onceki programa (1998 vb.) denk dustugu DOGRULANMADI.",M.8.2.1.1
MAKALE:HUEFD-31-2006,"Akkaya, Recai; Durmuş, Soner",2006,Abant İzzet Baysal Üniversitesi,MAKALE,2005 ÖNCESİ,8,120,Bolu,Cebirsel ifadeler ve özdeşlikler,,Harfin alfabedeki sırasını değeri sanma,"Öğrenci bir harfin sayısal değerini, o harfin alfabedeki sıra numarası olarak kabul ediyor.","""c"" harfi alfabede üçüncü harf olduğu için 3'e eşittir; ""f"" harfi yedinci harf olduğu için 7'ye eşittir.",%45,30 soruluk çoktan seçmeli Cebir Testi (Perso 1992'den uyarlama; alfa=0.74),Harflerin bağlama göre farklı anlamlar kazandığını somut örneklerle gösterme,YOK,1,3,s. 5-6 (metin + Tablo 1),"Perso listesindeki 3. yanılgı. Çalışmanın en yaygın bulgusu. Sınıf kırılımı: 6.sf %45.3, 7.sf %48, 8.sf %45 — üç sınıfta da değişmiyor. | mufredat_donemi (2026-08-27 denetiminde dolduruldu): 2005 ONCESI. Veri toplama yili makalede YAZILI DEGIL. Cikarim su kisittan kapali: yayin yili 2006, oysa 8. sinif 2005 programina ancak 2008-2009'da gecti; dolayisiyla veri 2005 programi ORTAOKULA ULASMADAN toplandi. Hangi onceki programa (1998 vb.) denk dustugu DOGRULANMADI.",M.8.2.1.1
MAKALE:HUEFD-31-2006,"Akkaya, Recai; Durmuş, Soner",2006,Abant İzzet Baysal Üniversitesi,MAKALE,2005 ÖNCESİ,8,120,Bolu,Cebirsel ifadeler ve özdeşlikler,,Tek kalan harfi 1'e eşit sanma,Öğrenci katsayısı yazılmamış bir harfin değerinin 1 olduğunu düşünüyor.,,%9.5,30 soruluk çoktan seçmeli Cebir Testi (Perso 1992'den uyarlama; alfa=0.74),Harflerin bağlama göre farklı anlamlar kazandığını somut örneklerle gösterme,YOK,1,3,s. 6 (Tablo 1),"Perso listesindeki 4. yanılgı. Sınıf kırılımı: 6.sf %24.41, 7.sf %23.33, 8.sf %9.5. | mufredat_donemi (2026-08-27 denetiminde dolduruldu): 2005 ONCESI. Veri toplama yili makalede YAZILI DEGIL. Cikarim su kisittan kapali: yayin yili 2006, oysa 8. sinif 2005 programina ancak 2008-2009'da gecti; dolayisiyla veri 2005 programi ORTAOKULA ULASMADAN toplandi. Hangi onceki programa (1998 vb.) denk dustugu DOGRULANMADI.",M.8.2.1.1
MAKALE:HUEFD-31-2006,"Akkaya, Recai; Durmuş, Soner",2006,Abant İzzet Baysal Üniversitesi,MAKALE,2005 ÖNCESİ,8,120,Bolu,Cebirsel ifadeler ve özdeşlikler,,Her harfin tek bir değeri olduğunu sanma,Öğrenci bir harfin bir soruda aldığı değerin bütün sorularda aynı kalacağını düşünüyor.,,%11.66,30 soruluk çoktan seçmeli Cebir Testi (Perso 1992'den uyarlama; alfa=0.74),Harflerin bağlama göre farklı anlamlar kazandığını somut örneklerle gösterme,YOK,1,3,s. 6 (Tablo 1),"Perso listesindeki 5. yanılgı. Sınıf kırılımı: 6.sf %28.82, 7.sf %10, 8.sf %11.66. | mufredat_donemi (2026-08-27 denetiminde dolduruldu): 2005 ONCESI. Veri toplama yili makalede YAZILI DEGIL. Cikarim su kisittan kapali: yayin yili 2006, oysa 8. sinif 2005 programina ancak 2008-2009'da gecti; dolayisiyla veri 2005 programi ORTAOKULA ULASMADAN toplandi. Hangi onceki programa (1998 vb.) denk dustugu DOGRULANMADI.",M.8.2.1.1
MAKALE:HUEFD-31-2006,"Akkaya, Recai; Durmuş, Soner",2006,Abant İzzet Baysal Üniversitesi,MAKALE,2005 ÖNCESİ,8,120,Bolu,Cebirsel ifadeler ve özdeşlikler,,Harflerin yalnızca rakam olabileceğini sanma,"Öğrenci yan yana yazılmış iki harfi iki basamaklı bir sayı gibi okuyor, harflerin rakam dışı değer alamayacağını düşünüyor.",xy = 8 eşitliğinin doğru olamayacağını düşünme (ab'yi iki basamaklı sayı sanma),%23.33,30 soruluk çoktan seçmeli Cebir Testi (Perso 1992'den uyarlama; alfa=0.74),Çarpım biçimindeki gösterimi (3a = 3 çarpı a) açıkça vurgulama,YOK,2,3,s. 5-7 (metin + Tablo 1),"Perso listesindeki 6. yanılgı. Sınıf kırılımı: 6.sf %31.76, 7.sf %24.66, 8.sf %23.33. Yazarlar nedenini öğretim uygulamasına bağlıyor (bölünebilme kurallarında 3a'nın iki basamaklı sayı gibi kullanılması) — bu yüzden basamak 2. | mufredat_donemi (2026-08-27 denetiminde dolduruldu): 2005 ONCESI. Veri toplama yili makalede YAZILI DEGIL. Cikarim su kisittan kapali: yayin yili 2006, oysa 8. sinif 2005 programina ancak 2008-2009'da gecti; dolayisiyla veri 2005 programi ORTAOKULA ULASMADAN toplandi. Hangi onceki programa (1998 vb.) denk dustugu DOGRULANMADI.",M.8.2.1.1
MAKALE:HUEFD-31-2006,"Akkaya, Recai; Durmuş, Soner",2006,Abant İzzet Baysal Üniversitesi,MAKALE,2005 ÖNCESİ,8,120,Bolu,Cebirsel ifadeler ve özdeşlikler,,Harflerin nesneleri gösterdiğini sanma,Öğrenci harfi bir nesnenin kısaltması olarak okuyor ve katsayıyı o nesnenin adedi sanıyor.,2m+3n ifadesini 2 muz ve 3 nar olarak okuma,%8.55,30 soruluk çoktan seçmeli Cebir Testi (Perso 1992'den uyarlama; alfa=0.74),"Katsayıyı ""çarpı nesnelerin sayısı"" olarak okutma; farklı değişkenlerin toplanamayacağını gösterme",YOK,2,3,s. 6-7 (Tablo 1 + tartışma),"Perso listesindeki 7. yanılgı. Sınıf kırılımı: 6.sf %11.52, 7.sf %14.4, 8.sf %8.55. Yazarlar tartışma bölümünde bu yanılgıyı öğretimdeki ""2 armut 5 ceviz"" kısayoluna bağlıyor. | mufredat_donemi (2026-08-27 denetiminde dolduruldu): 2005 ONCESI. Veri toplama yili makalede YAZILI DEGIL. Cikarim su kisittan kapali: yayin yili 2006, oysa 8. sinif 2005 programina ancak 2008-2009'da gecti; dolayisiyla veri 2005 programi ORTAOKULA ULASMADAN toplandi. Hangi onceki programa (1998 vb.) denk dustugu DOGRULANMADI.",M.8.2.1.1
MAKALE:HUEFD-31-2006,"Akkaya, Recai; Durmuş, Soner",2006,Abant İzzet Baysal Üniversitesi,MAKALE,2005 ÖNCESİ,8,120,Bolu,Cebirsel ifadeler ve özdeşlikler,,Harflerin sayılar gibi davranmadığını sanma,Öğrenci harflerin sayılarla aynı işlem kurallarına tabi olmadığını düşünüyor.,x + y + z = x + t + z eşitliğinde y'nin hiçbir zaman t'ye eşit olamayacağını düşünme,%6.66,30 soruluk çoktan seçmeli Cebir Testi (Perso 1992'den uyarlama; alfa=0.74),Harflerle sayılar gibi işlem yapılabildiğini somut modellerle gösterme,YOK,1,3,s. 6 (Tablo 1),"Perso listesindeki 8. yanılgı. Sınıf kırılımı: 6.sf %25.29, 7.sf %18, 8.sf %6.66 — sınıf ilerledikçe belirgin azalma. | mufredat_donemi (2026-08-27 denetiminde dolduruldu): 2005 ONCESI. Veri toplama yili makalede YAZILI DEGIL. Cikarim su kisittan kapali: yayin yili 2006, oysa 8. sinif 2005 programina ancak 2008-2009'da gecti; dolayisiyla veri 2005 programi ORTAOKULA ULASMADAN toplandi. Hangi onceki programa (1998 vb.) denk dustugu DOGRULANMADI.",M.8.2.1.1
MAKALE:HUEFD-31-2006,"Akkaya, Recai; Durmuş, Soner",2006,Abant İzzet Baysal Üniversitesi,MAKALE,2005 ÖNCESİ,8,120,Bolu,Cebirsel ifadeler ve özdeşlikler,,Artı ve eşittir işaretinin sonuç üretmesini bekleme,Öğrenci cebirsel bir ifadeyi bitmemiş bir işlem sayıyor ve mutlaka tek terimli bir sonuca indirgemeye çalışıyor.,2+a = 2a,%24.5,30 soruluk çoktan seçmeli Cebir Testi (Perso 1992'den uyarlama; alfa=0.74),Eşitliği denge olarak tanıtan modeller (terazi) kullanma,YOK,3,3,s. 6 (Tablo 2),"Perso listesindeki 9. yanılgı. Sınıf kırılımı: 7.sf %32.8 · 8.sf %24.5. Tablo 2 yalnız 7 ve 8. sınıfa uygulanmış. | mufredat_donemi (2026-08-27 denetiminde dolduruldu): 2005 ONCESI. Veri toplama yili makalede YAZILI DEGIL. Cikarim su kisittan kapali: yayin yili 2006, oysa 8. sinif 2005 programina ancak 2008-2009'da gecti; dolayisiyla veri 2005 programi ORTAOKULA ULASMADAN toplandi. Hangi onceki programa (1998 vb.) denk dustugu DOGRULANMADI.",M.7.2.2.1
MAKALE:HUEFD-31-2006,"Akkaya, Recai; Durmuş, Soner",2006,Abant İzzet Baysal Üniversitesi,MAKALE,2005 ÖNCESİ,8,120,Bolu,Cebirsel ifadeler ve özdeşlikler,,İşlem önceliğini dikkate almama,Öğrenci işlemlere kendine kolay gelen yerden başlıyor ve işlem önceliği kuralını uygulamıyor.,2 + 3 x 4 işleminde hangi işlemin önce yapıldığının sonucu değiştirmediğini düşünme,%56.66,30 soruluk çoktan seçmeli Cebir Testi (Perso 1992'den uyarlama; alfa=0.74),İşlem önceliği kuralını cebire geçmeden aritmetikte pekiştirme,YOK,3,3,s. 6 (metin + Tablo 2),"Perso listesindeki 10. yanılgı. Çalışmadaki EN YÜKSEK oran. Sınıf kırılımı: 7.sf %50.66 · 8.sf %56.66 — 8. sınıfta artıyor. | mufredat_donemi (2026-08-27 denetiminde dolduruldu): 2005 ONCESI. Veri toplama yili makalede YAZILI DEGIL. Cikarim su kisittan kapali: yayin yili 2006, oysa 8. sinif 2005 programina ancak 2008-2009'da gecti; dolayisiyla veri 2005 programi ORTAOKULA ULASMADAN toplandi. Hangi onceki programa (1998 vb.) denk dustugu DOGRULANMADI.",M.7.1.3.3
MAKALE:HUEFD-31-2006,"Akkaya, Recai; Durmuş, Soner",2006,Abant İzzet Baysal Üniversitesi,MAKALE,2005 ÖNCESİ,8,120,Bolu,Cebirsel ifadeler ve özdeşlikler,,Eşittir işaretini yalnız eylem sanma,Öğrenci eşittir işaretini iki taraf arasındaki denge yerine bir işlem yapma komutu olarak okuyor.,,%14.66,30 soruluk çoktan seçmeli Cebir Testi (Perso 1992'den uyarlama; alfa=0.74),Eşitliği denge olarak tanıtan modeller (terazi) kullanma,YOK,3,3,s. 6 (Tablo 2),"Perso listesindeki 11. yanılgı. Sınıf kırılımı: 7.sf %17.86 · 8.sf %14.66. | mufredat_donemi (2026-08-27 denetiminde dolduruldu): 2005 ONCESI. Veri toplama yili makalede YAZILI DEGIL. Cikarim su kisittan kapali: yayin yili 2006, oysa 8. sinif 2005 programina ancak 2008-2009'da gecti; dolayisiyla veri 2005 programi ORTAOKULA ULASMADAN toplandi. Hangi onceki programa (1998 vb.) denk dustugu DOGRULANMADI.",M.7.2.2.1
MAKALE:HUEFD-31-2006,"Akkaya, Recai; Durmuş, Soner",2006,Abant İzzet Baysal Üniversitesi,MAKALE,2005 ÖNCESİ,8,120,Bolu,Cebirsel ifadeler ve özdeşlikler,,Her zaman soldan sağa işlem yapılacağını sanma,Öğrenci matematikte işlemlerin daima soldan sağa sırayla yapıldığını düşünüyor.,,%8.33,30 soruluk çoktan seçmeli Cebir Testi (Perso 1992'den uyarlama; alfa=0.74),İşlem önceliği kuralını cebire geçmeden aritmetikte pekiştirme,YOK,3,3,s. 6 (Tablo 2),"Perso listesindeki 12. yanılgı. Sınıf kırılımı: 7.sf %17.33 · 8.sf %8.33. | mufredat_donemi (2026-08-27 denetiminde dolduruldu): 2005 ONCESI. Veri toplama yili makalede YAZILI DEGIL. Cikarim su kisittan kapali: yayin yili 2006, oysa 8. sinif 2005 programina ancak 2008-2009'da gecti; dolayisiyla veri 2005 programi ORTAOKULA ULASMADAN toplandi. Hangi onceki programa (1998 vb.) denk dustugu DOGRULANMADI.",M.7.1.3.3
MAKALE:HUEFD-31-2006,"Akkaya, Recai; Durmuş, Soner",2006,Abant İzzet Baysal Üniversitesi,MAKALE,2005 ÖNCESİ,8,120,Bolu,Cebirsel ifadeler ve özdeşlikler,,Parantezi önemsememe,Öğrenci parantezin işlem sırasını değiştirdiğini göz ardı ediyor ve parantezi dağıtmadan işlem yapıyor.,2(a+b) ifadesini 2a+b olarak yorumlama,%38.75,30 soruluk çoktan seçmeli Cebir Testi (Perso 1992'den uyarlama; alfa=0.74),İşlem önceliği ve parantez kullanımını somut örneklerle pekiştirme,YOK,3,3,s. 6 (metin + Tablo 2),"Perso listesindeki 13. yanılgı. Sınıf kırılımı: 7.sf %37.33 · 8.sf %38.75. #018'de bağımsız olarak tekrar görüldü (K4 - tekrar güç göstergesidir). | mufredat_donemi (2026-08-27 denetiminde dolduruldu): 2005 ONCESI. Veri toplama yili makalede YAZILI DEGIL. Cikarim su kisittan kapali: yayin yili 2006, oysa 8. sinif 2005 programina ancak 2008-2009'da gecti; dolayisiyla veri 2005 programi ORTAOKULA ULASMADAN toplandi. Hangi onceki programa (1998 vb.) denk dustugu DOGRULANMADI.",M.8.2.1.2
MAKALE:HUEFD-31-2006,"Akkaya, Recai; Durmuş, Soner",2006,Abant İzzet Baysal Üniversitesi,MAKALE,2005 ÖNCESİ,8,120,Bolu,Doğrusal denklemler,,Denklemin iki tarafına aynı işlemi uygulama,Öğrenci denklem çözerken karşı tarafta ters işlem yapmak yerine aynı işlemi tekrarlıyor.,,%20.14,30 soruluk çoktan seçmeli Cebir Testi (Perso 1992'den uyarlama; alfa=0.74),Terazi modeliyle eşitliğin korunumunu gösterme,YOK,3,3,s. 7 (metin + Tablo 3),"Perso listesindeki 14. yanılgı. Tablo 3 yalnız 8. sınıfa uygulanmış. | mufredat_donemi (2026-08-27 denetiminde dolduruldu): 2005 ONCESI. Veri toplama yili makalede YAZILI DEGIL. Cikarim su kisittan kapali: yayin yili 2006, oysa 8. sinif 2005 programina ancak 2008-2009'da gecti; dolayisiyla veri 2005 programi ORTAOKULA ULASMADAN toplandi. Hangi onceki programa (1998 vb.) denk dustugu DOGRULANMADI.",M.8.2.2.1
MAKALE:HUEFD-31-2006,"Akkaya, Recai; Durmuş, Soner",2006,Abant İzzet Baysal Üniversitesi,MAKALE,2005 ÖNCESİ,8,120,Bolu,Doğrusal denklemler,,Sayı değişken ve işareti ayrı düşünme,Öğrenci bir terimdeki sayıyı değişkeni ve işareti birbirinden bağımsız parçalar olarak ele alıyor.,,%10.83,30 soruluk çoktan seçmeli Cebir Testi (Perso 1992'den uyarlama; alfa=0.74),Terimi bütün olarak taşıma alıştırmaları,YOK,1,3,s. 7 (Tablo 3),"Perso listesindeki 15. yanılgı. Yalnız 8. sınıf verisi. | mufredat_donemi (2026-08-27 denetiminde dolduruldu): 2005 ONCESI. Veri toplama yili makalede YAZILI DEGIL. Cikarim su kisittan kapali: yayin yili 2006, oysa 8. sinif 2005 programina ancak 2008-2009'da gecti; dolayisiyla veri 2005 programi ORTAOKULA ULASMADAN toplandi. Hangi onceki programa (1998 vb.) denk dustugu DOGRULANMADI.",M.8.2.1.1
MAKALE:HUEFD-31-2006,"Akkaya, Recai; Durmuş, Soner",2006,Abant İzzet Baysal Üniversitesi,MAKALE,2005 ÖNCESİ,8,120,Bolu,Doğrusal denklemler,,Çıkarmanın değişme özelliği olduğunu sanma,Öğrenci çıkarma işleminde terimlerin yerinin değişebileceğini düşünüyor.,,%10.46,30 soruluk çoktan seçmeli Cebir Testi (Perso 1992'den uyarlama; alfa=0.74),Çıkarmada sıranın sonucu değiştirdiğini sayı doğrusunda gösterme,YOK,3,3,s. 7 (Tablo 3),"Perso listesindeki 16. yanılgı. Yalnız 8. sınıf verisi. | mufredat_donemi (2026-08-27 denetiminde dolduruldu): 2005 ONCESI. Veri toplama yili makalede YAZILI DEGIL. Cikarim su kisittan kapali: yayin yili 2006, oysa 8. sinif 2005 programina ancak 2008-2009'da gecti; dolayisiyla veri 2005 programi ORTAOKULA ULASMADAN toplandi. Hangi onceki programa (1998 vb.) denk dustugu DOGRULANMADI.",M.8.2.2.1
MAKALE:HUEFD-31-2006,"Akkaya, Recai; Durmuş, Soner",2006,Abant İzzet Baysal Üniversitesi,MAKALE,2005 ÖNCESİ,8,120,Bolu,Doğrusal denklemler,,Ters işlemleri gereksiz görme,Öğrenci denklem çözümünde ters işlem adımını atlanabilir bir formalite olarak görüyor.,,%15.41,30 soruluk çoktan seçmeli Cebir Testi (Perso 1992'den uyarlama; alfa=0.74),Terazi modeliyle eşitliğin korunumunu gösterme,YOK,3,3,s. 7 (Tablo 3),"Perso listesindeki 17. yanılgı. Yalnız 8. sınıf verisi. | mufredat_donemi (2026-08-27 denetiminde dolduruldu): 2005 ONCESI. Veri toplama yili makalede YAZILI DEGIL. Cikarim su kisittan kapali: yayin yili 2006, oysa 8. sinif 2005 programina ancak 2008-2009'da gecti; dolayisiyla veri 2005 programi ORTAOKULA ULASMADAN toplandi. Hangi onceki programa (1998 vb.) denk dustugu DOGRULANMADI.",M.8.2.2.1
MAKALE:HUEFD-31-2006,"Akkaya, Recai; Durmuş, Soner",2006,Abant İzzet Baysal Üniversitesi,MAKALE,2005 ÖNCESİ,8,120,Bolu,Doğrusal denklemler,,Harflerin soldan sağa eşleştiğini sanma,Öğrenci eşitliğin iki tarafındaki harflerin yazılış sırasına göre birbirine karşılık geldiğini düşünüyor.,,%18.61,30 soruluk çoktan seçmeli Cebir Testi (Perso 1992'den uyarlama; alfa=0.74),Değişkenin konumdan bağımsız olduğunu örneklerle gösterme,YOK,1,3,s. 7 (Tablo 3),"Perso listesindeki 18. yanılgı. Yalnız 8. sınıf verisi. | mufredat_donemi (2026-08-27 denetiminde dolduruldu): 2005 ONCESI. Veri toplama yili makalede YAZILI DEGIL. Cikarim su kisittan kapali: yayin yili 2006, oysa 8. sinif 2005 programina ancak 2008-2009'da gecti; dolayisiyla veri 2005 programi ORTAOKULA ULASMADAN toplandi. Hangi onceki programa (1998 vb.) denk dustugu DOGRULANMADI.",M.8.2.1.1
MAKALE:HUEFD-31-2006,"Akkaya, Recai; Durmuş, Soner",2006,Abant İzzet Baysal Üniversitesi,MAKALE,2005 ÖNCESİ,8,120,Bolu,Doğrusal denklemler,,Harfleri kelime etiketi sanma,Öğrenci harfi bir kelimenin kısaltması olarak görüyor ve farklı değişkenleri toplayıp tek terime indirgiyor.,2a+5c ifadesini 2 armut 5 ceviz okuyup sonucu 7ac (armut-ceviz) olarak yazma,%33.61,30 soruluk çoktan seçmeli Cebir Testi (Perso 1992'den uyarlama; alfa=0.74),"Katsayıyı ""çarpı nesnelerin sayısı"" olarak okutma; farklı değişkenlerin toplanamayacağını gösterme",YOK,2,3,s. 7 (metin + Tablo 3),"Perso listesindeki 19. yanılgı. 8. sınıfta ikinci en yüksek oran. Yazarlar nedenini öğretimdeki kısayol okumaya bağlıyor. | mufredat_donemi (2026-08-27 denetiminde dolduruldu): 2005 ONCESI. Veri toplama yili makalede YAZILI DEGIL. Cikarim su kisittan kapali: yayin yili 2006, oysa 8. sinif 2005 programina ancak 2008-2009'da gecti; dolayisiyla veri 2005 programi ORTAOKULA ULASMADAN toplandi. Hangi onceki programa (1998 vb.) denk dustugu DOGRULANMADI.",M.8.2.1.1
MAKALE:10.20860/ijoses.797472,"Birgin, Osman; Demirören, Kayhan",2020,Uşak Üniversitesi,MAKALE,2018,8,120,Afyonkarahisar,Cebirsel ifadeler ve özdeşlikler,M.8.2.1.1,Cebir-geometri ilişkisini hatalı kurma,Öğrenci bir şekilde değişkenle verilen büyüklüğün ne olduğunu (kenar mı alan mı) ayırt edemiyor ve çevre-alan bilgisini aşırı genelliyor.,Bir karenin alanı A ise 3 karenin alanı 3A2; kapalı şeklin çevresi için iç kenarları da toplayıp 8b+2a yazma,%37.5,"5 soruluk cebir testi (1 çoktan seçmeli, 4 açık uçlu; KR-20=0.90; kodlayıcı uyumu %92)",Cebir öğretiminde somut materyal ve görsellerden daha çok yararlanma,YOK,1,3,s. 240-241 (Tablo 3 + metin),"Soru 1 ve Soru 4'te ayrı ayrı %37.5 (her birinde f=45). Çalışmanın en yaygın bulgusu. KAZANIM: kod makalenin kendi yöntem bölümünden alındı (""...2018 programında yer alan 'Basit cebirsel ifadeleri anlama ve farklı biçimlerde yazma' kazanımı temel alınmıştır""), eşleme uydurulmadı.",M.8.2.1.1
MAKALE:10.20860/ijoses.797472,"Birgin, Osman; Demirören, Kayhan",2020,Uşak Üniversitesi,MAKALE,2018,8,120,Afyonkarahisar,Cebirsel ifadeler ve özdeşlikler,M.8.2.1.1,İşlem seçiminde hatalı yanılgı,Öğrenci tam sayı ile cebirsel ifadenin çarpımı ile üslü ifadeyi birbirinden ayırt edemiyor.,Bir karenin alanı A ise 3 karenin alanı A3,%16.7,"5 soruluk cebir testi (1 çoktan seçmeli, 4 açık uçlu; KR-20=0.90; kodlayıcı uyumu %92)",Cebir öğretiminde somut materyal ve görsellerden daha çok yararlanma,YOK,1,3,s. 240-242 (Tablo 3 + metin),"Soru 1'de f=20. KAZANIM: kod makalenin kendi yöntem bölümünden alındı (""...2018 programında yer alan 'Basit cebirsel ifadeleri anlama ve farklı biçimlerde yazma' kazanımı temel alınmıştır""), eşleme uydurulmadı.",M.8.2.1.1
MAKALE:10.20860/ijoses.797472,"Birgin, Osman; Demirören, Kayhan",2020,Uşak Üniversitesi,MAKALE,2018,8,120,Afyonkarahisar,Cebirsel ifadeler ve özdeşlikler,M.8.2.1.1,Çarpmada parantezi dikkate almama,Öğrenci parantezli ifadeyi çarparken yalnız ilk terimi çarpıyor ve dağılma özelliğini uygulamıyor.,6(a+2) = 6a+2,%9.2,"5 soruluk cebir testi (1 çoktan seçmeli, 4 açık uçlu; KR-20=0.90; kodlayıcı uyumu %92)",Cebir öğretiminde somut materyal ve görsellerden daha çok yararlanma,YOK,3,3,s. 240-242 (Tablo 3 + metin),"Soru 2'de f=11. #021'de (Akkaya ve Durmuş 2006) bağımsız olarak %38.75 ile görülmüş — aynı yanılgı iki ayrı çalışmada (K4). KAZANIM: kod makalenin kendi yöntem bölümünden alındı (""...2018 programında yer alan 'Basit cebirsel ifadeleri anlama ve farklı biçimlerde yazma' kazanımı temel alınmıştır""), eşleme uydurulmadı.",M.8.2.1.2
MAKALE:10.20860/ijoses.797472,"Birgin, Osman; Demirören, Kayhan",2020,Uşak Üniversitesi,MAKALE,2018,8,120,Afyonkarahisar,Cebirsel ifadeler ve özdeşlikler,M.8.2.1.1,Örüntüden denkleme hatalı geçiş,Öğrenci örüntüdeki artış miktarını değişkenle doğrudan toplayarak veya çarparak genel kural yazıyor.,Şekilde kenarlar 5'erli arttığı için kural x+5; 4'er artan dizi için x+4 ya da 4x,%21.7,"5 soruluk cebir testi (1 çoktan seçmeli, 4 açık uçlu; KR-20=0.90; kodlayıcı uyumu %92)",Aritmetikten cebire geçişi kolaylaştıracak somut materyal ve görsel kullanımı,YOK,1,3,s. 240-242 (Tablo 3 + metin),"Şekil örüntüsünde %21.7 (f=26), sayı örüntüsünde %22.5 (f=27). Satırdaki oran şekil örüntüsüne ait; sayı örüntüsü oranı bu notta. KAZANIM: kod makalenin kendi yöntem bölümünden alındı (""...2018 programında yer alan 'Basit cebirsel ifadeleri anlama ve farklı biçimlerde yazma' kazanımı temel alınmıştır""), eşleme uydurulmadı.",M.7.2.1.3
MAKALE:10.20860/ijoses.797472,"Birgin, Osman; Demirören, Kayhan",2020,Uşak Üniversitesi,MAKALE,2018,8,120,Afyonkarahisar,Cebirsel ifadeler ve özdeşlikler,M.8.2.1.1,Hatalı kuraldan terimi yanlış hesaplama,Öğrenci yanlış bulduğu genel kuralı kullanarak istenen terimi hesaplıyor; bazıları terimi tek tek sayarak buluyor.,x+5 kuralı için 20. adım = 20+5 = 25; x+4 için 20. terim 24; 4x için 80,%22.7,"5 soruluk cebir testi (1 çoktan seçmeli, 4 açık uçlu; KR-20=0.90; kodlayıcı uyumu %92)",Aritmetikten cebire geçişi kolaylaştıracak somut materyal ve görsel kullanımı,YOK,3,3,s. 241-243 (Tablo 3 + metin),"Şekil örüntüsünde %22.7 (f=26), sayı örüntüsünde %22.5 (f=27). Bir önceki yanılgının doğrudan sonucu. KAZANIM: kod makalenin kendi yöntem bölümünden alındı (""...2018 programında yer alan 'Basit cebirsel ifadeleri anlama ve farklı biçimlerde yazma' kazanımı temel alınmıştır""), eşleme uydurulmadı.",M.7.2.1.3
MAKALE:10.9779/pauefd.567616,"Birgin, Osman; Demirören, Kayhan",2020,Uşak Üniversitesi,MAKALE,2013,karma,180,Afyonkarahisar,Cebirsel ifadeler ve özdeşlikler,,Harfin değeri alfabedeki sırayla artar sanma,Öğrenci harflerin sayısal değerinin alfabedeki sıraya göre büyüdüğünü düşünüyor.,,,28 soruluk çoktan seçmeli Cebirsel İfadeler Başarı Testi (CBT),Cebir öğretiminde kavramsal boyutu işlem boyutunun önüne alma,YOK,1,1,s. 108,"K1: makalede bu yanılgı için nicel oran verilmemiş, yalnız ""bazı öğrencilerin"" denmiş. K2: makale bir BAŞARI PERFORMANSI çalışması; yanılgılar yalnız tartışma bölümünde nitel olarak anılıyor, ayrı bir yanılgı tablosu yok. Örneklem 7. ve 8. sınıf karma (90+90).",M.8.2.1.1
MAKALE:10.9779/pauefd.567616,"Birgin, Osman; Demirören, Kayhan",2020,Uşak Üniversitesi,MAKALE,2013,karma,180,Afyonkarahisar,Cebirsel ifadeler ve özdeşlikler,,İşlem önceliği ve parantezi dikkate almama,Öğrenci harfli ifadelerle işlem yaparken ve denklem çözerken işlem önceliğini ve parantezi göz ardı ediyor.,,,28 soruluk çoktan seçmeli Cebirsel İfadeler Başarı Testi (CBT),Cebir öğretiminde kavramsal boyutu işlem boyutunun önüne alma,YOK,3,1,s. 108,K1: nicel oran verilmemiş. Aynı yanılgı #021'de %38.75 ve #018'de %9.2 ile ölçülmüş — üç bağımsız çalışmada görülüyor (K4).,M.7.1.3.3;M.8.2.1.2
MAKALE:10.9779/pauefd.567616,"Birgin, Osman; Demirören, Kayhan",2020,Uşak Üniversitesi,MAKALE,2013,karma,180,Afyonkarahisar,Doğrusal denklemler,,Terimi işaret değiştirmeden karşı tarafa geçirme,Öğrenci denklem çözerken terimi eşitliğin diğer tarafına işaretini değiştirmeden taşıyor.,,,28 soruluk çoktan seçmeli Cebirsel İfadeler Başarı Testi (CBT),Denklik ve denge kavramını önce aritmetikte kazandırıp cebire aktarma,YOK,3,1,s. 108-109,"K1: nicel oran verilmemiş. Yazarlar Kieran'a (1992) dayanarak nedeni ""zıt işaretle geçirme"" kuralının ezberlenmesine bağlıyor.",M.8.2.2.1
486434,"Bazan, Tuğba",2017,Dokuz Eylül Üniversitesi,YL,2013,7,312,İzmir,Dönüşüm geometrisi,,Ötelemede şeklin boyutu ve biçimi değişebilir,Öğrenci ötelemede yalnız birimlerin ilerlemesini önemsiyor; şeklin büyütülüp küçültülmesinin de öteleme sayılacağını düşünüyor.,"""Şeklin aşağı ve sağa doğru hareket etmesinde önemli olan şey birimlerin doğru bir şekilde hareket etmesidir. Şeklin boyutu değişebilir."" (1.257.K, düşük düzey)",,"Araştırmacı tarafından geliştirilen açık uçlu 'Öğrenme Güçlüğü Belirleme Anketi' (7. sınıf 15 soru, 8. sınıf 21 soru; her soruda gerekçe açıklama) + 30 öğrenciyle klinik mülakat (Görüşme Protokolü)",Öteleme kavramına yönelik etkinlik ve örnek sayısını artırma; öğrencinin aktif olduğu öğretim yöntemleri (s. 199),YOK,1,1,s. 61-62,"tez_id, YÖK Ulusal Tez Merkezi'nden inen dosya adından alındı (486434.pdf); tez metninde tez numarası basılı değil. || Öğrenci alıntısı s. 61'de, tezin 'aşırı genellemeden kaynaklı kavram yanılgısı' değerlendirmesi s. 62'de. Aynı yanılgı s. 69, 74 ve 149'da tekrar ediyor. || Tez yanılgı başına oran vermiyor; yalnız soru bazlı doğru/yanlış yüzdesi var, bir sorunun yanlış yüzdesi birden çok nedene dağılıyor. K1 gereği gorulme_orani boş, K5 gereği guven=1.",M.8.3.2.1
486434,"Bazan, Tuğba",2017,Dokuz Eylül Üniversitesi,YL,2013,7,312,İzmir,Dönüşüm geometrisi,,Referans noktasını yanlış alma,Öğrenci ötelemenin tanımını doğru söylüyor ama şeklin hangi noktasından sayacağını belirleyemiyor; kendi seçtiği köşeye göre öteliyor.,"""Ben öteleme yapmam gerektiğini anladım ama kaç birim öteleyeceğime tam karar veremedim."" (görüşme, 1. soru)",,"Araştırmacı tarafından geliştirilen açık uçlu 'Öğrenme Güçlüğü Belirleme Anketi' (7. sınıf 15 soru, 8. sınıf 21 soru; her soruda gerekçe açıklama) + 30 öğrenciyle klinik mülakat (Görüşme Protokolü)",Öteleme kavramına yönelik etkinlik ve örnek sayısını artırma; öğrencinin aktif olduğu öğretim yöntemleri (s. 199),YOK,1,1,s. 150,"Tez 'öteleme kavramını kısıtladıkları için yanılgıya düşmüşlerdir' diyor. Ankette de aynı bulgu: s. 64, 72, 74. || Tez yanılgı başına oran vermiyor; yalnız soru bazlı doğru/yanlış yüzdesi var, bir sorunun yanlış yüzdesi birden çok nedene dağılıyor. K1 gereği gorulme_orani boş, K5 gereği guven=1.",M.8.3.2.1
486434,"Bazan, Tuğba",2017,Dokuz Eylül Üniversitesi,YL,2013,7,312,İzmir,Dönüşüm geometrisi,,Öteleme yalnızca tam sayı birimlerle yapılır,Öğrenci ötelemenin ancak tam birimlerle olabileceğini düşünüyor; buçuklu birim gerektiren şekli oluşturamıyor.,"""Öteleme sadece tam sayılı birimlerle yapılması gerekir. Fakat tam sayılarla yapılan ötelemede tam olarak T harfini oluşturamadım."" (görüşme, 3. soru)",,"Araştırmacı tarafından geliştirilen açık uçlu 'Öğrenme Güçlüğü Belirleme Anketi' (7. sınıf 15 soru, 8. sınıf 21 soru; her soruda gerekçe açıklama) + 30 öğrenciyle klinik mülakat (Görüşme Protokolü)",Öteleme kavramına yönelik etkinlik ve örnek sayısını artırma; öğrencinin aktif olduğu öğretim yöntemleri (s. 199),YOK,2,1,s. 151-152,"Tez nedenini derslerde hep tam sayılı örnek verilmesine bağlıyor (s. 70) ve 'aşırı genelleme ... kavram yanılgısına neden olmuştur' diyor. || Tez yanılgı başına oran vermiyor; yalnız soru bazlı doğru/yanlış yüzdesi var, bir sorunun yanlış yüzdesi birden çok nedene dağılıyor. K1 gereği gorulme_orani boş, K5 gereği guven=1.",M.8.3.2.1
486434,"Bazan, Tuğba",2017,Dokuz Eylül Üniversitesi,YL,2013,7,312,İzmir,Dönüşüm geometrisi,,Doğru üzerindeki noktaya öteleme yerine yansıma uygulama,Hedef nokta bir doğrunun üzerindeyse öğrenci öteleme yerine o doğruya göre yansıma alıyor.,"""Birimlerden faydalanarak d doğrusuna göre öteleme aldım ve şekli d doğrusunun diğer tarafına çizdim öteleyerek."" (4.39.K, düşük düzey)",,"Araştırmacı tarafından geliştirilen açık uçlu 'Öğrenme Güçlüğü Belirleme Anketi' (7. sınıf 15 soru, 8. sınıf 21 soru; her soruda gerekçe açıklama) + 30 öğrenciyle klinik mülakat (Görüşme Protokolü)",Öteleme kavramına yönelik etkinlik ve örnek sayısını artırma; öğrencinin aktif olduğu öğretim yöntemleri (s. 199),YOK,1,1,s. 69,"Tez: 'Öğrenciler yansıma ile ötelemeyi karıştırmışlardır. Bu hatayı yapan öğrencilerin en büyük yanılgısı...' || Tez yanılgı başına oran vermiyor; yalnız soru bazlı doğru/yanlış yüzdesi var, bir sorunun yanlış yüzdesi birden çok nedene dağılıyor. K1 gereği gorulme_orani boş, K5 gereği guven=1.",M.8.3.2.1
486434,"Bazan, Tuğba",2017,Dokuz Eylül Üniversitesi,YL,2013,7,312,İzmir,Dönüşüm geometrisi,,Şekli parçalayarak öteleme,Öğrenci şekli bütün olarak düşünemiyor; parçalara ayırıp her parçayı ayrı ayrı hareket ettiriyor ve boyutu bozuyor.,"""Şeklin en alt noktasından yukarıya ilerlettim. Sonra aynı noktadan şekle oturabilmesi için sağa doğru ilerlettim."" (2.28.K, orta düzey)",,"Araştırmacı tarafından geliştirilen açık uçlu 'Öğrenme Güçlüğü Belirleme Anketi' (7. sınıf 15 soru, 8. sınıf 21 soru; her soruda gerekçe açıklama) + 30 öğrenciyle klinik mülakat (Görüşme Protokolü)",Öteleme kavramına yönelik etkinlik ve örnek sayısını artırma; öğrencinin aktif olduğu öğretim yöntemleri (s. 199),YOK,1,1,s. 64-65,"Tez s. 64: 'Öğrenciler öteleme tanımı tam olarak öğrenemedikleri için bütün şekilleri de parçalayaraktan ötelemişlerdir'; öğrenci alıntısı s. 65. Aynı örüntü birden fazla dönüşüm sorularında s. 92'de açıkça 'kavram yanılgısı' diye etiketleniyor. || Tez yanılgı başına oran vermiyor; yalnız soru bazlı doğru/yanlış yüzdesi var, bir sorunun yanlış yüzdesi birden çok nedene dağılıyor. K1 gereği gorulme_orani boş, K5 gereği guven=1.",M.8.3.2.1
486434,"Bazan, Tuğba",2017,Dokuz Eylül Üniversitesi,YL,2013,7,312,İzmir,Dönüşüm geometrisi,,Yansımada görüntü her zaman şeklin tersidir,Öğrenci yansımayı 'ters çevirme' olarak öğrenmiş; şeklin doğruya olan dik uzaklıklarını hesaba katmadan ters görüntü çiziyor.,"""Yansımada şeklin tersi olur."" (7.70.E, kötü düzey)",,"Araştırmacı tarafından geliştirilen açık uçlu 'Öğrenme Güçlüğü Belirleme Anketi' (7. sınıf 15 soru, 8. sınıf 21 soru; her soruda gerekçe açıklama) + 30 öğrenciyle klinik mülakat (Görüşme Protokolü)","Simetri örneklerini çeşitlendirme (dikey, yatay ve eğik eksen); kâğıt katlama, somut materyal ve dinamik geometri yazılımı; doğruya ve noktaya göre simetriyi ayrı etkinliklerle kurma (s. 198-199)",YOK,1,1,s. 77,"Tez bunu genelleme kaynaklı kavram yanılgısı sayıyor; s. 89 ve 154'te tekrar ediyor. || Tez yanılgı başına oran vermiyor; yalnız soru bazlı doğru/yanlış yüzdesi var, bir sorunun yanlış yüzdesi birden çok nedene dağılıyor. K1 gereği gorulme_orani boş, K5 gereği guven=1.",M.8.3.2.2
486434,"Bazan, Tuğba",2017,Dokuz Eylül Üniversitesi,YL,2013,7,312,İzmir,Dönüşüm geometrisi,,Yansımada şeklin boyutu ve biçimi değişir,Öğrenci dik uzaklıkları doğru alsa bile yansıma sonucunda şeklin büyümesi ya da küçülmesi gerektiğini düşünüyor.,"""Doğruya göre yansımada şeklin boyutunda biçiminde değişiklik olur. Çünkü eğik doğruya göre şeklin yansıma sonucu oluşan görüntüsü büyür."" (görüşme, 6. soru)",,"Araştırmacı tarafından geliştirilen açık uçlu 'Öğrenme Güçlüğü Belirleme Anketi' (7. sınıf 15 soru, 8. sınıf 21 soru; her soruda gerekçe açıklama) + 30 öğrenciyle klinik mülakat (Görüşme Protokolü)","Simetri örneklerini çeşitlendirme (dikey, yatay ve eğik eksen); kâğıt katlama, somut materyal ve dinamik geometri yazılımı; doğruya ve noktaya göre simetriyi ayrı etkinliklerle kurma (s. 198-199)",YOK,1,1,s. 160,"Tez: 'Öğrencilere göre şeklin yansımada boyutunun değişeceğini düşünmesi kavram yanılgısı olduğunu gösterir.' Ankette s. 77 ve 83. || Tez yanılgı başına oran vermiyor; yalnız soru bazlı doğru/yanlış yüzdesi var, bir sorunun yanlış yüzdesi birden çok nedene dağılıyor. K1 gereği gorulme_orani boş, K5 gereği guven=1.",M.8.3.2.2
486434,"Bazan, Tuğba",2017,Dokuz Eylül Üniversitesi,YL,2013,7,312,İzmir,Dönüşüm geometrisi,,Yansımada görüntü şeklin aynısıdır,Öğrenci yansıma görüntüsünün şeklin birebir aynısı olacağını düşünüyor ve farkında olmadan öteleme yapıyor.,"""Yansımada şeklin görüntüsü de şeklin aynısı olmalıdır."" (7.260.K, orta düzey)",,"Araştırmacı tarafından geliştirilen açık uçlu 'Öğrenme Güçlüğü Belirleme Anketi' (7. sınıf 15 soru, 8. sınıf 21 soru; her soruda gerekçe açıklama) + 30 öğrenciyle klinik mülakat (Görüşme Protokolü)","Simetri örneklerini çeşitlendirme (dikey, yatay ve eğik eksen); kâğıt katlama, somut materyal ve dinamik geometri yazılımı; doğruya ve noktaya göre simetriyi ayrı etkinliklerle kurma (s. 198-199)",YOK,1,1,s. 78,"Tez açıkça 'kavram yanılgısı olduğunu göstermektedir' diyor; görüşmede de doğrulanıyor (s. 154). || Tez yanılgı başına oran vermiyor; yalnız soru bazlı doğru/yanlış yüzdesi var, bir sorunun yanlış yüzdesi birden çok nedene dağılıyor. K1 gereği gorulme_orani boş, K5 gereği guven=1.",M.8.3.2.2
486434,"Bazan, Tuğba",2017,Dokuz Eylül Üniversitesi,YL,2013,7,312,İzmir,Dönüşüm geometrisi,,Yansıma yalnızca doğruya göre olur,Öğrenci noktaya göre yansımanın var olmadığını düşünüyor; noktadan geçen hayali bir doğru çizip doğruya göre yansıma alıyor.,"""Noktaya göre simetriyi bilmiyorum. Sadece doğruya göre simetriyi bildiğim için M noktasından geçen bir dikey doğru çizdim. (...) doğru olmadan yansıma alınamaz."" (görüşme, 5. soru)",,"Araştırmacı tarafından geliştirilen açık uçlu 'Öğrenme Güçlüğü Belirleme Anketi' (7. sınıf 15 soru, 8. sınıf 21 soru; her soruda gerekçe açıklama) + 30 öğrenciyle klinik mülakat (Görüşme Protokolü)","Simetri örneklerini çeşitlendirme (dikey, yatay ve eğik eksen); kâğıt katlama, somut materyal ve dinamik geometri yazılımı; doğruya ve noktaya göre simetriyi ayrı etkinliklerle kurma (s. 198-199)",YOK,2,1,s. 158,"Tez nedenini derslerde yalnız doğruya göre örnek verilmesine bağlıyor (s. 80). || Tez yanılgı başına oran vermiyor; yalnız soru bazlı doğru/yanlış yüzdesi var, bir sorunun yanlış yüzdesi birden çok nedene dağılıyor. K1 gereği gorulme_orani boş, K5 gereği guven=1.",M.8.3.2.2
486434,"Bazan, Tuğba",2017,Dokuz Eylül Üniversitesi,YL,2013,7,312,İzmir,Dönüşüm geometrisi,,Noktaya göre yansımada nokta köşe kabul edilir,Öğrenci noktaya göre yansımada merkez noktayı şeklin bir köşesiymiş gibi alıp görüntüyü oradan çiziyor.,"""Noktaya göre yansımada nokta her zaman için köşe noktası olarak kabul edilir."" (görüşme, 5. soru)",,"Araştırmacı tarafından geliştirilen açık uçlu 'Öğrenme Güçlüğü Belirleme Anketi' (7. sınıf 15 soru, 8. sınıf 21 soru; her soruda gerekçe açıklama) + 30 öğrenciyle klinik mülakat (Görüşme Protokolü)","Simetri örneklerini çeşitlendirme (dikey, yatay ve eğik eksen); kâğıt katlama, somut materyal ve dinamik geometri yazılımı; doğruya ve noktaya göre simetriyi ayrı etkinliklerle kurma (s. 198-199)",YOK,1,1,s. 157,"Tez: 'Noktaya göre yansımada her zaman nokta köşe olur yanılgısı vardır.' Ankette s. 81. || Tez yanılgı başına oran vermiyor; yalnız soru bazlı doğru/yanlış yüzdesi var, bir sorunun yanlış yüzdesi birden çok nedene dağılıyor. K1 gereği gorulme_orani boş, K5 gereği guven=1.",M.8.3.2.2
486434,"Bazan, Tuğba",2017,Dokuz Eylül Üniversitesi,YL,2013,7,312,İzmir,Dönüşüm geometrisi,,Yansıma görüntüsü her zaman sağ tarafta oluşur,Birden çok şekil verildiğinde öğrenci görüntünün her zaman sağ tarafa düşmesi gerektiğini düşünüyor ve şekli doğruya göre değil sağa taşıyor.,"""Şeklin M noktasına göre yansımasını aldım. Üçgenin ise sağ tarafına yansımasını aldım."" (9.9.K, orta düzey)",,"Araştırmacı tarafından geliştirilen açık uçlu 'Öğrenme Güçlüğü Belirleme Anketi' (7. sınıf 15 soru, 8. sınıf 21 soru; her soruda gerekçe açıklama) + 30 öğrenciyle klinik mülakat (Görüşme Protokolü)","Simetri örneklerini çeşitlendirme (dikey, yatay ve eğik eksen); kâğıt katlama, somut materyal ve dinamik geometri yazılımı; doğruya ve noktaya göre simetriyi ayrı etkinliklerle kurma (s. 198-199)",YOK,1,1,s. 82,"Tez: 'Şekillerin hep sağda tarafta yansımasının oluşması gerektiğini düşünen öğrencide yansıma ile ilgili kavram yanılgıları vardır.' || Tez yanılgı başına oran vermiyor; yalnız soru bazlı doğru/yanlış yüzdesi var, bir sorunun yanlış yüzdesi birden çok nedene dağılıyor. K1 gereği gorulme_orani boş, K5 gereği guven=1.",M.8.3.2.2
486434,"Bazan, Tuğba",2017,Dokuz Eylül Üniversitesi,YL,2013,7,312,İzmir,Dönüşüm geometrisi,,Simetri ekseni yalnızca yatay veya dikey olur,Öğrenci eğik bir simetri ekseninin olabileceğini kabul etmiyor; eğik eksen gereken soruda yatay ya da dikey eksen çiziyor.,"""T noktası R noktasının 1 birim üstünde olduğu için 1 birim aşağısı R noktasıyla simetridir."" (10.24.K, orta düzey)",,"Araştırmacı tarafından geliştirilen açık uçlu 'Öğrenme Güçlüğü Belirleme Anketi' (7. sınıf 15 soru, 8. sınıf 21 soru; her soruda gerekçe açıklama) + 30 öğrenciyle klinik mülakat (Görüşme Protokolü)","Simetri örneklerini çeşitlendirme (dikey, yatay ve eğik eksen); kâğıt katlama, somut materyal ve dinamik geometri yazılımı; doğruya ve noktaya göre simetriyi ayrı etkinliklerle kurma (s. 198-199)",YOK,2,1,s. 85,"Tez nedenini derslerde yatay/dikey eksen örneklerinin ağırlığına bağlıyor (s. 153). Sonuç bölümünde de yineleniyor (s. 193). || Tez yanılgı başına oran vermiyor; yalnız soru bazlı doğru/yanlış yüzdesi var, bir sorunun yanlış yüzdesi birden çok nedene dağılıyor. K1 gereği gorulme_orani boş, K5 gereği guven=1.",M.8.3.2.2
486434,"Bazan, Tuğba",2017,Dokuz Eylül Üniversitesi,YL,2013,7,312,İzmir,Dönüşüm geometrisi,,Eğik eksende dik uzaklığı dikey doğru gibi alma,"Öğrenci eğik simetri eksenine dik uzaklığı, eksen dikeymiş gibi yatay ölçüp görüntüyü yanlış yerde çiziyor.","""Eğik doğruya göre şeklin yansımasını alırken eğik doğruya dik uzaklıklardan faydalanarak çözdüm."" (görüşme, 6. soru; öğrenci dik uzaklığı yanlış aldığının farkında değil)",,"Araştırmacı tarafından geliştirilen açık uçlu 'Öğrenme Güçlüğü Belirleme Anketi' (7. sınıf 15 soru, 8. sınıf 21 soru; her soruda gerekçe açıklama) + 30 öğrenciyle klinik mülakat (Görüşme Protokolü)","Simetri örneklerini çeşitlendirme (dikey, yatay ve eğik eksen); kâğıt katlama, somut materyal ve dinamik geometri yazılımı; doğruya ve noktaya göre simetriyi ayrı etkinliklerle kurma (s. 198-199)",YOK,1,1,s. 159,"Öğrenci alıntısı ve çözümlemesi s. 159 (Şekil 113). Tez aynı yanılgıyı s. 161'de tek cümleyle özetliyor: 'Öğrenciye göre eğik doğruda dik uzaklık dikey doğrudaki gibi olur yanılgısı vardır.' || Tez yanılgı başına oran vermiyor; yalnız soru bazlı doğru/yanlış yüzdesi var, bir sorunun yanlış yüzdesi birden çok nedene dağılıyor. K1 gereği gorulme_orani boş, K5 gereği guven=1.",M.8.3.2.2
486434,"Bazan, Tuğba",2017,Dokuz Eylül Üniversitesi,YL,2013,7,312,İzmir,Dönüşüm geometrisi,,Her şeklin bir tane simetri ekseni vardır,Öğrenci simetri eksenini 'şekli ortadan ikiye bölen tek doğru' sanıyor; birden çok ya da hiç eksen olabileceğini kabul etmiyor.,"""Çizerken 2'ye böldüğüm parçaların eşit olmasına baktım."" (11.63.K, orta düzey — paralelkenara da çembere de 1 eksen atamış)",,"Araştırmacı tarafından geliştirilen açık uçlu 'Öğrenme Güçlüğü Belirleme Anketi' (7. sınıf 15 soru, 8. sınıf 21 soru; her soruda gerekçe açıklama) + 30 öğrenciyle klinik mülakat (Görüşme Protokolü)","Simetri örneklerini çeşitlendirme (dikey, yatay ve eğik eksen); kâğıt katlama, somut materyal ve dinamik geometri yazılımı; doğruya ve noktaya göre simetriyi ayrı etkinliklerle kurma (s. 198-199)",YOK,1,1,s. 86-87,"Tez s. 86: 'Öğrencilere göre sadece bir tane simetri ekseninin olması bilgi eksikliğinden dolayı kavram yanılgısını gösterir.' Öğrenci alıntısı s. 87. Sonuçta yineleniyor (s. 193). || Tez yanılgı başına oran vermiyor; yalnız soru bazlı doğru/yanlış yüzdesi var, bir sorunun yanlış yüzdesi birden çok nedene dağılıyor. K1 gereği gorulme_orani boş, K5 gereği guven=1.",M.8.3.2.2
486434,"Bazan, Tuğba",2017,Dokuz Eylül Üniversitesi,YL,2013,7,312,İzmir,Dönüşüm geometrisi,,Şeklin kenar sayısı kadar simetri ekseni vardır,Öğrenci simetri ekseni sayısını kenar sayısına eşitliyor; bu kuralla paralelkenara simetri ekseni atıyor.,"""Çünkü bir şeklin kaç kenarı varsa o kadar simetri ekseni olur."" (11.252.K, kötü düzey)",,"Araştırmacı tarafından geliştirilen açık uçlu 'Öğrenme Güçlüğü Belirleme Anketi' (7. sınıf 15 soru, 8. sınıf 21 soru; her soruda gerekçe açıklama) + 30 öğrenciyle klinik mülakat (Görüşme Protokolü)","Simetri örneklerini çeşitlendirme (dikey, yatay ve eğik eksen); kâğıt katlama, somut materyal ve dinamik geometri yazılımı; doğruya ve noktaya göre simetriyi ayrı etkinliklerle kurma (s. 198-199)",YOK,1,1,s. 87,"Tez: 'Öğrencilere göre her şeklin simetri ekseninin olması aşırı genelleme kavram yanılgısının olduğunu gösterir.' || Tez yanılgı başına oran vermiyor; yalnız soru bazlı doğru/yanlış yüzdesi var, bir sorunun yanlış yüzdesi birden çok nedene dağılıyor. K1 gereği gorulme_orani boş, K5 gereği guven=1.",M.8.3.2.2
486434,"Bazan, Tuğba",2017,Dokuz Eylül Üniversitesi,YL,2013,7,312,İzmir,Dönüşüm geometrisi,,Her simetri ekseni şekli iki eş parçaya böler,Öğrenci 'ikiye eşit bölen her doğru simetri eksenidir' genellemesini yapıyor; katlandığında üst üste gelme koşulunu aramıyor.,"""Simetri ekseninde şekiller katlandığı zaman katlanılan yerden şekiller üst üste gelmelidir. Bundan dolayı bütün şekillerin simetri ekseni vardır."" (görüşme, 8. soru)",,"Araştırmacı tarafından geliştirilen açık uçlu 'Öğrenme Güçlüğü Belirleme Anketi' (7. sınıf 15 soru, 8. sınıf 21 soru; her soruda gerekçe açıklama) + 30 öğrenciyle klinik mülakat (Görüşme Protokolü)","Simetri örneklerini çeşitlendirme (dikey, yatay ve eğik eksen); kâğıt katlama, somut materyal ve dinamik geometri yazılımı; doğruya ve noktaya göre simetriyi ayrı etkinliklerle kurma (s. 198-199)",YOK,1,1,s. 163,"Tez bu genellemeyi paralelkenar yanılgısının kökü olarak gösteriyor (s. 192-193). || Tez yanılgı başına oran vermiyor; yalnız soru bazlı doğru/yanlış yüzdesi var, bir sorunun yanlış yüzdesi birden çok nedene dağılıyor. K1 gereği gorulme_orani boş, K5 gereği guven=1.",M.8.3.2.2
486434,"Bazan, Tuğba",2017,Dokuz Eylül Üniversitesi,YL,2013,7,312,İzmir,Dönüşüm geometrisi,,Paralelkenarın simetri ekseni vardır,Öğrenci paralelkenarı köşegenlerinden ya da orta doğrusundan katlayınca üst üste geleceğini düşünüyor ve ona simetri ekseni atıyor.,"""Simetri eksenini tam olarak tanımlayamadım. Her şeklin simetri ekseni vardır. Paralelkenarında simetri ekseni vardır."" (görüşme, simetri ekseni tanımı)",,"Araştırmacı tarafından geliştirilen açık uçlu 'Öğrenme Güçlüğü Belirleme Anketi' (7. sınıf 15 soru, 8. sınıf 21 soru; her soruda gerekçe açıklama) + 30 öğrenciyle klinik mülakat (Görüşme Protokolü)","Simetri örneklerini çeşitlendirme (dikey, yatay ve eğik eksen); kâğıt katlama, somut materyal ve dinamik geometri yazılımı; doğruya ve noktaya göre simetriyi ayrı etkinliklerle kurma (s. 198-199)",YOK,1,1,s. 162,"Tez sonuç bölümünde bu bulguyu Özdaş ve Köse (2009) ile Leikin ve ark. (2000) çalışmalarıyla örtüştürüyor (s. 193). || Tez yanılgı başına oran vermiyor; yalnız soru bazlı doğru/yanlış yüzdesi var, bir sorunun yanlış yüzdesi birden çok nedene dağılıyor. K1 gereği gorulme_orani boş, K5 gereği guven=1.",M.8.3.2.2
486434,"Bazan, Tuğba",2017,Dokuz Eylül Üniversitesi,YL,2013,7,312,İzmir,Dönüşüm geometrisi,,Paralelkenarı kare sanıp dört simetri ekseni verme,"Öğrenci paralelkenarı kare gibi düşünüp, kareye verdiği 4 tane simetri ekseninin paralelkenarda da olması gerektiğini düşünüyor.",,,"Araştırmacı tarafından geliştirilen açık uçlu 'Öğrenme Güçlüğü Belirleme Anketi' (7. sınıf 15 soru, 8. sınıf 21 soru; her soruda gerekçe açıklama) + 30 öğrenciyle klinik mülakat (Görüşme Protokolü)","Simetri örneklerini çeşitlendirme (dikey, yatay ve eğik eksen); kâğıt katlama, somut materyal ve dinamik geometri yazılımı; doğruya ve noktaya göre simetriyi ayrı etkinliklerle kurma (s. 198-199)",YOK,1,1,s. 193,"Tez: 'Bazı öğrencilere göre paralelkenarı kare gibi düşünüp 4 tane simetri eksenin olması gerektiğini düşünmüşlerdir.' Bu satır için tezde birebir öğrenci alıntısı yok. || Tez yanılgı başına oran vermiyor; yalnız soru bazlı doğru/yanlış yüzdesi var, bir sorunun yanlış yüzdesi birden çok nedene dağılıyor. K1 gereği gorulme_orani boş, K5 gereği guven=1.",M.8.3.2.2
486434,"Bazan, Tuğba",2017,Dokuz Eylül Üniversitesi,YL,2013,7,312,İzmir,Dönüşüm geometrisi,,"Çemberin köşesi yok, simetri ekseni de yoktur",Öğrenci simetri ekseninin ancak köşeden çizilebileceğini düşünüyor; köşesi olmayan çembere hiç eksen vermiyor.,"""Simetri ekseni sadece köşeden çizilir. Kaç tane köşe varsa şekilde o kadar köşegeni vardır. Çemberde köşe olmadığı için simetri ekseni yoktur."" (görüşme, simetri ekseni tanımı)",,"Araştırmacı tarafından geliştirilen açık uçlu 'Öğrenme Güçlüğü Belirleme Anketi' (7. sınıf 15 soru, 8. sınıf 21 soru; her soruda gerekçe açıklama) + 30 öğrenciyle klinik mülakat (Görüşme Protokolü)","Simetri örneklerini çeşitlendirme (dikey, yatay ve eğik eksen); kâğıt katlama, somut materyal ve dinamik geometri yazılımı; doğruya ve noktaya göre simetriyi ayrı etkinliklerle kurma (s. 198-199)",YOK,1,1,s. 162,"Tez sonuç bölümünde tersi yönde bir yanılgı da raporluyor: 'çemberin simetri ekseni sadece bir tanedir' (s. 193). İkisi ayrı satır. || Tez yanılgı başına oran vermiyor; yalnız soru bazlı doğru/yanlış yüzdesi var, bir sorunun yanlış yüzdesi birden çok nedene dağılıyor. K1 gereği gorulme_orani boş, K5 gereği guven=1.",M.8.3.2.2
486434,"Bazan, Tuğba",2017,Dokuz Eylül Üniversitesi,YL,2013,7,312,İzmir,Dönüşüm geometrisi,,Çemberin tek bir simetri ekseni vardır,Öğrenci çemberi de diğer şekiller gibi ikiye bölen tek bir eksenle açıklıyor; sonsuz simetri ekseni olabileceğini görmüyor.,,,"Araştırmacı tarafından geliştirilen açık uçlu 'Öğrenme Güçlüğü Belirleme Anketi' (7. sınıf 15 soru, 8. sınıf 21 soru; her soruda gerekçe açıklama) + 30 öğrenciyle klinik mülakat (Görüşme Protokolü)","Simetri örneklerini çeşitlendirme (dikey, yatay ve eğik eksen); kâğıt katlama, somut materyal ve dinamik geometri yazılımı; doğruya ve noktaya göre simetriyi ayrı etkinliklerle kurma (s. 198-199)",YOK,1,1,s. 193,"Tez: '...çemberin simetri ekseni sadece bir tanedir o da iki eş parçaya bölmesi kavram yanılgısı olduğu göstermektedir.' Birebir öğrenci alıntısı verilmemiş. || Tez yanılgı başına oran vermiyor; yalnız soru bazlı doğru/yanlış yüzdesi var, bir sorunun yanlış yüzdesi birden çok nedene dağılıyor. K1 gereği gorulme_orani boş, K5 gereği guven=1.",M.8.3.2.2
486434,"Bazan, Tuğba",2017,Dokuz Eylül Üniversitesi,YL,2013,7,312,İzmir,Dönüşüm geometrisi,,Simetri ekseni şeklin dışında olmalıdır,"Öğrenci simetri ekseninin şeklin içinden geçemeyeceğini, mutlaka dışarıda durması gerektiğini düşünüyor.","""Simetri ekseni kesinlikle şeklin dışında olması gereklidir."" (görüşme, simetri ekseni tanımı)",,"Araştırmacı tarafından geliştirilen açık uçlu 'Öğrenme Güçlüğü Belirleme Anketi' (7. sınıf 15 soru, 8. sınıf 21 soru; her soruda gerekçe açıklama) + 30 öğrenciyle klinik mülakat (Görüşme Protokolü)","Simetri örneklerini çeşitlendirme (dikey, yatay ve eğik eksen); kâğıt katlama, somut materyal ve dinamik geometri yazılımı; doğruya ve noktaya göre simetriyi ayrı etkinliklerle kurma (s. 198-199)",YOK,1,1,s. 162,"Tez bu ifadeyi öğrencilerin simetri ekseni tanımları listesinde veriyor ve bölümü 'kavram yanılgısından kaynaklanan öğrenme güçlükleri' diye kapatıyor. || Tez yanılgı başına oran vermiyor; yalnız soru bazlı doğru/yanlış yüzdesi var, bir sorunun yanlış yüzdesi birden çok nedene dağılıyor. K1 gereği gorulme_orani boş, K5 gereği guven=1.",M.8.3.2.2
486434,"Bazan, Tuğba",2017,Dokuz Eylül Üniversitesi,YL,2013,7,312,İzmir,Dönüşüm geometrisi,,İki dönüşüm art arda uygulanınca şekil değişir,Öğrenci tek tek yapabildiği yansıma ve ötelemeyi birlikte uygulayınca şeklin bozulacağını düşünüyor ve dönüşümlerden birini atlıyor.,"""Yansımayı yaptıktan sonra ötelemeye nereden başlayacağımı bilemediğim için şaşırdım."" (görüşme, 9. soru)",,"Araştırmacı tarafından geliştirilen açık uçlu 'Öğrenme Güçlüğü Belirleme Anketi' (7. sınıf 15 soru, 8. sınıf 21 soru; her soruda gerekçe açıklama) + 30 öğrenciyle klinik mülakat (Görüşme Protokolü)",Bir kavram tam öğrenilmeden diğerine geçmeme; şekli bütün olarak algılatan örnekleri artırma (s. 200-201),YOK,3,1,s. 164-165,"Tez s. 164: 'Çünkü iki dönüşüm art arda uygulayınca şekilde farklı bir şeylerin oluşacağını düşünmektedirler.' Öğrenci alıntısı s. 165. || Tez yanılgı başına oran vermiyor; yalnız soru bazlı doğru/yanlış yüzdesi var, bir sorunun yanlış yüzdesi birden çok nedene dağılıyor. K1 gereği gorulme_orani boş, K5 gereği guven=1.",M.8.3.2.3
486434,"Bazan, Tuğba",2017,Dokuz Eylül Üniversitesi,YL,2013,8,250,İzmir,Dönüşüm geometrisi,,Koordinat düzleminde referans noktasını yanlış alma,Koordinat düzleminde öteleme yaparken öğrenci şeklin hangi köşesinden sayacağını karıştırıyor; birimleri doğru sayıp yanlış noktadan başlıyor.,"""Seçilen A noktasından yapılan öteleme X'in sağ hareketiyle 7 birim yukarı kaymış ve Y'nin yukarı hareketi ile 4 birim kaymış."" (1.218, orta düzey)",,"Araştırmacı tarafından geliştirilen açık uçlu 'Öğrenme Güçlüğü Belirleme Anketi' (7. sınıf 15 soru, 8. sınıf 21 soru; her soruda gerekçe açıklama) + 30 öğrenciyle klinik mülakat (Görüşme Protokolü)",Öteleme kavramına yönelik etkinlik ve örnek sayısını artırma; öğrencinin aktif olduğu öğretim yöntemleri (s. 199),YOK,1,1,s. 98-99,"Tez s. 98: 'Öğrencilerin referans noktalarını yanlış almaları öteleme kavramını kısıtladıkları için kavram yanılgının olduğunu gösterir.' Öğrenci alıntısı s. 99. s. 101, 105, 106 ve 167'de tekrar ediyor. 7. sınıftaki eşdeğer satırdan ayrı tutuldu (K3). || Tez yanılgı başına oran vermiyor; yalnız soru bazlı doğru/yanlış yüzdesi var, bir sorunun yanlış yüzdesi birden çok nedene dağılıyor. K1 gereği gorulme_orani boş, K5 gereği guven=1.",M.8.3.2.1
486434,"Bazan, Tuğba",2017,Dokuz Eylül Üniversitesi,YL,2013,8,250,İzmir,Dönüşüm geometrisi,,Ötelemeyi dönme ile karıştırma,Öğrenci ötelemenin de derecelerle yapıldığını düşünüyor; öteleme sorusunu orijin etrafında 180° döndürerek çözmeye kalkıyor.,,,"Araştırmacı tarafından geliştirilen açık uçlu 'Öğrenme Güçlüğü Belirleme Anketi' (7. sınıf 15 soru, 8. sınıf 21 soru; her soruda gerekçe açıklama) + 30 öğrenciyle klinik mülakat (Görüşme Protokolü)",Öteleme kavramına yönelik etkinlik ve örnek sayısını artırma; öğrencinin aktif olduğu öğretim yöntemleri (s. 199),YOK,1,1,s. 99-100,"Tez: 'Öteleme ve dönmeyi tam olarak öğrenemeyen öğrencide öteleme ve dönmede kavram yanılgısı oluşmuştur.' Birebir öğrenci alıntısı bu bulgu için verilmemiş. || Tez yanılgı başına oran vermiyor; yalnız soru bazlı doğru/yanlış yüzdesi var, bir sorunun yanlış yüzdesi birden çok nedene dağılıyor. K1 gereği gorulme_orani boş, K5 gereği guven=1.",M.8.3.2.1
486434,"Bazan, Tuğba",2017,Dokuz Eylül Üniversitesi,YL,2013,8,250,İzmir,Dönüşüm geometrisi,,Koordinat düzleminde ötelemede şeklin boyutu değişir,Öğrenci koordinat düzleminde önemli olanın birimleri doğru ilerletmek olduğunu düşünüyor; görüntüyü olduğundan büyük ya da küçük çiziyor.,"""Eşkenar dörtgeni aşağıya ve sağa öteleyerek soruyu çözdüm. (...) Ötelemede şeklin boyutu değişebileceği için önemli olan şekilleri iç içe yerleştirebilmek."" (görüşme, 1. soru)",,"Araştırmacı tarafından geliştirilen açık uçlu 'Öğrenme Güçlüğü Belirleme Anketi' (7. sınıf 15 soru, 8. sınıf 21 soru; her soruda gerekçe açıklama) + 30 öğrenciyle klinik mülakat (Görüşme Protokolü)",Öteleme kavramına yönelik etkinlik ve örnek sayısını artırma; öğrencinin aktif olduğu öğretim yöntemleri (s. 199),YOK,1,1,s. 168,"Tez: 'Öğrenciye göre ötelemede şeklin boyutunun değişir genellemesi olduğu için öteleme ile yanılgıları ortaya çıkmıştır.' Ankette s. 103, sonuç bölümünde s. 194-195. || Tez yanılgı başına oran vermiyor; yalnız soru bazlı doğru/yanlış yüzdesi var, bir sorunun yanlış yüzdesi birden çok nedene dağılıyor. K1 gereği gorulme_orani boş, K5 gereği guven=1.",M.8.3.2.1
486434,"Bazan, Tuğba",2017,Dokuz Eylül Üniversitesi,YL,2013,8,250,İzmir,Dönüşüm geometrisi,,Öteleme yalnızca tek bir eksende yapılır,Öğrenci ötelemenin ya x ya da y ekseninde olabileceğini düşünüyor; iki eksende birden öteleme isteyen soruda yalnız birini uyguluyor.,"""Ok yönünde yukarı hareket edeceği için X ekseninden uzaklaşırken Y ekseninde herhangi bir değişiklik olmaz."" (görüşme, 3. soru)",,"Araştırmacı tarafından geliştirilen açık uçlu 'Öğrenme Güçlüğü Belirleme Anketi' (7. sınıf 15 soru, 8. sınıf 21 soru; her soruda gerekçe açıklama) + 30 öğrenciyle klinik mülakat (Görüşme Protokolü)",Öteleme kavramına yönelik etkinlik ve örnek sayısını artırma; öğrencinin aktif olduğu öğretim yöntemleri (s. 199),YOK,1,1,s. 170,"Ankette de aynı bulgu: 'Ötelemenin tek bir eksende olacağını düşünen öğrenciler...' (s. 103); sonuç s. 195. || Tez yanılgı başına oran vermiyor; yalnız soru bazlı doğru/yanlış yüzdesi var, bir sorunun yanlış yüzdesi birden çok nedene dağılıyor. K1 gereği gorulme_orani boş, K5 gereği guven=1.",M.8.3.2.1
486434,"Bazan, Tuğba",2017,Dokuz Eylül Üniversitesi,YL,2013,8,250,İzmir,Dönüşüm geometrisi,,Koordinat ekseninde x ve y'yi karıştırma,Öğrenci hangi eksenin sağa-sola hangisinin yukarı-aşağı olduğunu her soruda farklı kuruyor; şekli düzleme yerleştiremiyor.,"""Yukarı, aşağı ötelemede X ekseninde ötelemek gerekirken, sağa ve sola hareket etmesinde ise Y ekseninde hareket etmesi gerekir."" (görüşme, 2. soru)",,"Araştırmacı tarafından geliştirilen açık uçlu 'Öğrenme Güçlüğü Belirleme Anketi' (7. sınıf 15 soru, 8. sınıf 21 soru; her soruda gerekçe açıklama) + 30 öğrenciyle klinik mülakat (Görüşme Protokolü)",Öteleme kavramına yönelik etkinlik ve örnek sayısını artırma; öğrencinin aktif olduğu öğretim yöntemleri (s. 199),YOK,3,1,s. 169,"Öğrenci alıntısı s. 169; tezin 'Öğrenciler eksenleri tam olarak öğrenemedikleri için kavramı kısıtladıkları için kavram yanılgısı görülmektedir' değerlendirmesi s. 166. Bu bir alt kazanım (koordinat sistemi) eksiği olduğu için basamak 3. || Tez yanılgı başına oran vermiyor; yalnız soru bazlı doğru/yanlış yüzdesi var, bir sorunun yanlış yüzdesi birden çok nedene dağılıyor. K1 gereği gorulme_orani boş, K5 gereği guven=1.",M.8.3.2.1
486434,"Bazan, Tuğba",2017,Dokuz Eylül Üniversitesi,YL,2013,8,250,İzmir,Dönüşüm geometrisi,,Sadece ileri hareket ötelemedir,Öğrencinin zihninde öteleme yalnız ileri doğru bir hareket; başka yönler söz konusu olunca kavram çatışması yaşıyor.,,,"Araştırmacı tarafından geliştirilen açık uçlu 'Öğrenme Güçlüğü Belirleme Anketi' (7. sınıf 15 soru, 8. sınıf 21 soru; her soruda gerekçe açıklama) + 30 öğrenciyle klinik mülakat (Görüşme Protokolü)",Öteleme kavramına yönelik etkinlik ve örnek sayısını artırma; öğrencinin aktif olduğu öğretim yöntemleri (s. 199),YOK,1,1,s. 195,"Tez: 'Bazı öğrencilerde sadece şekil ileri doğru hareket ettiği zaman öteleme olur kavram imajı vardır.' Tez bunu 'kavram imajı' diye adlandırıyor; birebir öğrenci alıntısı yok. || Tez yanılgı başına oran vermiyor; yalnız soru bazlı doğru/yanlış yüzdesi var, bir sorunun yanlış yüzdesi birden çok nedene dağılıyor. K1 gereği gorulme_orani boş, K5 gereği guven=1.",M.8.3.2.1
486434,"Bazan, Tuğba",2017,Dokuz Eylül Üniversitesi,YL,2013,8,250,İzmir,Dönüşüm geometrisi,,Eksenlere göre yansımayı öteleme sanma,Öğrenci eksene göre yansımayı öteleme kuralıyla yapıyor; şekli aşağı ya da sağa kaydırıp aynısını çiziyor.,"""X eksenine veya Y eksenine göre yansımada şekil aynen kalır. Hatta köşe noktaları da değişmez. (...) Öteleme gibi olduğu için yansımada şeklin boyutunda biçiminde herhangi bir değişiklik olmaz."" (görüşme, 4. soru)",,"Araştırmacı tarafından geliştirilen açık uçlu 'Öğrenme Güçlüğü Belirleme Anketi' (7. sınıf 15 soru, 8. sınıf 21 soru; her soruda gerekçe açıklama) + 30 öğrenciyle klinik mülakat (Görüşme Protokolü)","Simetri örneklerini çeşitlendirme (dikey, yatay ve eğik eksen); kâğıt katlama, somut materyal ve dinamik geometri yazılımı; doğruya ve noktaya göre simetriyi ayrı etkinliklerle kurma (s. 198-199)",YOK,1,1,s. 171-172,"Tez: 'Öğrenciler eksenlere göre yansımayı öteleme olarak algıladıkları için soruda yanlış dönüşüm uygulamışlardır.' || Tez yanılgı başına oran vermiyor; yalnız soru bazlı doğru/yanlış yüzdesi var, bir sorunun yanlış yüzdesi birden çok nedene dağılıyor. K1 gereği gorulme_orani boş, K5 gereği guven=1.",M.8.3.2.2
486434,"Bazan, Tuğba",2017,Dokuz Eylül Üniversitesi,YL,2013,8,250,İzmir,Dönüşüm geometrisi,,Bölge değiştiren şeklin boyutu değişir,Öğrenci koordinat düzleminde yansıyan şekil bölge değiştirdiği için boyutunun da değişmesi gerektiğini düşünüyor.,"""Bence koordinat ekseninde ötelemede şeklin büyümesi gerekir. Bundan dolayı şeklin görüntüsünü çizerken daha büyük çizdim."" (görüşme, 4. soru)",,"Araştırmacı tarafından geliştirilen açık uçlu 'Öğrenme Güçlüğü Belirleme Anketi' (7. sınıf 15 soru, 8. sınıf 21 soru; her soruda gerekçe açıklama) + 30 öğrenciyle klinik mülakat (Görüşme Protokolü)","Simetri örneklerini çeşitlendirme (dikey, yatay ve eğik eksen); kâğıt katlama, somut materyal ve dinamik geometri yazılımı; doğruya ve noktaya göre simetriyi ayrı etkinliklerle kurma (s. 198-199)",YOK,1,1,s. 173,"Tez: 'Eksenlere göre yansıma da şeklin boyutu ve biçimi değişir düşüncesi öğrencilerde kavram yanılgısı olduğunu gösterir.' || Tez yanılgı başına oran vermiyor; yalnız soru bazlı doğru/yanlış yüzdesi var, bir sorunun yanlış yüzdesi birden çok nedene dağılıyor. K1 gereği gorulme_orani boş, K5 gereği guven=1.",M.8.3.2.2
486434,"Bazan, Tuğba",2017,Dokuz Eylül Üniversitesi,YL,2013,8,250,İzmir,Dönüşüm geometrisi,,"Y ekseninde ters, X ekseninde aynı görüntü oluşur","Öğrenci iki ekseni farklı kurallara bağlıyor: y eksenine göre yansımada şeklin tersinin, x eksenine göre aynısının oluşacağını söylüyor.","""Y eksenine göre yansımada şeklin tam tersi oluşurken, X eksenine göre yansımada ise şeklin aynısı olur. Çünkü eksenler farklı olduğu için."" (görüşme, 4. soru)",,"Araştırmacı tarafından geliştirilen açık uçlu 'Öğrenme Güçlüğü Belirleme Anketi' (7. sınıf 15 soru, 8. sınıf 21 soru; her soruda gerekçe açıklama) + 30 öğrenciyle klinik mülakat (Görüşme Protokolü)","Simetri örneklerini çeşitlendirme (dikey, yatay ve eğik eksen); kâğıt katlama, somut materyal ve dinamik geometri yazılımı; doğruya ve noktaya göre simetriyi ayrı etkinliklerle kurma (s. 198-199)",YOK,1,1,s. 173,"Aynı öğrenci boyutun değişmeyeceğini doğru söylüyor; yanılgı eksenlerin farklı davrandığı varsayımında. || Tez yanılgı başına oran vermiyor; yalnız soru bazlı doğru/yanlış yüzdesi var, bir sorunun yanlış yüzdesi birden çok nedene dağılıyor. K1 gereği gorulme_orani boş, K5 gereği guven=1.",M.8.3.2.2
486434,"Bazan, Tuğba",2017,Dokuz Eylül Üniversitesi,YL,2013,8,250,İzmir,Dönüşüm geometrisi,,Yansımada şekil değişmediği için koordinatlar da değişmez,Öğrenciye göre eksenlere göre yansımada şekil değişmediği için görüntünün koordinatlarının da değişmemesi gerekir; şekli doğru bölgeye çizip koordinatlarını yazamaz.,,,"Araştırmacı tarafından geliştirilen açık uçlu 'Öğrenme Güçlüğü Belirleme Anketi' (7. sınıf 15 soru, 8. sınıf 21 soru; her soruda gerekçe açıklama) + 30 öğrenciyle klinik mülakat (Görüşme Protokolü)","Simetri örneklerini çeşitlendirme (dikey, yatay ve eğik eksen); kâğıt katlama, somut materyal ve dinamik geometri yazılımı; doğruya ve noktaya göre simetriyi ayrı etkinliklerle kurma (s. 198-199)",YOK,1,1,s. 174,"Tez: '...yansımada şekil değişmediği için koordinatlarının değişmemesi gerektiği yanılgısı vardır.' Birebir öğrenci alıntısı yok. || Tez yanılgı başına oran vermiyor; yalnız soru bazlı doğru/yanlış yüzdesi var, bir sorunun yanlış yüzdesi birden çok nedene dağılıyor. K1 gereği gorulme_orani boş, K5 gereği guven=1.",M.8.3.2.2
486434,"Bazan, Tuğba",2017,Dokuz Eylül Üniversitesi,YL,2013,8,250,İzmir,Dönüşüm geometrisi,,Yansıma formülünü ezberden karıştırma,Öğrenci yansımayı yalnız formül olarak öğrendiği için hangi eksende hangi işaretin değişeceğini karıştırıyor.,"""Y ekseni dediği için X noktalarını ters işaretlisine çevirip yeni koordinatlara göre çizim yaptım."" (7.5.E, orta düzey)",,"Araştırmacı tarafından geliştirilen açık uçlu 'Öğrenme Güçlüğü Belirleme Anketi' (7. sınıf 15 soru, 8. sınıf 21 soru; her soruda gerekçe açıklama) + 30 öğrenciyle klinik mülakat (Görüşme Protokolü)","Simetri örneklerini çeşitlendirme (dikey, yatay ve eğik eksen); kâğıt katlama, somut materyal ve dinamik geometri yazılımı; doğruya ve noktaya göre simetriyi ayrı etkinliklerle kurma (s. 198-199)",YOK,2,1,s. 114,"Öğrenci alıntısı ve çözümlemesi s. 114: 'yansıma formülünü ezberlediklerinden formülde yerleri karıştırdığı için...'. Tez nedeni s. 175'te açıkça öğretime bağlıyor: 'Nedeni ise derslerde yansımayı sadece formüller üzerinden öğrenmektir.' Ayrıca s. 112. || Tez yanılgı başına oran vermiyor; yalnız soru bazlı doğru/yanlış yüzdesi var, bir sorunun yanlış yüzdesi birden çok nedene dağılıyor. K1 gereği gorulme_orani boş, K5 gereği guven=1.",M.8.3.2.2
486434,"Bazan, Tuğba",2017,Dokuz Eylül Üniversitesi,YL,2013,8,250,İzmir,Dönüşüm geometrisi,,Rakamı ters yazmak şeklin tersi sanılıyor,Rakamların yansımasında öğrenci ayna görüntüsü yerine rakamı ters yazarak 'tersini' oluşturduğunu düşünüyor.,"""Herhangi bir fark yoktur. Yansımada rakamların tersi oluşur. Rakamları yansıtmak daha kolaydır."" (görüşme, 6. soru)",,"Araştırmacı tarafından geliştirilen açık uçlu 'Öğrenme Güçlüğü Belirleme Anketi' (7. sınıf 15 soru, 8. sınıf 21 soru; her soruda gerekçe açıklama) + 30 öğrenciyle klinik mülakat (Görüşme Protokolü)","Simetri örneklerini çeşitlendirme (dikey, yatay ve eğik eksen); kâğıt katlama, somut materyal ve dinamik geometri yazılımı; doğruya ve noktaya göre simetriyi ayrı etkinliklerle kurma (s. 198-199)",YOK,1,1,s. 177,"Tez: 'Fakat rakamı ters olarak yazmanın şeklin tersi olduğu düşüncesi vardır.' || Tez yanılgı başına oran vermiyor; yalnız soru bazlı doğru/yanlış yüzdesi var, bir sorunun yanlış yüzdesi birden çok nedene dağılıyor. K1 gereği gorulme_orani boş, K5 gereği guven=1.",M.8.3.2.2
486434,"Bazan, Tuğba",2017,Dokuz Eylül Üniversitesi,YL,2013,8,250,İzmir,Dönüşüm geometrisi,,Dönme yalnızca orijine göre olur,Öğrenci dönmenin ancak koordinat ekseninde ve orijin etrafında yapılabileceğini düşünüyor; verilen noktayı yok sayıp orijine göre döndürüyor.,"""Bana koordinat ekseni vermediği için soruyu çözemedim. Bende kendime göre B köşesinden doğru çizerek şekli döndürdüm."" (görüşme, 8. soru)",,"Araştırmacı tarafından geliştirilen açık uçlu 'Öğrenme Güçlüğü Belirleme Anketi' (7. sınıf 15 soru, 8. sınıf 21 soru; her soruda gerekçe açıklama) + 30 öğrenciyle klinik mülakat (Görüşme Protokolü)",Formül ezberi yerine dönme kavramını kurduran teknikler; günlük hayattan saat yönü örnekleri; noktaya göre dönme örneklerini artırma (s. 200),YOK,2,1,s. 178,"Tez: 'Öğrencilere göre sadece dönme orijine göre olur, noktaya göre dönme uygulanmaz düşüncesi öğrencilerde kavram yanılgısı olduğunu gösterir' (s. 129) ve nedeni derslerde noktaya göre dönme örneğinin azlığı (s. 200). Sonuç s. 196. || Tez yanılgı başına oran vermiyor; yalnız soru bazlı doğru/yanlış yüzdesi var, bir sorunun yanlış yüzdesi birden çok nedene dağılıyor. K1 gereği gorulme_orani boş, K5 gereği guven=1. || lgs_kazanim_tahmini BOŞ: MEB 2018 6-8 matematik programında dönme (rotasyon) kazanımı yok; bu yanılgının doğrudan LGS karşılığı bulunmuyor.",
486434,"Bazan, Tuğba",2017,Dokuz Eylül Üniversitesi,YL,2013,8,250,İzmir,Dönüşüm geometrisi,,90 derece dönen şekil dik durmalıdır,Öğrenci 90° dönmeyi görüntünün dikey konuma gelmesi olarak anlıyor; dönme merkezini ve yönü hesaba katmıyor.,"""90⁰ döndürüldüğünde şekil dik durmalıydı. Ondan dolayı böyle yaptım."" (9.83.K, orta düzey)",,"Araştırmacı tarafından geliştirilen açık uçlu 'Öğrenme Güçlüğü Belirleme Anketi' (7. sınıf 15 soru, 8. sınıf 21 soru; her soruda gerekçe açıklama) + 30 öğrenciyle klinik mülakat (Görüşme Protokolü)",Formül ezberi yerine dönme kavramını kurduran teknikler; günlük hayattan saat yönü örnekleri; noktaya göre dönme örneklerini artırma (s. 200),YOK,1,1,s. 120,"Tez: '...90⁰ dönen şeklin görüntüsünün her zaman dik olması gerektiği düşüncesinden dolayı yanılgı vardır.' || Tez yanılgı başına oran vermiyor; yalnız soru bazlı doğru/yanlış yüzdesi var, bir sorunun yanlış yüzdesi birden çok nedene dağılıyor. K1 gereği gorulme_orani boş, K5 gereği guven=1. || lgs_kazanim_tahmini BOŞ: MEB 2018 6-8 matematik programında dönme (rotasyon) kazanımı yok; bu yanılgının doğrudan LGS karşılığı bulunmuyor.",
486434,"Bazan, Tuğba",2017,Dokuz Eylül Üniversitesi,YL,2013,8,250,İzmir,Dönüşüm geometrisi,,İçinde daire olan şekil dönünce değişmez,Öğrenci şeklin içinde daire bulunduğu için ne kadar döndürülürse döndürülsün görüntünün aynı kalacağını düşünüyor.,"""Resimdeki daire yuvarlak içinde olduğu için şekli ne kadar döndürsek de yine aynı şekil ortaya çıkacağı için böyle yapılacağını düşündüm."" (102.K, düşük düzey)",,"Araştırmacı tarafından geliştirilen açık uçlu 'Öğrenme Güçlüğü Belirleme Anketi' (7. sınıf 15 soru, 8. sınıf 21 soru; her soruda gerekçe açıklama) + 30 öğrenciyle klinik mülakat (Görüşme Protokolü)",Formül ezberi yerine dönme kavramını kurduran teknikler; günlük hayattan saat yönü örnekleri; noktaya göre dönme örneklerini artırma (s. 200),YOK,1,1,s. 123,"K2 uyarısı: tez bu maddeyi 'kavram yanılgısı' diye açıkça etiketlemiyor, yanlış cevap çözümlemesi içinde veriyor. Öğrenci gerekçesi sistematik bir inanç olduğu için satır açıldı; guven zaten 1. || Tez yanılgı başına oran vermiyor; yalnız soru bazlı doğru/yanlış yüzdesi var, bir sorunun yanlış yüzdesi birden çok nedene dağılıyor. K1 gereği gorulme_orani boş, K5 gereği guven=1. || lgs_kazanim_tahmini BOŞ: MEB 2018 6-8 matematik programında dönme (rotasyon) kazanımı yok; bu yanılgının doğrudan LGS karşılığı bulunmuyor.",
486434,"Bazan, Tuğba",2017,Dokuz Eylül Üniversitesi,YL,2013,8,250,İzmir,Dönüşüm geometrisi,,Dönmede şeklin boyutu ve biçimi değişir,Öğrenci dönme sonucunda şeklin büyüyeceğini ya da biçim değiştireceğini düşünüyor; görüntüyü olduğundan farklı çiziyor.,"""Koordinat ekseninde şekillerin dönmesi sonucunda şeklin boyutu büyür."" (görüşme, 9. soru)",,"Araştırmacı tarafından geliştirilen açık uçlu 'Öğrenme Güçlüğü Belirleme Anketi' (7. sınıf 15 soru, 8. sınıf 21 soru; her soruda gerekçe açıklama) + 30 öğrenciyle klinik mülakat (Görüşme Protokolü)",Formül ezberi yerine dönme kavramını kurduran teknikler; günlük hayattan saat yönü örnekleri; noktaya göre dönme örneklerini artırma (s. 200),YOK,1,1,s. 182,"Tez: 'Öğrenciler eksenlere göre dönmede şekillerin boyutunun değişeceğine düşünerekten genelleme yaptıklarından dolayı kavram yanılgısı yaşamaktadırlar' (s. 184). Ayrıca s. 177 ve 186. || Tez yanılgı başına oran vermiyor; yalnız soru bazlı doğru/yanlış yüzdesi var, bir sorunun yanlış yüzdesi birden çok nedene dağılıyor. K1 gereği gorulme_orani boş, K5 gereği guven=1. || lgs_kazanim_tahmini BOŞ: MEB 2018 6-8 matematik programında dönme (rotasyon) kazanımı yok; bu yanılgının doğrudan LGS karşılığı bulunmuyor.",
486434,"Bazan, Tuğba",2017,Dokuz Eylül Üniversitesi,YL,2013,8,250,İzmir,Dönüşüm geometrisi,,Şekil döndüğünde her zaman tersi oluşur,Öğrenci dönmeyi ters çevirme gibi düşünüyor; dönme açısı ne olursa olsun şeklin ters görüntüsünü çiziyor.,"""Saat yönünün tersinde 90⁰ döndürüldüğünde şekil 1. bölgede olur."" (görüşme, 9. soru; öğrenci ayrıca şeklin tersini çizmiş)",,"Araştırmacı tarafından geliştirilen açık uçlu 'Öğrenme Güçlüğü Belirleme Anketi' (7. sınıf 15 soru, 8. sınıf 21 soru; her soruda gerekçe açıklama) + 30 öğrenciyle klinik mülakat (Görüşme Protokolü)",Formül ezberi yerine dönme kavramını kurduran teknikler; günlük hayattan saat yönü örnekleri; noktaya göre dönme örneklerini artırma (s. 200),YOK,1,1,s. 181,"Tez: '...şekil döndüğünde her zaman tersi oluşur genellemesi olduğu için şeklin tersini çizmiştir.' || Tez yanılgı başına oran vermiyor; yalnız soru bazlı doğru/yanlış yüzdesi var, bir sorunun yanlış yüzdesi birden çok nedene dağılıyor. K1 gereği gorulme_orani boş, K5 gereği guven=1. || lgs_kazanim_tahmini BOŞ: MEB 2018 6-8 matematik programında dönme (rotasyon) kazanımı yok; bu yanılgının doğrudan LGS karşılığı bulunmuyor.",
486434,"Bazan, Tuğba",2017,Dokuz Eylül Üniversitesi,YL,2013,8,250,İzmir,Dönüşüm geometrisi,,Saat yönü ile tersini karıştırma,Öğrenci saat yönünde ve tersinde dönmeyi ayırt edemiyor; saat yönünde 270° ile tersinde 90°'nin aynı olduğunu bilmiyor.,"""Saat yönünün tersine 90⁰ ya da saat yönünde 180⁰ döndürmek."" (17.170.K, orta düzey)",,"Araştırmacı tarafından geliştirilen açık uçlu 'Öğrenme Güçlüğü Belirleme Anketi' (7. sınıf 15 soru, 8. sınıf 21 soru; her soruda gerekçe açıklama) + 30 öğrenciyle klinik mülakat (Görüşme Protokolü)",Formül ezberi yerine dönme kavramını kurduran teknikler; günlük hayattan saat yönü örnekleri; noktaya göre dönme örneklerini artırma (s. 200),YOK,1,1,s. 139,"Tez: 'Açılar ile dönmeyi karıştıran öğrenciler oldukça fazladır. Bunun sebebi ise dönmede açılarda öğrencilerde kavram yanılgısının olmasıdır.' Sonuç s. 197. || Tez yanılgı başına oran vermiyor; yalnız soru bazlı doğru/yanlış yüzdesi var, bir sorunun yanlış yüzdesi birden çok nedene dağılıyor. K1 gereği gorulme_orani boş, K5 gereği guven=1. || lgs_kazanim_tahmini BOŞ: MEB 2018 6-8 matematik programında dönme (rotasyon) kazanımı yok; bu yanılgının doğrudan LGS karşılığı bulunmuyor.",
486434,"Bazan, Tuğba",2017,Dokuz Eylül Üniversitesi,YL,2013,8,250,İzmir,Dönüşüm geometrisi,,Dönme formülünü ezberden karıştırma,Öğrenci dönmeyi yalnız formül olarak öğrendiği için hangi açıda hangi koordinatın yer/işaret değiştireceğini karıştırıyor.,"""Derslerde öğrendiğim formüllerde saat yönünde 90⁰ döndüğünde X ve Y yer değiştirir ve X'in de işareti değişir. 180⁰ döndüğünde işaretler değişir ve X ve Y değişir."" (görüşme, 10. soru)",,"Araştırmacı tarafından geliştirilen açık uçlu 'Öğrenme Güçlüğü Belirleme Anketi' (7. sınıf 15 soru, 8. sınıf 21 soru; her soruda gerekçe açıklama) + 30 öğrenciyle klinik mülakat (Görüşme Protokolü)",Formül ezberi yerine dönme kavramını kurduran teknikler; günlük hayattan saat yönü örnekleri; noktaya göre dönme örneklerini artırma (s. 200),YOK,2,1,s. 183,"Tez: 'Formülleri kısıtlı öğrendikleri için yanılgı oluşmuştur' (s. 188) ve öneride formül ezberinden kaçınma (s. 200). || Tez yanılgı başına oran vermiyor; yalnız soru bazlı doğru/yanlış yüzdesi var, bir sorunun yanlış yüzdesi birden çok nedene dağılıyor. K1 gereği gorulme_orani boş, K5 gereği guven=1. || lgs_kazanim_tahmini BOŞ: MEB 2018 6-8 matematik programında dönme (rotasyon) kazanımı yok; bu yanılgının doğrudan LGS karşılığı bulunmuyor.",
486434,"Bazan, Tuğba",2017,Dokuz Eylül Üniversitesi,YL,2013,8,250,İzmir,Dönüşüm geometrisi,,İki dönüşüm uygulanınca şeklin boyutu değişir,Öğrenci art arda iki dönüşüm uygulandığında şeklin boyutunun değişmesi gerektiğini düşünüyor.,"""Evet olmuştur iki dönüşüm uygulandığı için şeklin boyutu değişir."" (görüşme, 11. soru)",,"Araştırmacı tarafından geliştirilen açık uçlu 'Öğrenme Güçlüğü Belirleme Anketi' (7. sınıf 15 soru, 8. sınıf 21 soru; her soruda gerekçe açıklama) + 30 öğrenciyle klinik mülakat (Görüşme Protokolü)",Bir kavram tam öğrenilmeden diğerine geçmeme; şekli bütün olarak algılatan örnekleri artırma (s. 200-201),YOK,1,1,s. 186,"Tez: '...genellemeden kaynaklanan kavram yanılgısı olduğunu gösterir.' || Tez yanılgı başına oran vermiyor; yalnız soru bazlı doğru/yanlış yüzdesi var, bir sorunun yanlış yüzdesi birden çok nedene dağılıyor. K1 gereği gorulme_orani boş, K5 gereği guven=1.",M.8.3.2.3
486434,"Bazan, Tuğba",2017,Dokuz Eylül Üniversitesi,YL,2013,8,250,İzmir,Dönüşüm geometrisi,,Bir şekle aynı anda iki dönüşüm uygulanamaz,Öğrenci iki şekle ya da bir şekle aynı dönüşümün birlikte uygulanamayacağını düşünüyor; dönüşümleri bölerek uyguluyor.,"""Şekli oluştururken eşkenar dörtgeni yansıtıp, daha sonrasında kareyi öteledim. Çünkü ikisine birden aynı dönüşümü uygulayamayacağım için bu şekilde yaptım."" (görüşme, 1. soru)",,"Araştırmacı tarafından geliştirilen açık uçlu 'Öğrenme Güçlüğü Belirleme Anketi' (7. sınıf 15 soru, 8. sınıf 21 soru; her soruda gerekçe açıklama) + 30 öğrenciyle klinik mülakat (Görüşme Protokolü)",Bir kavram tam öğrenilmeden diğerine geçmeme; şekli bütün olarak algılatan örnekleri artırma (s. 200-201),YOK,1,1,s. 167,"Benzer düşünce ankette de var: 'Öğrenciler koordinatı bulmaya odaklı oldukları için paralelkenara aynı dönüşümü uygulanamayacağını düşünmektedirler' (s. 138). || Tez yanılgı başına oran vermiyor; yalnız soru bazlı doğru/yanlış yüzdesi var, bir sorunun yanlış yüzdesi birden çok nedene dağılıyor. K1 gereği gorulme_orani boş, K5 gereği guven=1.",M.8.3.2.3
486434,"Bazan, Tuğba",2017,Dokuz Eylül Üniversitesi,YL,2013,8,250,İzmir,Dönüşüm geometrisi,,Bir dönüşümdeki yanılgı diğerini de bozuyor,"Tek bir dönüşümde yanılgısı olan öğrenci, iki dönüşüm istenen soruda yanılgısı olmayan dönüşümü de tamamlayamıyor.",,,"Araştırmacı tarafından geliştirilen açık uçlu 'Öğrenme Güçlüğü Belirleme Anketi' (7. sınıf 15 soru, 8. sınıf 21 soru; her soruda gerekçe açıklama) + 30 öğrenciyle klinik mülakat (Görüşme Protokolü)",Bir kavram tam öğrenilmeden diğerine geçmeme; şekli bütün olarak algılatan örnekleri artırma (s. 200-201),YOK,3,1,s. 147,"Tez: 'Öğrenciler dönüşüm konularının herhangi birinde yanılgı yaşıyorsa bu yanılgı diğer dönüşümlerin öğrenilmesini de etkilemektedir.' Bu bir üst-örüntü; birebir öğrenci alıntısı yok. || Tez yanılgı başına oran vermiyor; yalnız soru bazlı doğru/yanlış yüzdesi var, bir sorunun yanlış yüzdesi birden çok nedene dağılıyor. K1 gereği gorulme_orani boş, K5 gereği guven=1.",M.8.3.2.3
486434,"Bazan, Tuğba",2017,Dokuz Eylül Üniversitesi,YL,2013,karma,562,İzmir,Dönüşüm geometrisi,,Şekli kesen simetri doğrusunu nokta gibi düşünme,Simetri doğrusu şekli kesiyorsa öğrenci doğruyu bir noktaya indirgeyip o noktaya göre simetri alıyor.,,,"Araştırmacı tarafından geliştirilen açık uçlu 'Öğrenme Güçlüğü Belirleme Anketi' (7. sınıf 15 soru, 8. sınıf 21 soru; her soruda gerekçe açıklama) + 30 öğrenciyle klinik mülakat (Görüşme Protokolü)","Simetri örneklerini çeşitlendirme (dikey, yatay ve eğik eksen); kâğıt katlama, somut materyal ve dinamik geometri yazılımı; doğruya ve noktaya göre simetriyi ayrı etkinliklerle kurma (s. 198-199)",YOK,1,1,s. 192,"Tez: '...kavramı kısıtladıklarından öğrencilerde kavram yanılgısı oluşmuştur. Öğrencilerin doğruya göre yansıma alması gerekirken doğruyu nokta olarak düşündükleri için noktaya göre simetrilerini almışlardır.' Birebir öğrenci alıntısı yok. || Tez yanılgı başına oran vermiyor; yalnız soru bazlı doğru/yanlış yüzdesi var, bir sorunun yanlış yüzdesi birden çok nedene dağılıyor. K1 gereği gorulme_orani boş, K5 gereği guven=1.",M.8.3.2.2
486434,"Bazan, Tuğba",2017,Dokuz Eylül Üniversitesi,YL,2013,karma,562,İzmir,Dönüşüm geometrisi,,Yansımayı sesin yansıması gibi düşünme,Öğrenciler yansımayı tanımlarken bir cismin aynada oluşturduğu görüntü ya da sesin yansıması gibi ifadeler kullanıyor.,,,"Araştırmacı tarafından geliştirilen açık uçlu 'Öğrenme Güçlüğü Belirleme Anketi' (7. sınıf 15 soru, 8. sınıf 21 soru; her soruda gerekçe açıklama) + 30 öğrenciyle klinik mülakat (Görüşme Protokolü)","Simetri örneklerini çeşitlendirme (dikey, yatay ve eğik eksen); kâğıt katlama, somut materyal ve dinamik geometri yazılımı; doğruya ve noktaya göre simetriyi ayrı etkinliklerle kurma (s. 198-199)",YOK,1,1,s. 193,"Tez: 'Ayrıca bazılarına göre ise sesin yansıması gibi ifadeler kullanmışlardır. Öğrencilerin bu cevapları vermeleri öğrencilerde kavram yanılgısının olduğunu göstermektedir.' Birebir alıntı verilmemiş. || Tez yanılgı başına oran vermiyor; yalnız soru bazlı doğru/yanlış yüzdesi var, bir sorunun yanlış yüzdesi birden çok nedene dağılıyor. K1 gereği gorulme_orani boş, K5 gereği guven=1.",M.8.3.2.2
381134,"Doyuran, Gözde",2014,Dokuz Eylül Üniversitesi,YL,2013,karma,296,Aydın,DİĞER: Temel geometri,,Noktayı boyutlu ve yuvarlak sanma,"Öğrenci noktayı boyutsuz bir kavram değil; küçük, yuvarlak ve büyüklüğü olan bir nesne olarak düşünüyor.","""Küçük ve yuvarlak.""",,Araştırmacı tarafından geliştirilen 13 soruluk Kavram Yanılgıları Belirleme Anketi (çoktan seçmeli ve açık uçlu gerekçe/çizim bölümleri) + her sınıf düzeyinden 5 öğrenciyle toplam 20 yarı yapılandırılmış görüşme,Kullanılan örnek ve modellerin kavramın kendisi olmadığını açıkça belirtme; kritik özellikleri vurgulama ve tek prototip yerine çeşitli gösterimler kullanma (s. 137-138),YOK,1,1,s. 103-104,"tez_id, YÖK Ulusal Tez Merkezi'nden inen dosya adından alındı (381134.pdf); tez metninde tez numarası basılı değil. || Tez, nokta çizimleri ve modellerinin noktanın boyutu olduğu düşüncesini doğurduğunu belirtiyor (sonuç s. 126). || Tez yanılgı başına görülme oranı vermiyor; tablolar soru yanıtlarının yüzde ve frekans dağılımlarıdır. K1 gereği gorulme_orani boş, guven=1. Bulgular 32 beşinci, 79 altıncı, 94 yedinci ve 91 sekizinci sınıf öğrencisine ait değerlendirilmiş 296 anket ile 20 görüşmeden birlikte üretilmiştir; sınıf düzeyleri ayrılamadığı için sinif=karma. Türkçe özette 335 yazmasına karşılık yöntem Tablo 4 toplam katılımı 355, değerlendirmeye alınan anketleri 296 olarak verir; satırdaki n analiz edilen 296 ankettir. Konu 12 LGS başlığından biri değildir ve kazanim-listesi.txt içinde temel geometrik kavramlara doğrudan karşılık gelen 8. sınıf kazanımı bulunmadığı için lgs_kazanim_tahmini boştur. || KAPSAM UYARISI: değerlendirmeye alınan 296 öğrencinin 32'si 5. sınıftır (Tablo 4, s. 64: 32 beşinci + 79 altıncı + 94 yedinci + 91 sekizinci). Protokol kapsamı 6-8; 6-8 karşılığı n=264. Tezin verdiği yüzdeler 5. sınıf dahil hesaplanmıştır, olduğu gibi aktarıldı — yeniden hesaplanmadı (K1). || KAYNAK BÖLÜMÜ: bu satır görüşme/tartışma bölümünden kodlandı; tezin oranlı bulguları Tablo 5-17'de (s. 72-102).",M.8.3.2.1
381134,"Doyuran, Gözde",2014,Dokuz Eylül Üniversitesi,YL,2013,karma,296,Aydın,DİĞER: Temel geometri,,Noktayı noktalama işareti sanma,Öğrenci geometrik noktayı Türkçede cümle sonuna konulan noktalama işaretiyle özdeşleştiriyor.,"""Nokta cümlelerin sonuna konur.""",,Araştırmacı tarafından geliştirilen 13 soruluk Kavram Yanılgıları Belirleme Anketi (çoktan seçmeli ve açık uçlu gerekçe/çizim bölümleri) + her sınıf düzeyinden 5 öğrenciyle toplam 20 yarı yapılandırılmış görüşme,"Matematiksel sözcük ve sembollerin kesin anlamlarını vurgulama; yazılı, sözlü ve sembolik anlatıma eşdeğer önem verme (s. 138-141)",YOK,1,1,s. 103-104,"Tez bu günlük dil karşılığının geometrik kavramın oluşmasına engel olduğunu söylüyor (s. 104, 127). || Tez yanılgı başına görülme oranı vermiyor; tablolar soru yanıtlarının yüzde ve frekans dağılımlarıdır. K1 gereği gorulme_orani boş, guven=1. Bulgular 32 beşinci, 79 altıncı, 94 yedinci ve 91 sekizinci sınıf öğrencisine ait değerlendirilmiş 296 anket ile 20 görüşmeden birlikte üretilmiştir; sınıf düzeyleri ayrılamadığı için sinif=karma. Türkçe özette 335 yazmasına karşılık yöntem Tablo 4 toplam katılımı 355, değerlendirmeye alınan anketleri 296 olarak verir; satırdaki n analiz edilen 296 ankettir. Konu 12 LGS başlığından biri değildir ve kazanim-listesi.txt içinde temel geometrik kavramlara doğrudan karşılık gelen 8. sınıf kazanımı bulunmadığı için lgs_kazanim_tahmini boştur. || KAPSAM UYARISI: değerlendirmeye alınan 296 öğrencinin 32'si 5. sınıftır (Tablo 4, s. 64: 32 beşinci + 79 altıncı + 94 yedinci + 91 sekizinci). Protokol kapsamı 6-8; 6-8 karşılığı n=264. Tezin verdiği yüzdeler 5. sınıf dahil hesaplanmıştır, olduğu gibi aktarıldı — yeniden hesaplanmadı (K1). || KAYNAK BÖLÜMÜ: bu satır görüşme/tartışma bölümünden kodlandı; tezin oranlı bulguları Tablo 5-17'de (s. 72-102).",M.8.3.2.1
381134,"Doyuran, Gözde",2014,Dokuz Eylül Üniversitesi,YL,2013,karma,296,Aydın,DİĞER: Temel geometri,,Noktayı çarpma sembolü sanma,Öğrenci geometrik noktayı matematikte çarpma işleminde kullanılan sembolle özdeşleştiriyor.,"""Çarpma işleminin ortasına konur.""",,Araştırmacı tarafından geliştirilen 13 soruluk Kavram Yanılgıları Belirleme Anketi (çoktan seçmeli ve açık uçlu gerekçe/çizim bölümleri) + her sınıf düzeyinden 5 öğrenciyle toplam 20 yarı yapılandırılmış görüşme,"Matematiksel sözcük ve sembollerin kesin anlamlarını vurgulama; yazılı, sözlü ve sembolik anlatıma eşdeğer önem verme (s. 138-141)",YOK,1,1,s. 103-104,"Tez bu sembol eşlemesinin geometrik kavramın oluşmasına engel olduğunu söylüyor (s. 104, 127). || Tez yanılgı başına görülme oranı vermiyor; tablolar soru yanıtlarının yüzde ve frekans dağılımlarıdır. K1 gereği gorulme_orani boş, guven=1. Bulgular 32 beşinci, 79 altıncı, 94 yedinci ve 91 sekizinci sınıf öğrencisine ait değerlendirilmiş 296 anket ile 20 görüşmeden birlikte üretilmiştir; sınıf düzeyleri ayrılamadığı için sinif=karma. Türkçe özette 335 yazmasına karşılık yöntem Tablo 4 toplam katılımı 355, değerlendirmeye alınan anketleri 296 olarak verir; satırdaki n analiz edilen 296 ankettir. Konu 12 LGS başlığından biri değildir ve kazanim-listesi.txt içinde temel geometrik kavramlara doğrudan karşılık gelen 8. sınıf kazanımı bulunmadığı için lgs_kazanim_tahmini boştur. || KAPSAM UYARISI: değerlendirmeye alınan 296 öğrencinin 32'si 5. sınıftır (Tablo 4, s. 64: 32 beşinci + 79 altıncı + 94 yedinci + 91 sekizinci). Protokol kapsamı 6-8; 6-8 karşılığı n=264. Tezin verdiği yüzdeler 5. sınıf dahil hesaplanmıştır, olduğu gibi aktarıldı — yeniden hesaplanmadı (K1). || KAYNAK BÖLÜMÜ: bu satır görüşme/tartışma bölümünden kodlandı; tezin oranlı bulguları Tablo 5-17'de (s. 72-102).",M.8.3.2.1
381134,"Doyuran, Gözde",2014,Dokuz Eylül Üniversitesi,YL,2013,karma,296,Aydın,DİĞER: Temel geometri,,Doğruyu sınırlı doğru parçası sanma,"Öğrenci doğruyu başlangıcı ve sonu bulunan, iki taraftan sınırlı bir parça olarak görüyor.","""Bir noktada başlayıp bir noktada bitiyor.""",,Araştırmacı tarafından geliştirilen 13 soruluk Kavram Yanılgıları Belirleme Anketi (çoktan seçmeli ve açık uçlu gerekçe/çizim bölümleri) + her sınıf düzeyinden 5 öğrenciyle toplam 20 yarı yapılandırılmış görüşme,"Ön bilgileri yoklama; kavramlar arası ilişkileri ayrıntılı kurdurma; öğrencinin çözüm yolunu açıklamasını sağlayıp teşhis edici dönüt verme (s. 137, 140-141)",YOK,1,1,s. 107,"Tez bu yanıtları doğru ile doğru parçasının karıştırılması olarak sınıflandırıyor (sonuç s. 127). || Tez yanılgı başına görülme oranı vermiyor; tablolar soru yanıtlarının yüzde ve frekans dağılımlarıdır. K1 gereği gorulme_orani boş, guven=1. Bulgular 32 beşinci, 79 altıncı, 94 yedinci ve 91 sekizinci sınıf öğrencisine ait değerlendirilmiş 296 anket ile 20 görüşmeden birlikte üretilmiştir; sınıf düzeyleri ayrılamadığı için sinif=karma. Türkçe özette 335 yazmasına karşılık yöntem Tablo 4 toplam katılımı 355, değerlendirmeye alınan anketleri 296 olarak verir; satırdaki n analiz edilen 296 ankettir. Konu 12 LGS başlığından biri değildir ve kazanim-listesi.txt içinde temel geometrik kavramlara doğrudan karşılık gelen 8. sınıf kazanımı bulunmadığı için lgs_kazanim_tahmini boştur. || KAPSAM UYARISI: değerlendirmeye alınan 296 öğrencinin 32'si 5. sınıftır (Tablo 4, s. 64: 32 beşinci + 79 altıncı + 94 yedinci + 91 sekizinci). Protokol kapsamı 6-8; 6-8 karşılığı n=264. Tezin verdiği yüzdeler 5. sınıf dahil hesaplanmıştır, olduğu gibi aktarıldı — yeniden hesaplanmadı (K1). || KAYNAK BÖLÜMÜ: bu satır görüşme/tartışma bölümünden kodlandı; tezin oranlı bulguları Tablo 5-17'de (s. 72-102).",M.8.3.2.1
381134,"Doyuran, Gözde",2014,Dokuz Eylül Üniversitesi,YL,2013,karma,296,Aydın,DİĞER: Temel geometri,,Doğruyu ışın sanma,Öğrenci doğruyu bir noktadan başlayan ve yalnız bir yönde uzayan ışın gibi düşünüyor.,"""Başladığı belli ama sonu belli olmayan çizgi.""",,Araştırmacı tarafından geliştirilen 13 soruluk Kavram Yanılgıları Belirleme Anketi (çoktan seçmeli ve açık uçlu gerekçe/çizim bölümleri) + her sınıf düzeyinden 5 öğrenciyle toplam 20 yarı yapılandırılmış görüşme,"Ön bilgileri yoklama; kavramlar arası ilişkileri ayrıntılı kurdurma; öğrencinin çözüm yolunu açıklamasını sağlayıp teşhis edici dönüt verme (s. 137, 140-141)",YOK,1,1,s. 107,"Tez bu tanımı doğru ile ışının karıştırılması olarak sınıflandırıyor (sonuç s. 127). || Tez yanılgı başına görülme oranı vermiyor; tablolar soru yanıtlarının yüzde ve frekans dağılımlarıdır. K1 gereği gorulme_orani boş, guven=1. Bulgular 32 beşinci, 79 altıncı, 94 yedinci ve 91 sekizinci sınıf öğrencisine ait değerlendirilmiş 296 anket ile 20 görüşmeden birlikte üretilmiştir; sınıf düzeyleri ayrılamadığı için sinif=karma. Türkçe özette 335 yazmasına karşılık yöntem Tablo 4 toplam katılımı 355, değerlendirmeye alınan anketleri 296 olarak verir; satırdaki n analiz edilen 296 ankettir. Konu 12 LGS başlığından biri değildir ve kazanim-listesi.txt içinde temel geometrik kavramlara doğrudan karşılık gelen 8. sınıf kazanımı bulunmadığı için lgs_kazanim_tahmini boştur. || KAPSAM UYARISI: değerlendirmeye alınan 296 öğrencinin 32'si 5. sınıftır (Tablo 4, s. 64: 32 beşinci + 79 altıncı + 94 yedinci + 91 sekizinci). Protokol kapsamı 6-8; 6-8 karşılığı n=264. Tezin verdiği yüzdeler 5. sınıf dahil hesaplanmıştır, olduğu gibi aktarıldı — yeniden hesaplanmadı (K1). || KAYNAK BÖLÜMÜ: bu satır görüşme/tartışma bölümünden kodlandı; tezin oranlı bulguları Tablo 5-17'de (s. 72-102).",M.6.3.1.1
381134,"Doyuran, Gözde",2014,Dokuz Eylül Üniversitesi,YL,2013,karma,296,Aydın,DİĞER: Temel geometri,,Sayı doğrusunu sınırlı sanma,Öğrenci sayı doğrusunun sınırlı olduğunu ve sayıların sonsuzluğunu kavrayamadığını göstererek doğrunun ölçülebilir olduğu sonucuna varıyor.,,,Araştırmacı tarafından geliştirilen 13 soruluk Kavram Yanılgıları Belirleme Anketi (çoktan seçmeli ve açık uçlu gerekçe/çizim bölümleri) + her sınıf düzeyinden 5 öğrenciyle toplam 20 yarı yapılandırılmış görüşme,"Ön bilgileri yoklama; kavramlar arası ilişkileri ayrıntılı kurdurma; öğrencinin çözüm yolunu açıklamasını sağlayıp teşhis edici dönüt verme (s. 137, 140-141)",YOK,3,1,s. 129,"Tez bu bulguyu sayıların sonsuzluğunun kavranmamasıyla ilişkilendiriyor; bu nedenle lemma basamağı 3. || Tez yanılgı başına görülme oranı vermiyor; tablolar soru yanıtlarının yüzde ve frekans dağılımlarıdır. K1 gereği gorulme_orani boş, guven=1. Bulgular 32 beşinci, 79 altıncı, 94 yedinci ve 91 sekizinci sınıf öğrencisine ait değerlendirilmiş 296 anket ile 20 görüşmeden birlikte üretilmiştir; sınıf düzeyleri ayrılamadığı için sinif=karma. Türkçe özette 335 yazmasına karşılık yöntem Tablo 4 toplam katılımı 355, değerlendirmeye alınan anketleri 296 olarak verir; satırdaki n analiz edilen 296 ankettir. Konu 12 LGS başlığından biri değildir ve kazanim-listesi.txt içinde temel geometrik kavramlara doğrudan karşılık gelen 8. sınıf kazanımı bulunmadığı için lgs_kazanim_tahmini boştur. || KAPSAM UYARISI: değerlendirmeye alınan 296 öğrencinin 32'si 5. sınıftır (Tablo 4, s. 64: 32 beşinci + 79 altıncı + 94 yedinci + 91 sekizinci). Protokol kapsamı 6-8; 6-8 karşılığı n=264. Tezin verdiği yüzdeler 5. sınıf dahil hesaplanmıştır, olduğu gibi aktarıldı — yeniden hesaplanmadı (K1). || KAYNAK BÖLÜMÜ: bu satır görüşme/tartışma bölümünden kodlandı; tezin oranlı bulguları Tablo 5-17'de (s. 72-102).",M.8.3.2.1
381134,"Doyuran, Gözde",2014,Dokuz Eylül Üniversitesi,YL,2013,karma,296,Aydın,DİĞER: Temel geometri,,Okları anlamadan doğru göstergesi sayma,Öğrenci doğruyu sınırlı düşünmesine rağmen uçlarına ok çiziyor; okların sonsuz uzama anlamını kavramıyor.,"""Sonunda ve başında ok işareti olan düz bir çizgi.""",,Araştırmacı tarafından geliştirilen 13 soruluk Kavram Yanılgıları Belirleme Anketi (çoktan seçmeli ve açık uçlu gerekçe/çizim bölümleri) + her sınıf düzeyinden 5 öğrenciyle toplam 20 yarı yapılandırılmış görüşme,Kullanılan örnek ve modellerin kavramın kendisi olmadığını açıkça belirtme; kritik özellikleri vurgulama ve tek prototip yerine çeşitli gösterimler kullanma (s. 137-138),YOK,1,1,s. 107-108,"Tez çizimin yalnız görsel imge olarak kullanıldığını ve ok işaretinin anlamlandırılmadığını belirtiyor (s. 129). || Tez yanılgı başına görülme oranı vermiyor; tablolar soru yanıtlarının yüzde ve frekans dağılımlarıdır. K1 gereği gorulme_orani boş, guven=1. Bulgular 32 beşinci, 79 altıncı, 94 yedinci ve 91 sekizinci sınıf öğrencisine ait değerlendirilmiş 296 anket ile 20 görüşmeden birlikte üretilmiştir; sınıf düzeyleri ayrılamadığı için sinif=karma. Türkçe özette 335 yazmasına karşılık yöntem Tablo 4 toplam katılımı 355, değerlendirmeye alınan anketleri 296 olarak verir; satırdaki n analiz edilen 296 ankettir. Konu 12 LGS başlığından biri değildir ve kazanim-listesi.txt içinde temel geometrik kavramlara doğrudan karşılık gelen 8. sınıf kazanımı bulunmadığı için lgs_kazanim_tahmini boştur. || KAPSAM UYARISI: değerlendirmeye alınan 296 öğrencinin 32'si 5. sınıftır (Tablo 4, s. 64: 32 beşinci + 79 altıncı + 94 yedinci + 91 sekizinci). Protokol kapsamı 6-8; 6-8 karşılığı n=264. Tezin verdiği yüzdeler 5. sınıf dahil hesaplanmıştır, olduğu gibi aktarıldı — yeniden hesaplanmadı (K1). || KAYNAK BÖLÜMÜ: bu satır görüşme/tartışma bölümünden kodlandı; tezin oranlı bulguları Tablo 5-17'de (s. 72-102).",M.8.3.2.1
381134,"Doyuran, Gözde",2014,Dokuz Eylül Üniversitesi,YL,2013,karma,296,Aydın,DİĞER: Temel geometri,,Doğru yalnız iki noktadan oluşur,"Öğrenci “iki noktadan bir doğru geçer” ifadesini, doğrunun yalnız bu iki noktadan oluştuğu biçiminde yorumluyor.",,,Araştırmacı tarafından geliştirilen 13 soruluk Kavram Yanılgıları Belirleme Anketi (çoktan seçmeli ve açık uçlu gerekçe/çizim bölümleri) + her sınıf düzeyinden 5 öğrenciyle toplam 20 yarı yapılandırılmış görüşme,"Matematiksel sözcük ve sembollerin kesin anlamlarını vurgulama; yazılı, sözlü ve sembolik anlatıma eşdeğer önem verme (s. 138-141)",YOK,2,1,s. 129-130,"Tez sebebi doğrudan derste kullanılan cümleye bağlıyor; bu nedenle lemma basamağı 2. || Tez yanılgı başına görülme oranı vermiyor; tablolar soru yanıtlarının yüzde ve frekans dağılımlarıdır. K1 gereği gorulme_orani boş, guven=1. Bulgular 32 beşinci, 79 altıncı, 94 yedinci ve 91 sekizinci sınıf öğrencisine ait değerlendirilmiş 296 anket ile 20 görüşmeden birlikte üretilmiştir; sınıf düzeyleri ayrılamadığı için sinif=karma. Türkçe özette 335 yazmasına karşılık yöntem Tablo 4 toplam katılımı 355, değerlendirmeye alınan anketleri 296 olarak verir; satırdaki n analiz edilen 296 ankettir. Konu 12 LGS başlığından biri değildir ve kazanim-listesi.txt içinde temel geometrik kavramlara doğrudan karşılık gelen 8. sınıf kazanımı bulunmadığı için lgs_kazanim_tahmini boştur. || KAPSAM UYARISI: değerlendirmeye alınan 296 öğrencinin 32'si 5. sınıftır (Tablo 4, s. 64: 32 beşinci + 79 altıncı + 94 yedinci + 91 sekizinci). Protokol kapsamı 6-8; 6-8 karşılığı n=264. Tezin verdiği yüzdeler 5. sınıf dahil hesaplanmıştır, olduğu gibi aktarıldı — yeniden hesaplanmadı (K1). || KAYNAK BÖLÜMÜ: bu satır görüşme/tartışma bölümünden kodlandı; tezin oranlı bulguları Tablo 5-17'de (s. 72-102).",M.8.3.2.1
381134,"Doyuran, Gözde",2014,Dokuz Eylül Üniversitesi,YL,2013,karma,296,Aydın,DİĞER: Temel geometri,,Doğruda yalnız işaretli noktalar vardır,Öğrenci doğru üzerinde küçük daire şeklinde belirtilen noktaları görünce doğru üzerinde sadece o noktaların var olduğunu düşünüyor.,,,Araştırmacı tarafından geliştirilen 13 soruluk Kavram Yanılgıları Belirleme Anketi (çoktan seçmeli ve açık uçlu gerekçe/çizim bölümleri) + her sınıf düzeyinden 5 öğrenciyle toplam 20 yarı yapılandırılmış görüşme,Kullanılan örnek ve modellerin kavramın kendisi olmadığını açıkça belirtme; kritik özellikleri vurgulama ve tek prototip yerine çeşitli gösterimler kullanma (s. 137-138),YOK,1,1,s. 130,"Tez yanılgıyı nokta için kullanılan küçük daire gösterimine bağlıyor. || Tez yanılgı başına görülme oranı vermiyor; tablolar soru yanıtlarının yüzde ve frekans dağılımlarıdır. K1 gereği gorulme_orani boş, guven=1. Bulgular 32 beşinci, 79 altıncı, 94 yedinci ve 91 sekizinci sınıf öğrencisine ait değerlendirilmiş 296 anket ile 20 görüşmeden birlikte üretilmiştir; sınıf düzeyleri ayrılamadığı için sinif=karma. Türkçe özette 335 yazmasına karşılık yöntem Tablo 4 toplam katılımı 355, değerlendirmeye alınan anketleri 296 olarak verir; satırdaki n analiz edilen 296 ankettir. Konu 12 LGS başlığından biri değildir ve kazanim-listesi.txt içinde temel geometrik kavramlara doğrudan karşılık gelen 8. sınıf kazanımı bulunmadığı için lgs_kazanim_tahmini boştur. || KAPSAM UYARISI: değerlendirmeye alınan 296 öğrencinin 32'si 5. sınıftır (Tablo 4, s. 64: 32 beşinci + 79 altıncı + 94 yedinci + 91 sekizinci). Protokol kapsamı 6-8; 6-8 karşılığı n=264. Tezin verdiği yüzdeler 5. sınıf dahil hesaplanmıştır, olduğu gibi aktarıldı — yeniden hesaplanmadı (K1). || KAYNAK BÖLÜMÜ: bu satır görüşme/tartışma bölümünden kodlandı; tezin oranlı bulguları Tablo 5-17'de (s. 72-102).",M.8.3.2.1
381134,"Doyuran, Gözde",2014,Dokuz Eylül Üniversitesi,YL,2013,karma,296,Aydın,DİĞER: Temel geometri,,Doğru parçası ölçülemez,Öğrenci doğru parçasını doğruyla karıştırdığı için onun sonsuza gittiğini ve uzunluğunun ölçülemeyeceğini düşünüyor.,"""Ölçülemez.""",,Araştırmacı tarafından geliştirilen 13 soruluk Kavram Yanılgıları Belirleme Anketi (çoktan seçmeli ve açık uçlu gerekçe/çizim bölümleri) + her sınıf düzeyinden 5 öğrenciyle toplam 20 yarı yapılandırılmış görüşme,"Ön bilgileri yoklama; kavramlar arası ilişkileri ayrıntılı kurdurma; öğrencinin çözüm yolunu açıklamasını sağlayıp teşhis edici dönüt verme (s. 137, 140-141)",YOK,3,1,s. 109,"Tez bu yanıtı doğru parçası ile doğruyu karıştırma olarak sınıflandırıyor; alt kavram ayrımı kurulmadığı için lemma basamağı 3. || Tez yanılgı başına görülme oranı vermiyor; tablolar soru yanıtlarının yüzde ve frekans dağılımlarıdır. K1 gereği gorulme_orani boş, guven=1. Bulgular 32 beşinci, 79 altıncı, 94 yedinci ve 91 sekizinci sınıf öğrencisine ait değerlendirilmiş 296 anket ile 20 görüşmeden birlikte üretilmiştir; sınıf düzeyleri ayrılamadığı için sinif=karma. Türkçe özette 335 yazmasına karşılık yöntem Tablo 4 toplam katılımı 355, değerlendirmeye alınan anketleri 296 olarak verir; satırdaki n analiz edilen 296 ankettir. Konu 12 LGS başlığından biri değildir ve kazanim-listesi.txt içinde temel geometrik kavramlara doğrudan karşılık gelen 8. sınıf kazanımı bulunmadığı için lgs_kazanim_tahmini boştur. || KAPSAM UYARISI: değerlendirmeye alınan 296 öğrencinin 32'si 5. sınıftır (Tablo 4, s. 64: 32 beşinci + 79 altıncı + 94 yedinci + 91 sekizinci). Protokol kapsamı 6-8; 6-8 karşılığı n=264. Tezin verdiği yüzdeler 5. sınıf dahil hesaplanmıştır, olduğu gibi aktarıldı — yeniden hesaplanmadı (K1). || KAYNAK BÖLÜMÜ: bu satır görüşme/tartışma bölümünden kodlandı; tezin oranlı bulguları Tablo 5-17'de (s. 72-102).",M.8.3.2.1
381134,"Doyuran, Gözde",2014,Dokuz Eylül Üniversitesi,YL,2013,karma,296,Aydın,DİĞER: Temel geometri,,Işını doğru sanma,"Öğrenci ışını hiçbir tarafı sınırlanmayan, iki yönde uzayan bir doğru gibi tanımlıyor.","""Hiçbir tarafın sınırlanmadığı parçadır.""",,Araştırmacı tarafından geliştirilen 13 soruluk Kavram Yanılgıları Belirleme Anketi (çoktan seçmeli ve açık uçlu gerekçe/çizim bölümleri) + her sınıf düzeyinden 5 öğrenciyle toplam 20 yarı yapılandırılmış görüşme,"Ön bilgileri yoklama; kavramlar arası ilişkileri ayrıntılı kurdurma; öğrencinin çözüm yolunu açıklamasını sağlayıp teşhis edici dönüt verme (s. 137, 140-141)",YOK,1,1,s. 112,"Tez bu yanıtı ışın ile doğru ve doğru parçasının karıştırılması kategorisinde veriyor (sonuç s. 130). || Tez yanılgı başına görülme oranı vermiyor; tablolar soru yanıtlarının yüzde ve frekans dağılımlarıdır. K1 gereği gorulme_orani boş, guven=1. Bulgular 32 beşinci, 79 altıncı, 94 yedinci ve 91 sekizinci sınıf öğrencisine ait değerlendirilmiş 296 anket ile 20 görüşmeden birlikte üretilmiştir; sınıf düzeyleri ayrılamadığı için sinif=karma. Türkçe özette 335 yazmasına karşılık yöntem Tablo 4 toplam katılımı 355, değerlendirmeye alınan anketleri 296 olarak verir; satırdaki n analiz edilen 296 ankettir. Konu 12 LGS başlığından biri değildir ve kazanim-listesi.txt içinde temel geometrik kavramlara doğrudan karşılık gelen 8. sınıf kazanımı bulunmadığı için lgs_kazanim_tahmini boştur. || KAPSAM UYARISI: değerlendirmeye alınan 296 öğrencinin 32'si 5. sınıftır (Tablo 4, s. 64: 32 beşinci + 79 altıncı + 94 yedinci + 91 sekizinci). Protokol kapsamı 6-8; 6-8 karşılığı n=264. Tezin verdiği yüzdeler 5. sınıf dahil hesaplanmıştır, olduğu gibi aktarıldı — yeniden hesaplanmadı (K1). || KAYNAK BÖLÜMÜ: bu satır görüşme/tartışma bölümünden kodlandı; tezin oranlı bulguları Tablo 5-17'de (s. 72-102).",M.6.3.1.1
381134,"Doyuran, Gözde",2014,Dokuz Eylül Üniversitesi,YL,2013,karma,296,Aydın,DİĞER: Temel geometri,,Açı ölçüsü kol uzunluğuna bağlıdır,"Öğrenci açının kollarını uzattığında açının ölçüsünün büyüyeceğini, kollarını kısalttığında açının ölçüsünün küçüleceğini düşünüyor.",,,Araştırmacı tarafından geliştirilen 13 soruluk Kavram Yanılgıları Belirleme Anketi (çoktan seçmeli ve açık uçlu gerekçe/çizim bölümleri) + her sınıf düzeyinden 5 öğrenciyle toplam 20 yarı yapılandırılmış görüşme,Açı ile açı ölçüsünü ayırma; açının kollarının ışın olduğunu dinamik geometri yazılımıyla gösterme ve ışınları döndürerek ölçünün değişimini inceletme (s. 138-139),YOK,3,1,s. 119,"Tez bunu yaygın bir kavram yanılgısı sayıyor ve sebebi ışın kavramının öğrenilmemesine bağlıyor (s. 132); bu nedenle lemma basamağı 3. || Tez yanılgı başına görülme oranı vermiyor; tablolar soru yanıtlarının yüzde ve frekans dağılımlarıdır. K1 gereği gorulme_orani boş, guven=1. Bulgular 32 beşinci, 79 altıncı, 94 yedinci ve 91 sekizinci sınıf öğrencisine ait değerlendirilmiş 296 anket ile 20 görüşmeden birlikte üretilmiştir; sınıf düzeyleri ayrılamadığı için sinif=karma. Türkçe özette 335 yazmasına karşılık yöntem Tablo 4 toplam katılımı 355, değerlendirmeye alınan anketleri 296 olarak verir; satırdaki n analiz edilen 296 ankettir. Konu 12 LGS başlığından biri değildir ve kazanim-listesi.txt içinde temel geometrik kavramlara doğrudan karşılık gelen 8. sınıf kazanımı bulunmadığı için lgs_kazanim_tahmini boştur. || KAPSAM UYARISI: değerlendirmeye alınan 296 öğrencinin 32'si 5. sınıftır (Tablo 4, s. 64: 32 beşinci + 79 altıncı + 94 yedinci + 91 sekizinci). Protokol kapsamı 6-8; 6-8 karşılığı n=264. Tezin verdiği yüzdeler 5. sınıf dahil hesaplanmıştır, olduğu gibi aktarıldı — yeniden hesaplanmadı (K1). || KAYNAK BÖLÜMÜ: bu satır görüşme/tartışma bölümünden kodlandı; tezin oranlı bulguları Tablo 5-17'de (s. 72-102).",M.6.3.1.1
381134,"Doyuran, Gözde",2014,Dokuz Eylül Üniversitesi,YL,2013,karma,296,Aydın,DİĞER: Temel geometri,,Açıyı çokgen kenarlarının birleşimi sanma,"Öğrenci açıyı iki ışınla değil, bir çokgenin iki kenarının birleştiği yer ya da köşe olarak tanımlıyor.","""Bir tahtanın kısa kenarı ile uzun kenarının birleştiği yer.""",,Araştırmacı tarafından geliştirilen 13 soruluk Kavram Yanılgıları Belirleme Anketi (çoktan seçmeli ve açık uçlu gerekçe/çizim bölümleri) + her sınıf düzeyinden 5 öğrenciyle toplam 20 yarı yapılandırılmış görüşme,Açı ile açı ölçüsünü ayırma; açının kollarının ışın olduğunu dinamik geometri yazılımıyla gösterme ve ışınları döndürerek ölçünün değişimini inceletme (s. 138-139),YOK,1,1,s. 115,"Tez bu örüntüyü çokgenlerde açı belirleme durumunun aşırı genellenmesi olarak açıklıyor (sonuç s. 132). || Tez yanılgı başına görülme oranı vermiyor; tablolar soru yanıtlarının yüzde ve frekans dağılımlarıdır. K1 gereği gorulme_orani boş, guven=1. Bulgular 32 beşinci, 79 altıncı, 94 yedinci ve 91 sekizinci sınıf öğrencisine ait değerlendirilmiş 296 anket ile 20 görüşmeden birlikte üretilmiştir; sınıf düzeyleri ayrılamadığı için sinif=karma. Türkçe özette 335 yazmasına karşılık yöntem Tablo 4 toplam katılımı 355, değerlendirmeye alınan anketleri 296 olarak verir; satırdaki n analiz edilen 296 ankettir. Konu 12 LGS başlığından biri değildir ve kazanim-listesi.txt içinde temel geometrik kavramlara doğrudan karşılık gelen 8. sınıf kazanımı bulunmadığı için lgs_kazanim_tahmini boştur. || KAPSAM UYARISI: değerlendirmeye alınan 296 öğrencinin 32'si 5. sınıftır (Tablo 4, s. 64: 32 beşinci + 79 altıncı + 94 yedinci + 91 sekizinci). Protokol kapsamı 6-8; 6-8 karşılığı n=264. Tezin verdiği yüzdeler 5. sınıf dahil hesaplanmıştır, olduğu gibi aktarıldı — yeniden hesaplanmadı (K1). || KAYNAK BÖLÜMÜ: bu satır görüşme/tartışma bölümünden kodlandı; tezin oranlı bulguları Tablo 5-17'de (s. 72-102).",M.6.3.1.1
381134,"Doyuran, Gözde",2014,Dokuz Eylül Üniversitesi,YL,2013,karma,296,Aydın,DİĞER: Temel geometri,,Açı ile dereceyi aynı sanma,Öğrenci açıyı geometrik bir kavram yerine derece cinsinden bir sayı veya ölçü olarak algılıyor.,"""1 derece ile 180 derece arasında olan sayılar.""",,Araştırmacı tarafından geliştirilen 13 soruluk Kavram Yanılgıları Belirleme Anketi (çoktan seçmeli ve açık uçlu gerekçe/çizim bölümleri) + her sınıf düzeyinden 5 öğrenciyle toplam 20 yarı yapılandırılmış görüşme,Açı ile açı ölçüsünü ayırma; açının kollarının ışın olduğunu dinamik geometri yazılımıyla gösterme ve ışınları döndürerek ölçünün değişimini inceletme (s. 138-139),YOK,1,1,s. 114,"Tez, açı ile açı ölçüsünün aynı algılandığını sonuç bölümünde de raporluyor (s. 133). || Tez yanılgı başına görülme oranı vermiyor; tablolar soru yanıtlarının yüzde ve frekans dağılımlarıdır. K1 gereği gorulme_orani boş, guven=1. Bulgular 32 beşinci, 79 altıncı, 94 yedinci ve 91 sekizinci sınıf öğrencisine ait değerlendirilmiş 296 anket ile 20 görüşmeden birlikte üretilmiştir; sınıf düzeyleri ayrılamadığı için sinif=karma. Türkçe özette 335 yazmasına karşılık yöntem Tablo 4 toplam katılımı 355, değerlendirmeye alınan anketleri 296 olarak verir; satırdaki n analiz edilen 296 ankettir. Konu 12 LGS başlığından biri değildir ve kazanim-listesi.txt içinde temel geometrik kavramlara doğrudan karşılık gelen 8. sınıf kazanımı bulunmadığı için lgs_kazanim_tahmini boştur. || KAPSAM UYARISI: değerlendirmeye alınan 296 öğrencinin 32'si 5. sınıftır (Tablo 4, s. 64: 32 beşinci + 79 altıncı + 94 yedinci + 91 sekizinci). Protokol kapsamı 6-8; 6-8 karşılığı n=264. Tezin verdiği yüzdeler 5. sınıf dahil hesaplanmıştır, olduğu gibi aktarıldı — yeniden hesaplanmadı (K1). || KAYNAK BÖLÜMÜ: bu satır görüşme/tartışma bölümünden kodlandı; tezin oranlı bulguları Tablo 5-17'de (s. 72-102).",M.6.3.1.1
381134,"Doyuran, Gözde",2014,Dokuz Eylül Üniversitesi,YL,2013,karma,296,Aydın,DİĞER: Temel geometri,,Her açıyı dik açı prototipiyle gösterme,Öğrenci açının geometrik gösterimini yaparken çizdiği açı örneğinde dik açı sembolü kullanıyor; dik açı öğrencinin zihninde baskın kalıyor.,,,Araştırmacı tarafından geliştirilen 13 soruluk Kavram Yanılgıları Belirleme Anketi (çoktan seçmeli ve açık uçlu gerekçe/çizim bölümleri) + her sınıf düzeyinden 5 öğrenciyle toplam 20 yarı yapılandırılmış görüşme,Kullanılan örnek ve modellerin kavramın kendisi olmadığını açıkça belirtme; kritik özellikleri vurgulama ve tek prototip yerine çeşitli gösterimler kullanma (s. 137-138),YOK,2,1,s. 116,"Tez baskın prototipi öğretimde çoğunlukla dik, dar ve geniş açı çizimleri kullanılmasına bağlıyor (s. 133, 138); bu nedenle lemma basamağı 2. || Tez yanılgı başına görülme oranı vermiyor; tablolar soru yanıtlarının yüzde ve frekans dağılımlarıdır. K1 gereği gorulme_orani boş, guven=1. Bulgular 32 beşinci, 79 altıncı, 94 yedinci ve 91 sekizinci sınıf öğrencisine ait değerlendirilmiş 296 anket ile 20 görüşmeden birlikte üretilmiştir; sınıf düzeyleri ayrılamadığı için sinif=karma. Türkçe özette 335 yazmasına karşılık yöntem Tablo 4 toplam katılımı 355, değerlendirmeye alınan anketleri 296 olarak verir; satırdaki n analiz edilen 296 ankettir. Konu 12 LGS başlığından biri değildir ve kazanim-listesi.txt içinde temel geometrik kavramlara doğrudan karşılık gelen 8. sınıf kazanımı bulunmadığı için lgs_kazanim_tahmini boştur. || KAPSAM UYARISI: değerlendirmeye alınan 296 öğrencinin 32'si 5. sınıftır (Tablo 4, s. 64: 32 beşinci + 79 altıncı + 94 yedinci + 91 sekizinci). Protokol kapsamı 6-8; 6-8 karşılığı n=264. Tezin verdiği yüzdeler 5. sınıf dahil hesaplanmıştır, olduğu gibi aktarıldı — yeniden hesaplanmadı (K1). || KAYNAK BÖLÜMÜ: bu satır görüşme/tartışma bölümünden kodlandı; tezin oranlı bulguları Tablo 5-17'de (s. 72-102).",M.6.3.1.1
381134,"Doyuran, Gözde",2014,Dokuz Eylül Üniversitesi,YL,2013,karma,296,Aydın,DİĞER: Temel geometri,,Yön değişince farklı açı oluşur,Öğrenci açının ölçüsünü değiştirmeden yalnız duruşunu ve yönünü değiştirince farklı bir açı elde ettiğini düşünüyor.,,,Araştırmacı tarafından geliştirilen 13 soruluk Kavram Yanılgıları Belirleme Anketi (çoktan seçmeli ve açık uçlu gerekçe/çizim bölümleri) + her sınıf düzeyinden 5 öğrenciyle toplam 20 yarı yapılandırılmış görüşme,Açı ile açı ölçüsünü ayırma; açının kollarının ışın olduğunu dinamik geometri yazılımıyla gösterme ve ışınları döndürerek ölçünün değişimini inceletme (s. 138-139),YOK,1,1,s. 118,"Tez bu durumu açıkça açı kavramına ilişkin bir kavram yanılgısı olarak etiketliyor. || Tez yanılgı başına görülme oranı vermiyor; tablolar soru yanıtlarının yüzde ve frekans dağılımlarıdır. K1 gereği gorulme_orani boş, guven=1. Bulgular 32 beşinci, 79 altıncı, 94 yedinci ve 91 sekizinci sınıf öğrencisine ait değerlendirilmiş 296 anket ile 20 görüşmeden birlikte üretilmiştir; sınıf düzeyleri ayrılamadığı için sinif=karma. Türkçe özette 335 yazmasına karşılık yöntem Tablo 4 toplam katılımı 355, değerlendirmeye alınan anketleri 296 olarak verir; satırdaki n analiz edilen 296 ankettir. Konu 12 LGS başlığından biri değildir ve kazanim-listesi.txt içinde temel geometrik kavramlara doğrudan karşılık gelen 8. sınıf kazanımı bulunmadığı için lgs_kazanim_tahmini boştur. || KAPSAM UYARISI: değerlendirmeye alınan 296 öğrencinin 32'si 5. sınıftır (Tablo 4, s. 64: 32 beşinci + 79 altıncı + 94 yedinci + 91 sekizinci). Protokol kapsamı 6-8; 6-8 karşılığı n=264. Tezin verdiği yüzdeler 5. sınıf dahil hesaplanmıştır, olduğu gibi aktarıldı — yeniden hesaplanmadı (K1). || KAYNAK BÖLÜMÜ: bu satır görüşme/tartışma bölümünden kodlandı; tezin oranlı bulguları Tablo 5-17'de (s. 72-102).",M.6.3.1.1
381134,"Doyuran, Gözde",2014,Dokuz Eylül Üniversitesi,YL,2013,karma,296,Aydın,DİĞER: Temel geometri,,Açının bir kolu eğik olmalıdır,Öğrenci dik açı dışındaki açılarda bir kolun mutlaka eğik olması gerektiğini düşünüyor.,,,Araştırmacı tarafından geliştirilen 13 soruluk Kavram Yanılgıları Belirleme Anketi (çoktan seçmeli ve açık uçlu gerekçe/çizim bölümleri) + her sınıf düzeyinden 5 öğrenciyle toplam 20 yarı yapılandırılmış görüşme,Kullanılan örnek ve modellerin kavramın kendisi olmadığını açıkça belirtme; kritik özellikleri vurgulama ve tek prototip yerine çeşitli gösterimler kullanma (s. 137-138),YOK,1,1,s. 133-134,"Tez öğrenci çizimlerinde bu prototip örüntüsünü buluyor; öğretmen çizimlerinin etkisini olası sebep olarak sunuyor, kesin neden sayılmadığı için basamak 2 verilmedi. || Tez yanılgı başına görülme oranı vermiyor; tablolar soru yanıtlarının yüzde ve frekans dağılımlarıdır. K1 gereği gorulme_orani boş, guven=1. Bulgular 32 beşinci, 79 altıncı, 94 yedinci ve 91 sekizinci sınıf öğrencisine ait değerlendirilmiş 296 anket ile 20 görüşmeden birlikte üretilmiştir; sınıf düzeyleri ayrılamadığı için sinif=karma. Türkçe özette 335 yazmasına karşılık yöntem Tablo 4 toplam katılımı 355, değerlendirmeye alınan anketleri 296 olarak verir; satırdaki n analiz edilen 296 ankettir. Konu 12 LGS başlığından biri değildir ve kazanim-listesi.txt içinde temel geometrik kavramlara doğrudan karşılık gelen 8. sınıf kazanımı bulunmadığı için lgs_kazanim_tahmini boştur. || KAPSAM UYARISI: değerlendirmeye alınan 296 öğrencinin 32'si 5. sınıftır (Tablo 4, s. 64: 32 beşinci + 79 altıncı + 94 yedinci + 91 sekizinci). Protokol kapsamı 6-8; 6-8 karşılığı n=264. Tezin verdiği yüzdeler 5. sınıf dahil hesaplanmıştır, olduğu gibi aktarıldı — yeniden hesaplanmadı (K1). || KAYNAK BÖLÜMÜ: bu satır görüşme/tartışma bölümünden kodlandı; tezin oranlı bulguları Tablo 5-17'de (s. 72-102).",M.6.3.1.1
381134,"Doyuran, Gözde",2014,Dokuz Eylül Üniversitesi,YL,2013,karma,296,Aydın,DİĞER: Temel geometri,,Düz olan her şey düzlemdir,Öğrenci “düzlem” sözcüğündeki “düz” ifadesinden hareketle düz olan her şeyi düzlem sayıyor.,"""Her tarafı dümdüz, karşılıklı çizgi uzunlukları eşit.""",,Araştırmacı tarafından geliştirilen 13 soruluk Kavram Yanılgıları Belirleme Anketi (çoktan seçmeli ve açık uçlu gerekçe/çizim bölümleri) + her sınıf düzeyinden 5 öğrenciyle toplam 20 yarı yapılandırılmış görüşme,"Matematiksel sözcük ve sembollerin kesin anlamlarını vurgulama; yazılı, sözlü ve sembolik anlatıma eşdeğer önem verme (s. 138-141)",YOK,2,1,s. 120,"Tez yanılgıyı anlatım sırasında “düz” sözüne yapılan vurguya bağlıyor (s. 134, 138); bu nedenle lemma basamağı 2. || Tez yanılgı başına görülme oranı vermiyor; tablolar soru yanıtlarının yüzde ve frekans dağılımlarıdır. K1 gereği gorulme_orani boş, guven=1. Bulgular 32 beşinci, 79 altıncı, 94 yedinci ve 91 sekizinci sınıf öğrencisine ait değerlendirilmiş 296 anket ile 20 görüşmeden birlikte üretilmiştir; sınıf düzeyleri ayrılamadığı için sinif=karma. Türkçe özette 335 yazmasına karşılık yöntem Tablo 4 toplam katılımı 355, değerlendirmeye alınan anketleri 296 olarak verir; satırdaki n analiz edilen 296 ankettir. Konu 12 LGS başlığından biri değildir ve kazanim-listesi.txt içinde temel geometrik kavramlara doğrudan karşılık gelen 8. sınıf kazanımı bulunmadığı için lgs_kazanim_tahmini boştur. || KAPSAM UYARISI: değerlendirmeye alınan 296 öğrencinin 32'si 5. sınıftır (Tablo 4, s. 64: 32 beşinci + 79 altıncı + 94 yedinci + 91 sekizinci). Protokol kapsamı 6-8; 6-8 karşılığı n=264. Tezin verdiği yüzdeler 5. sınıf dahil hesaplanmıştır, olduğu gibi aktarıldı — yeniden hesaplanmadı (K1). || KAYNAK BÖLÜMÜ: bu satır görüşme/tartışma bölümünden kodlandı; tezin oranlı bulguları Tablo 5-17'de (s. 72-102).",M.8.3.4.1
381134,"Doyuran, Gözde",2014,Dokuz Eylül Üniversitesi,YL,2013,karma,296,Aydın,DİĞER: Temel geometri,,Düzlem sınırlı dikdörtgen bölgedir,Öğrenci düzlemi sonsuz iki boyutlu bir yapı yerine dikdörtgen ya da paralelkenar biçiminde sınırlı bir bölge sanıyor.,"""Dikdörtgen şeklindedir.""",,Araştırmacı tarafından geliştirilen 13 soruluk Kavram Yanılgıları Belirleme Anketi (çoktan seçmeli ve açık uçlu gerekçe/çizim bölümleri) + her sınıf düzeyinden 5 öğrenciyle toplam 20 yarı yapılandırılmış görüşme,Kullanılan örnek ve modellerin kavramın kendisi olmadığını açıkça belirtme; kritik özellikleri vurgulama ve tek prototip yerine çeşitli gösterimler kullanma (s. 137-138),YOK,1,1,s. 121-122,"Tez yanılgıyı düzlem için kullanılan dikdörtgensel ve paralelkenarsal prototiplere bağlıyor (s. 135, 137-138). || Tez yanılgı başına görülme oranı vermiyor; tablolar soru yanıtlarının yüzde ve frekans dağılımlarıdır. K1 gereği gorulme_orani boş, guven=1. Bulgular 32 beşinci, 79 altıncı, 94 yedinci ve 91 sekizinci sınıf öğrencisine ait değerlendirilmiş 296 anket ile 20 görüşmeden birlikte üretilmiştir; sınıf düzeyleri ayrılamadığı için sinif=karma. Türkçe özette 335 yazmasına karşılık yöntem Tablo 4 toplam katılımı 355, değerlendirmeye alınan anketleri 296 olarak verir; satırdaki n analiz edilen 296 ankettir. Konu 12 LGS başlığından biri değildir ve kazanim-listesi.txt içinde temel geometrik kavramlara doğrudan karşılık gelen 8. sınıf kazanımı bulunmadığı için lgs_kazanim_tahmini boştur. || KAPSAM UYARISI: değerlendirmeye alınan 296 öğrencinin 32'si 5. sınıftır (Tablo 4, s. 64: 32 beşinci + 79 altıncı + 94 yedinci + 91 sekizinci). Protokol kapsamı 6-8; 6-8 karşılığı n=264. Tezin verdiği yüzdeler 5. sınıf dahil hesaplanmıştır, olduğu gibi aktarıldı — yeniden hesaplanmadı (K1). || KAYNAK BÖLÜMÜ: bu satır görüşme/tartışma bölümünden kodlandı; tezin oranlı bulguları Tablo 5-17'de (s. 72-102).",M.8.3.4.1
381134,"Doyuran, Gözde",2014,Dokuz Eylül Üniversitesi,YL,2013,karma,296,Aydın,DİĞER: Temel geometri,,Düzlemi doğru sanma,Öğrenci düzlemi doğru parçası ile karıştırıyor; iki boyutlu düzlemi bir boyutlu düz çizgi olarak düşünüyor.,"""Düz çizgi.""",,Araştırmacı tarafından geliştirilen 13 soruluk Kavram Yanılgıları Belirleme Anketi (çoktan seçmeli ve açık uçlu gerekçe/çizim bölümleri) + her sınıf düzeyinden 5 öğrenciyle toplam 20 yarı yapılandırılmış görüşme,"Ön bilgileri yoklama; kavramlar arası ilişkileri ayrıntılı kurdurma; öğrencinin çözüm yolunu açıklamasını sağlayıp teşhis edici dönüt verme (s. 137, 140-141)",YOK,1,1,s. 120-121,"Tez öğrencilerin düzlemi doğru parçasıyla karıştırdığını ve bir boyutlu düşündüğünü belirtiyor (s. 121, 135). || Tez yanılgı başına görülme oranı vermiyor; tablolar soru yanıtlarının yüzde ve frekans dağılımlarıdır. K1 gereği gorulme_orani boş, guven=1. Bulgular 32 beşinci, 79 altıncı, 94 yedinci ve 91 sekizinci sınıf öğrencisine ait değerlendirilmiş 296 anket ile 20 görüşmeden birlikte üretilmiştir; sınıf düzeyleri ayrılamadığı için sinif=karma. Türkçe özette 335 yazmasına karşılık yöntem Tablo 4 toplam katılımı 355, değerlendirmeye alınan anketleri 296 olarak verir; satırdaki n analiz edilen 296 ankettir. Konu 12 LGS başlığından biri değildir ve kazanim-listesi.txt içinde temel geometrik kavramlara doğrudan karşılık gelen 8. sınıf kazanımı bulunmadığı için lgs_kazanim_tahmini boştur. || KAPSAM UYARISI: değerlendirmeye alınan 296 öğrencinin 32'si 5. sınıftır (Tablo 4, s. 64: 32 beşinci + 79 altıncı + 94 yedinci + 91 sekizinci). Protokol kapsamı 6-8; 6-8 karşılığı n=264. Tezin verdiği yüzdeler 5. sınıf dahil hesaplanmıştır, olduğu gibi aktarıldı — yeniden hesaplanmadı (K1). || KAYNAK BÖLÜMÜ: bu satır görüşme/tartışma bölümünden kodlandı; tezin oranlı bulguları Tablo 5-17'de (s. 72-102).",M.8.3.4.1
381134,"Doyuran, Gözde",2014,Dokuz Eylül Üniversitesi,YL,2013,karma,296,Aydın,DİĞER: Temel geometri,,Düzlemi alan sanma,"Öğrenci düzlemi sonsuz yapı olarak değil, sınırları bulunan bir alan ya da yüzey olarak algılıyor.","""Bir bölgenin yüzeyi.""",,Araştırmacı tarafından geliştirilen 13 soruluk Kavram Yanılgıları Belirleme Anketi (çoktan seçmeli ve açık uçlu gerekçe/çizim bölümleri) + her sınıf düzeyinden 5 öğrenciyle toplam 20 yarı yapılandırılmış görüşme,Kullanılan örnek ve modellerin kavramın kendisi olmadığını açıkça belirtme; kritik özellikleri vurgulama ve tek prototip yerine çeşitli gösterimler kullanma (s. 137-138),YOK,1,1,s. 121,"Tez düzlemi alan olarak ifade etmenin onu sınırlandırdığını ve düzlemin alt kümesini kavramın kendisi sanmak olduğunu belirtiyor (s. 135). || Tez yanılgı başına görülme oranı vermiyor; tablolar soru yanıtlarının yüzde ve frekans dağılımlarıdır. K1 gereği gorulme_orani boş, guven=1. Bulgular 32 beşinci, 79 altıncı, 94 yedinci ve 91 sekizinci sınıf öğrencisine ait değerlendirilmiş 296 anket ile 20 görüşmeden birlikte üretilmiştir; sınıf düzeyleri ayrılamadığı için sinif=karma. Türkçe özette 335 yazmasına karşılık yöntem Tablo 4 toplam katılımı 355, değerlendirmeye alınan anketleri 296 olarak verir; satırdaki n analiz edilen 296 ankettir. Konu 12 LGS başlığından biri değildir ve kazanim-listesi.txt içinde temel geometrik kavramlara doğrudan karşılık gelen 8. sınıf kazanımı bulunmadığı için lgs_kazanim_tahmini boştur. || KAPSAM UYARISI: değerlendirmeye alınan 296 öğrencinin 32'si 5. sınıftır (Tablo 4, s. 64: 32 beşinci + 79 altıncı + 94 yedinci + 91 sekizinci). Protokol kapsamı 6-8; 6-8 karşılığı n=264. Tezin verdiği yüzdeler 5. sınıf dahil hesaplanmıştır, olduğu gibi aktarıldı — yeniden hesaplanmadı (K1). || KAYNAK BÖLÜMÜ: bu satır görüşme/tartışma bölümünden kodlandı; tezin oranlı bulguları Tablo 5-17'de (s. 72-102).",M.8.3.4.1
381134,"Doyuran, Gözde",2014,Dokuz Eylül Üniversitesi,YL,2013,karma,296,Aydın,DİĞER: Temel geometri,,Doğruyu ölçülebilir uzunlukta sanma,Öğrenci doğruyu sınırlı bir çizgi gibi düşünüp uzunluğunun ölçülebileceğini söylüyor; doğru ile doğru parçasını karıştırıyor.,,%14.19,Araştırmacı tarafından geliştirilen 13 soruluk Kavram Yanılgısı Belirleme Anketi (açık uçlu gerekçe istenen çoktan seçmeli ve gösterim soruları) + 20 öğrenciyle yarı yapılandırılmış görüşme,"Temel geometri kavramlarının somut modellerle ve karşı örneklerle öğretilmesi; sonsuzluk, sınırlılık ve kapalılık ayrımının açıkça çalışılması (s. 137-142)",YOK,1,3,s. 72,"Tez: 'Öğrencilerin %14.19'unun doğru ile doğru parçasını (...) karıştırdıkları görülmektedir.' Öğrenci gerekçeleri s. 73-74'te (Ö732: 'Uzun olduğu için doğruyu ölçeriz'). || KAPSAM UYARISI: değerlendirmeye alınan 296 öğrencinin 32'si 5. sınıftır (Tablo 4, s. 64: 32 beşinci + 79 altıncı + 94 yedinci + 91 sekizinci). Protokol kapsamı 6-8; 6-8 karşılığı n=264. Tezin verdiği yüzdeler 5. sınıf dahil hesaplanmıştır, olduğu gibi aktarıldı — yeniden hesaplanmadı (K1).",M.8.3.2.1
381134,"Doyuran, Gözde",2014,Dokuz Eylül Üniversitesi,YL,2013,karma,296,Aydın,DİĞER: Temel geometri,,Işını ölçülebilir uzunlukta sanma,Öğrenci ışının bir ucunun sınırlı olmasından yola çıkıp tamamının ölçülebileceğini düşünüyor; ışın ile doğru parçasını karıştırıyor.,,%10.14,Araştırmacı tarafından geliştirilen 13 soruluk Kavram Yanılgısı Belirleme Anketi (açık uçlu gerekçe istenen çoktan seçmeli ve gösterim soruları) + 20 öğrenciyle yarı yapılandırılmış görüşme,"Temel geometri kavramlarının somut modellerle ve karşı örneklerle öğretilmesi; sonsuzluk, sınırlılık ve kapalılık ayrımının açıkça çalışılması (s. 137-142)",YOK,1,3,s. 72,"Tez: '...%10,14'ünün doğru parçası ve ışını karıştırdıkları görülmektedir.' Gerekçeler s. 75-77 (Ö660: 'Işının iki ucu da sınırlı olduğu için'). || KAPSAM UYARISI: değerlendirmeye alınan 296 öğrencinin 32'si 5. sınıftır (Tablo 4, s. 64: 32 beşinci + 79 altıncı + 94 yedinci + 91 sekizinci). Protokol kapsamı 6-8; 6-8 karşılığı n=264. Tezin verdiği yüzdeler 5. sınıf dahil hesaplanmıştır, olduğu gibi aktarıldı — yeniden hesaplanmadı (K1).",M.6.3.1.1
381134,"Doyuran, Gözde",2014,Dokuz Eylül Üniversitesi,YL,2013,karma,296,Aydın,DİĞER: Temel geometri,,Noktayı ölçülebilir ve sınırlı sanma,Öğrenci noktayı boyutsuz kabul etmiyor; küçük ama sınırlı bir nesne saydığı için ölçülebileceğini söylüyor.,"""Nokta çok küçük o yüzden ölçülebilir."" (Ö721, 7. sınıf)",%2.03,Araştırmacı tarafından geliştirilen 13 soruluk Kavram Yanılgısı Belirleme Anketi (açık uçlu gerekçe istenen çoktan seçmeli ve gösterim soruları) + 20 öğrenciyle yarı yapılandırılmış görüşme,"Temel geometri kavramlarının somut modellerle ve karşı örneklerle öğretilmesi; sonsuzluk, sınırlılık ve kapalılık ayrımının açıkça çalışılması (s. 137-142)",YOK,1,3,s. 72-73,"Tez: 'öğrenciler noktanın boyutsuz bir kavram olduğunu düşünmemektedirler. Aksine sınırlı, küçük ve tüm bu özelliklerinden dolayı ölçülebilir olduğu sonucuna varmışlardır.' || KAPSAM UYARISI: değerlendirmeye alınan 296 öğrencinin 32'si 5. sınıftır (Tablo 4, s. 64: 32 beşinci + 79 altıncı + 94 yedinci + 91 sekizinci). Protokol kapsamı 6-8; 6-8 karşılığı n=264. Tezin verdiği yüzdeler 5. sınıf dahil hesaplanmıştır, olduğu gibi aktarıldı — yeniden hesaplanmadı (K1).",M.8.3.2.1
381134,"Doyuran, Gözde",2014,Dokuz Eylül Üniversitesi,YL,2013,karma,296,Aydın,DİĞER: Temel geometri,,Sonsuzu çok büyük bir sayı sanma,Öğrenci doğrunun sonsuza gittiğini doğru söylüyor ama sonsuzu büyük bir sayı gibi anladığı için yine de ölçülebileceğini savunuyor.,"""Doğrunun uçları sonsuza gittiği için ölçülür."" (Ö755, 7. sınıf)",,Araştırmacı tarafından geliştirilen 13 soruluk Kavram Yanılgısı Belirleme Anketi (açık uçlu gerekçe istenen çoktan seçmeli ve gösterim soruları) + 20 öğrenciyle yarı yapılandırılmış görüşme,"Temel geometri kavramlarının somut modellerle ve karşı örneklerle öğretilmesi; sonsuzluk, sınırlılık ve kapalılık ayrımının açıkça çalışılması (s. 137-142)",YOK,1,1,s. 74,"Tez: 'Öğrencilerin gözünde sonsuz, büyük bir sayıyı ifade etmekte ve bu yüzden de doğru sonsuza gittiği için uzunluğu ölçülebilmektedir.' Bu alt bulgu için ayrı oran verilmemiş. || KAPSAM UYARISI: değerlendirmeye alınan 296 öğrencinin 32'si 5. sınıftır (Tablo 4, s. 64: 32 beşinci + 79 altıncı + 94 yedinci + 91 sekizinci). Protokol kapsamı 6-8; 6-8 karşılığı n=264. Tezin verdiği yüzdeler 5. sınıf dahil hesaplanmıştır, olduğu gibi aktarıldı — yeniden hesaplanmadı (K1).",M.8.3.2.1
381134,"Doyuran, Gözde",2014,Dokuz Eylül Üniversitesi,YL,2013,karma,296,Aydın,DİĞER: Temel geometri,,Doğruyu cetvelle ilişkilendirip ölçme,Öğrenci doğrunun üzerine sayı yerleştirilebileceğinden yola çıkıp cetvel mantığıyla ölçülebileceğini düşünüyor.,"""Bir doğru üzerine sayılar eklenir. 1 cm olarak o zaman ölçeriz."" (Ö74, 7. sınıf)",,Araştırmacı tarafından geliştirilen 13 soruluk Kavram Yanılgısı Belirleme Anketi (açık uçlu gerekçe istenen çoktan seçmeli ve gösterim soruları) + 20 öğrenciyle yarı yapılandırılmış görüşme,"Temel geometri kavramlarının somut modellerle ve karşı örneklerle öğretilmesi; sonsuzluk, sınırlılık ve kapalılık ayrımının açıkça çalışılması (s. 137-142)",YOK,1,1,s. 74,"Tez: 'Bu öğrencinin cetvel ile doğru arasında bir bağ kurduğu söylenebilir.' Oran verilmemiş. || KAPSAM UYARISI: değerlendirmeye alınan 296 öğrencinin 32'si 5. sınıftır (Tablo 4, s. 64: 32 beşinci + 79 altıncı + 94 yedinci + 91 sekizinci). Protokol kapsamı 6-8; 6-8 karşılığı n=264. Tezin verdiği yüzdeler 5. sınıf dahil hesaplanmıştır, olduğu gibi aktarıldı — yeniden hesaplanmadı (K1).",M.8.3.2.1
381134,"Doyuran, Gözde",2014,Dokuz Eylül Üniversitesi,YL,2013,karma,296,Aydın,DİĞER: Temel geometri,,Sınırlılığı kapalılık sanma,Öğrenci doğru parçasının sınırlı olmasını 'kenarlarının kapalı olması' diye açıklıyor; sınırlılık ile kapalılığı ayırt etmiyor.,"""Kenarları kapalı olduğu için ölçülebilir."" (Ö869, 8. sınıf)",,Araştırmacı tarafından geliştirilen 13 soruluk Kavram Yanılgısı Belirleme Anketi (açık uçlu gerekçe istenen çoktan seçmeli ve gösterim soruları) + 20 öğrenciyle yarı yapılandırılmış görüşme,"Temel geometri kavramlarının somut modellerle ve karşı örneklerle öğretilmesi; sonsuzluk, sınırlılık ve kapalılık ayrımının açıkça çalışılması (s. 137-142)",YOK,1,1,s. 75,"Tez: 'Öğrencilerin büyük bölümü doğru parçasının sınırlı olmasını kapalılıkla karıştırmaktadır.' Nicel oran verilmemiş. || KAPSAM UYARISI: değerlendirmeye alınan 296 öğrencinin 32'si 5. sınıftır (Tablo 4, s. 64: 32 beşinci + 79 altıncı + 94 yedinci + 91 sekizinci). Protokol kapsamı 6-8; 6-8 karşılığı n=264. Tezin verdiği yüzdeler 5. sınıf dahil hesaplanmıştır, olduğu gibi aktarıldı — yeniden hesaplanmadı (K1).",M.8.3.2.1
381134,"Doyuran, Gözde",2014,Dokuz Eylül Üniversitesi,YL,2013,karma,296,Aydın,DİĞER: Temel geometri,,Kesişen iki düzlemin arakesitini açı sanma,Öğrenci düzlem yerine iki doğru ya da iki ışın çizip kesiştirdiği için arakesitin bir açı olduğunu söylüyor.,,%62.84,Araştırmacı tarafından geliştirilen 13 soruluk Kavram Yanılgısı Belirleme Anketi (açık uçlu gerekçe istenen çoktan seçmeli ve gösterim soruları) + 20 öğrenciyle yarı yapılandırılmış görüşme,"Temel geometri kavramlarının somut modellerle ve karşı örneklerle öğretilmesi; sonsuzluk, sınırlılık ve kapalılık ayrımının açıkça çalışılması (s. 137-142)",YOK,1,3,s. 77,"Tezin en yüksek oranlı bulgusu. Çözümlemesi s. 82: 'Düzlem yerine iki doğruyu, iki doğru parçasını ya da iki ışını kesiştirdikleri için kesişim bölgesinin açı olduğunu düşünmeleri olağandır.' || KAPSAM UYARISI: değerlendirmeye alınan 296 öğrencinin 32'si 5. sınıftır (Tablo 4, s. 64: 32 beşinci + 79 altıncı + 94 yedinci + 91 sekizinci). Protokol kapsamı 6-8; 6-8 karşılığı n=264. Tezin verdiği yüzdeler 5. sınıf dahil hesaplanmıştır, olduğu gibi aktarıldı — yeniden hesaplanmadı (K1).",M.8.3.4.1
381134,"Doyuran, Gözde",2014,Dokuz Eylül Üniversitesi,YL,2013,karma,296,Aydın,DİĞER: Temel geometri,,Kesişen iki düzlemin arakesitini düzlem sanma,Öğrenci iki düzlemin ortak noktalarının yine bir düzlem oluşturduğunu söylüyor; çakışma dışında bunun mümkün olmadığını görmüyor.,,%12.5,Araştırmacı tarafından geliştirilen 13 soruluk Kavram Yanılgısı Belirleme Anketi (açık uçlu gerekçe istenen çoktan seçmeli ve gösterim soruları) + 20 öğrenciyle yarı yapılandırılmış görüşme,"Temel geometri kavramlarının somut modellerle ve karşı örneklerle öğretilmesi; sonsuzluk, sınırlılık ve kapalılık ayrımının açıkça çalışılması (s. 137-142)",YOK,1,3,s. 77,"Tez s. 80: çakışma durumuna örnek oluşturabilecek hiçbir yanıt alınamamış; çizimler kümelerde kesişim görselinden kopyalanmış. || KAPSAM UYARISI: değerlendirmeye alınan 296 öğrencinin 32'si 5. sınıftır (Tablo 4, s. 64: 32 beşinci + 79 altıncı + 94 yedinci + 91 sekizinci). Protokol kapsamı 6-8; 6-8 karşılığı n=264. Tezin verdiği yüzdeler 5. sınıf dahil hesaplanmıştır, olduğu gibi aktarıldı — yeniden hesaplanmadı (K1).",M.8.3.4.1
381134,"Doyuran, Gözde",2014,Dokuz Eylül Üniversitesi,YL,2013,karma,296,Aydın,DİĞER: Temel geometri,,Kesişen iki düzlemin arakesitini ışın sanma,Öğrenci düzlemi ışın olarak çizdiği için iki düzlemin arakesitini de ışın sanıyor.,,%7.43,Araştırmacı tarafından geliştirilen 13 soruluk Kavram Yanılgısı Belirleme Anketi (açık uçlu gerekçe istenen çoktan seçmeli ve gösterim soruları) + 20 öğrenciyle yarı yapılandırılmış görüşme,"Temel geometri kavramlarının somut modellerle ve karşı örneklerle öğretilmesi; sonsuzluk, sınırlılık ve kapalılık ayrımının açıkça çalışılması (s. 137-142)",YOK,1,3,s. 77,"Çizim çözümlemesi s. 78 (Şekil 2): 'ara kesitin ışın olduğunu düşünen öğrenciler düzlemi ışın olarak göstermişlerdir.' || KAPSAM UYARISI: değerlendirmeye alınan 296 öğrencinin 32'si 5. sınıftır (Tablo 4, s. 64: 32 beşinci + 79 altıncı + 94 yedinci + 91 sekizinci). Protokol kapsamı 6-8; 6-8 karşılığı n=264. Tezin verdiği yüzdeler 5. sınıf dahil hesaplanmıştır, olduğu gibi aktarıldı — yeniden hesaplanmadı (K1).",M.8.3.4.1
381134,"Doyuran, Gözde",2014,Dokuz Eylül Üniversitesi,YL,2013,karma,296,Aydın,DİĞER: Temel geometri,,Düzlemi dikdörtgensel bölge olarak çizme,"Öğrenci kesişen düzlemleri, kümelerde kesişim işlemi için verilen görsel örnekler gibi çiziyor; düzlemi dikdörtgensel bölge sanıyor.",,,Araştırmacı tarafından geliştirilen 13 soruluk Kavram Yanılgısı Belirleme Anketi (açık uçlu gerekçe istenen çoktan seçmeli ve gösterim soruları) + 20 öğrenciyle yarı yapılandırılmış görüşme,"Temel geometri kavramlarının somut modellerle ve karşı örneklerle öğretilmesi; sonsuzluk, sınırlılık ve kapalılık ayrımının açıkça çalışılması (s. 137-142)",YOK,2,1,s. 80,"Tez: 'kümelerde kesişim işlemi konusunda verilen görsel örnekler kesişen düzlemler için de kullanılmıştır.' Öğretim kaynaklı olduğu için basamak 2. Oran verilmemiş. || KAPSAM UYARISI: değerlendirmeye alınan 296 öğrencinin 32'si 5. sınıftır (Tablo 4, s. 64: 32 beşinci + 79 altıncı + 94 yedinci + 91 sekizinci). Protokol kapsamı 6-8; 6-8 karşılığı n=264. Tezin verdiği yüzdeler 5. sınıf dahil hesaplanmıştır, olduğu gibi aktarıldı — yeniden hesaplanmadı (K1).",M.8.3.4.1
381134,"Doyuran, Gözde",2014,Dokuz Eylül Üniversitesi,YL,2013,karma,296,Aydın,DİĞER: Temel geometri,,Paralelliği karşılıklı ya da eşit boyda olma sanma,"Öğrenci paralelliği kesişmeme koşuluyla değil, iki şeklin karşı karşıya, yan yana ya da aynı boyda olmasıyla açıklıyor.","""Taban ile tavan aynı boyda olur. Paralel ikisinin eşit boyda olmasıdır."" (Ö59, 5. sınıf)",,Araştırmacı tarafından geliştirilen 13 soruluk Kavram Yanılgısı Belirleme Anketi (açık uçlu gerekçe istenen çoktan seçmeli ve gösterim soruları) + 20 öğrenciyle yarı yapılandırılmış görüşme,"Temel geometri kavramlarının somut modellerle ve karşı örneklerle öğretilmesi; sonsuzluk, sınırlılık ve kapalılık ayrımının açıkça çalışılması (s. 137-142)",YOK,1,1,s. 84,"Tez s. 85: 'Öğrencilerin sadece birkaçı paralellik için önkoşulun kesişmeme olduğunu belirtmiştir.' Doğru yanıt oranı %76.01 ama gerekçeler hatalı — bu yüzden oran sütunu boş (K1). || KAPSAM UYARISI: değerlendirmeye alınan 296 öğrencinin 32'si 5. sınıftır (Tablo 4, s. 64: 32 beşinci + 79 altıncı + 94 yedinci + 91 sekizinci). Protokol kapsamı 6-8; 6-8 karşılığı n=264. Tezin verdiği yüzdeler 5. sınıf dahil hesaplanmıştır, olduğu gibi aktarıldı — yeniden hesaplanmadı (K1).",M.7.3.1.2
381134,"Doyuran, Gözde",2014,Dokuz Eylül Üniversitesi,YL,2013,karma,296,Aydın,DİĞER: Temel geometri,,Ortak doğrusu olan düzlemlere paralel deme,Öğrenci bir ortak doğrusu bulunan iki düzlemi paralel sayıyor; paralelliğin ortak nokta bulunmaması demek olduğunu görmüyor.,,%7.43,Araştırmacı tarafından geliştirilen 13 soruluk Kavram Yanılgısı Belirleme Anketi (açık uçlu gerekçe istenen çoktan seçmeli ve gösterim soruları) + 20 öğrenciyle yarı yapılandırılmış görüşme,"Temel geometri kavramlarının somut modellerle ve karşı örneklerle öğretilmesi; sonsuzluk, sınırlılık ve kapalılık ayrımının açıkça çalışılması (s. 137-142)",YOK,1,3,s. 83,"Tablo 7'nin dördüncü seçeneği. || KAPSAM UYARISI: değerlendirmeye alınan 296 öğrencinin 32'si 5. sınıftır (Tablo 4, s. 64: 32 beşinci + 79 altıncı + 94 yedinci + 91 sekizinci). Protokol kapsamı 6-8; 6-8 karşılığı n=264. Tezin verdiği yüzdeler 5. sınıf dahil hesaplanmıştır, olduğu gibi aktarıldı — yeniden hesaplanmadı (K1).",M.7.3.1.2
381134,"Doyuran, Gözde",2014,Dokuz Eylül Üniversitesi,YL,2013,karma,296,Aydın,DİĞER: Temel geometri,,Paralel düzlemler bir doğru boyunca kesişir sanma,Öğrenci paralellik ile kesişmeyi birlikte mümkün görüyor; paralel düzlemlerin bir doğru boyunca kesiştiğini söylüyor.,,%6.76,Araştırmacı tarafından geliştirilen 13 soruluk Kavram Yanılgısı Belirleme Anketi (açık uçlu gerekçe istenen çoktan seçmeli ve gösterim soruları) + 20 öğrenciyle yarı yapılandırılmış görüşme,"Temel geometri kavramlarının somut modellerle ve karşı örneklerle öğretilmesi; sonsuzluk, sınırlılık ve kapalılık ayrımının açıkça çalışılması (s. 137-142)",YOK,1,3,s. 83,"Tablo 7'nin üçüncü seçeneği. || KAPSAM UYARISI: değerlendirmeye alınan 296 öğrencinin 32'si 5. sınıftır (Tablo 4, s. 64: 32 beşinci + 79 altıncı + 94 yedinci + 91 sekizinci). Protokol kapsamı 6-8; 6-8 karşılığı n=264. Tezin verdiği yüzdeler 5. sınıf dahil hesaplanmıştır, olduğu gibi aktarıldı — yeniden hesaplanmadı (K1).",M.7.3.1.2
381134,"Doyuran, Gözde",2014,Dokuz Eylül Üniversitesi,YL,2013,karma,296,Aydın,DİĞER: Temel geometri,,Şekil üzerinde açıyı gösterememe,Öğrenci verilen şekilde açıyı işaretleyemiyor; açı yerine doğru parçalarını gösteriyor.,,%29.39,Araştırmacı tarafından geliştirilen 13 soruluk Kavram Yanılgısı Belirleme Anketi (açık uçlu gerekçe istenen çoktan seçmeli ve gösterim soruları) + 20 öğrenciyle yarı yapılandırılmış görüşme,"Temel geometri kavramlarının somut modellerle ve karşı örneklerle öğretilmesi; sonsuzluk, sınırlılık ve kapalılık ayrımının açıkça çalışılması (s. 137-142)",YOK,1,3,s. 86-87,"Tez: 'Açı yerine doğru parçalarını gösteren öğrencilerin olduğu görülmüştür. Bu durum öğrencilerin açı kavramını oluşturamadıkları göstermektedir.' || KAPSAM UYARISI: değerlendirmeye alınan 296 öğrencinin 32'si 5. sınıftır (Tablo 4, s. 64: 32 beşinci + 79 altıncı + 94 yedinci + 91 sekizinci). Protokol kapsamı 6-8; 6-8 karşılığı n=264. Tezin verdiği yüzdeler 5. sınıf dahil hesaplanmıştır, olduğu gibi aktarıldı — yeniden hesaplanmadı (K1).",M.6.3.1.1
381134,"Doyuran, Gözde",2014,Dokuz Eylül Üniversitesi,YL,2013,karma,296,Aydın,DİĞER: Temel geometri,,Doğru parçasının matematiksel gösterimini yapamama,Öğrenci şekil üzerindeki doğru parçasını sembolle adlandıramıyor.,,%10.81,Araştırmacı tarafından geliştirilen 13 soruluk Kavram Yanılgısı Belirleme Anketi (açık uçlu gerekçe istenen çoktan seçmeli ve gösterim soruları) + 20 öğrenciyle yarı yapılandırılmış görüşme,"Temel geometri kavramlarının somut modellerle ve karşı örneklerle öğretilmesi; sonsuzluk, sınırlılık ve kapalılık ayrımının açıkça çalışılması (s. 137-142)",YOK,4,3,s. 86-87,"Basamak 4 (Pekiştir) seçildi: tez 8. sınıfların 6. sınıflardan DAHA AZ başarılı olduğunu ölçüyor ve sebebini açıkça 'unutulması' diye yazıyor (s. 87) — bu bir tekrar eksikliği bulgusudur. || KAPSAM UYARISI: değerlendirmeye alınan 296 öğrencinin 32'si 5. sınıftır (Tablo 4, s. 64: 32 beşinci + 79 altıncı + 94 yedinci + 91 sekizinci). Protokol kapsamı 6-8; 6-8 karşılığı n=264. Tezin verdiği yüzdeler 5. sınıf dahil hesaplanmıştır, olduğu gibi aktarıldı — yeniden hesaplanmadı (K1).",M.8.3.2.1
381134,"Doyuran, Gözde",2014,Dokuz Eylül Üniversitesi,YL,2013,karma,296,Aydın,DİĞER: Temel geometri,,Doğru açıyı doğru parçası sanma,"Öğrenci doğru açıyı gösteremiyor; doğru parçasını gösterip üzerine açı işareti koyuyor, açının iki ışından oluştuğunu göz ardı ediyor.",,,Araştırmacı tarafından geliştirilen 13 soruluk Kavram Yanılgısı Belirleme Anketi (açık uçlu gerekçe istenen çoktan seçmeli ve gösterim soruları) + 20 öğrenciyle yarı yapılandırılmış görüşme,"Temel geometri kavramlarının somut modellerle ve karşı örneklerle öğretilmesi; sonsuzluk, sınırlılık ve kapalılık ayrımının açıkça çalışılması (s. 137-142)",YOK,3,1,s. 89,"Tez: 'Doğru açı yerine doğru parçasını gösterip üzerine açı işareti koymaları doğru açının doğru şeklinde olduğunu ama iki ışının bileşiminin açıyı oluşturduğunu es geçtiklerini göstermektedir.' Tez yalnız BAŞARI oranı veriyor (%13.85 gösterebilen); yanılgının kendi oranı verilmediği için sütun boş (K1). Basamak 3: açı=iki ışın alt kavramı oturmamış. || KAPSAM UYARISI: değerlendirmeye alınan 296 öğrencinin 32'si 5. sınıftır (Tablo 4, s. 64: 32 beşinci + 79 altıncı + 94 yedinci + 91 sekizinci). Protokol kapsamı 6-8; 6-8 karşılığı n=264. Tezin verdiği yüzdeler 5. sınıf dahil hesaplanmıştır, olduğu gibi aktarıldı — yeniden hesaplanmadı (K1).",M.6.3.1.1
381134,"Doyuran, Gözde",2014,Dokuz Eylül Üniversitesi,YL,2013,karma,296,Aydın,DİĞER: Temel geometri,,Dik açı ile doğru açıyı karıştırma,Öğrenci dik açıyı doğru açı diye adlandırıyor.,,,Araştırmacı tarafından geliştirilen 13 soruluk Kavram Yanılgısı Belirleme Anketi (açık uçlu gerekçe istenen çoktan seçmeli ve gösterim soruları) + 20 öğrenciyle yarı yapılandırılmış görüşme,"Temel geometri kavramlarının somut modellerle ve karşı örneklerle öğretilmesi; sonsuzluk, sınırlılık ve kapalılık ayrımının açıkça çalışılması (s. 137-142)",YOK,1,1,s. 89,"Tez: '5 tanesinin ise dik açıya doğru açı dedikleri görülmüştür.' 296 içinde 5 öğrenci — yüzde verilmediği ve tek başına bir sayı oran yerine geçmediği için sütun boş (K1). || KAPSAM UYARISI: değerlendirmeye alınan 296 öğrencinin 32'si 5. sınıftır (Tablo 4, s. 64: 32 beşinci + 79 altıncı + 94 yedinci + 91 sekizinci). Protokol kapsamı 6-8; 6-8 karşılığı n=264. Tezin verdiği yüzdeler 5. sınıf dahil hesaplanmıştır, olduğu gibi aktarıldı — yeniden hesaplanmadı (K1).",M.6.3.1.1
381134,"Doyuran, Gözde",2014,Dokuz Eylül Üniversitesi,YL,2013,karma,296,Aydın,DİĞER: Temel geometri,,Doğruyu yalnız uç noktalarıyla adlandırma,Öğrenci doğruyu adlandırırken yalnız uçtaki noktaları geçerli sayıyor; üzerindeki herhangi iki noktayla adlandırılabileceğini düşünmüyor.,,%15.2,Araştırmacı tarafından geliştirilen 13 soruluk Kavram Yanılgısı Belirleme Anketi (açık uçlu gerekçe istenen çoktan seçmeli ve gösterim soruları) + 20 öğrenciyle yarı yapılandırılmış görüşme,"Temel geometri kavramlarının somut modellerle ve karşı örneklerle öğretilmesi; sonsuzluk, sınırlılık ve kapalılık ayrımının açıkça çalışılması (s. 137-142)",YOK,1,3,s. 90-91,"Oran Tablo 10'da (s. 90); çözümleme s. 91'de ve tez orada açıkça kavram yanılgısı sayıyor: 'Bu durum da onları kavram yanılgısına düşürmektedir.' || KAPSAM UYARISI: değerlendirmeye alınan 296 öğrencinin 32'si 5. sınıftır (Tablo 4, s. 64: 32 beşinci + 79 altıncı + 94 yedinci + 91 sekizinci). Protokol kapsamı 6-8; 6-8 karşılığı n=264. Tezin verdiği yüzdeler 5. sınıf dahil hesaplanmıştır, olduğu gibi aktarıldı — yeniden hesaplanmadı (K1).",M.8.3.2.1
381134,"Doyuran, Gözde",2014,Dokuz Eylül Üniversitesi,YL,2013,karma,296,Aydın,DİĞER: Temel geometri,,Doğrunun küçük harfle gösterimini reddetme,Öğrenci küçük harfin doğruyu adlandıramayacağını düşünüyor; harf doğrunun üstünde yazılı olmadığı için seçeneği eliyor.,,%17.57,Araştırmacı tarafından geliştirilen 13 soruluk Kavram Yanılgısı Belirleme Anketi (açık uçlu gerekçe istenen çoktan seçmeli ve gösterim soruları) + 20 öğrenciyle yarı yapılandırılmış görüşme,"Temel geometri kavramlarının somut modellerle ve karşı örneklerle öğretilmesi; sonsuzluk, sınırlılık ve kapalılık ayrımının açıkça çalışılması (s. 137-142)",YOK,2,3,s. 90,"Tez sebebi öğretime bağlıyor: 'küçük harfle adlandırma yönteminin diğer yöntemlere göre daha az kullanılmasının bir sonucu olabilir' — bu yüzden basamak 2. || KAPSAM UYARISI: değerlendirmeye alınan 296 öğrencinin 32'si 5. sınıftır (Tablo 4, s. 64: 32 beşinci + 79 altıncı + 94 yedinci + 91 sekizinci). Protokol kapsamı 6-8; 6-8 karşılığı n=264. Tezin verdiği yüzdeler 5. sınıf dahil hesaplanmıştır, olduğu gibi aktarıldı — yeniden hesaplanmadı (K1).",M.8.3.2.1
381134,"Doyuran, Gözde",2014,Dokuz Eylül Üniversitesi,YL,2013,karma,296,Aydın,DİĞER: Temel geometri,,Açının kolları uzatılamaz sanma,Açının kolları kısa çizildiğinde öğrenci dışarıda görünen noktayı dış bölgede sayıyor; kolların sonsuza uzatılabileceğini kullanmıyor.,,%19.73,Araştırmacı tarafından geliştirilen 13 soruluk Kavram Yanılgısı Belirleme Anketi (açık uçlu gerekçe istenen çoktan seçmeli ve gösterim soruları) + 20 öğrenciyle yarı yapılandırılmış görüşme,"Temel geometri kavramlarının somut modellerle ve karşı örneklerle öğretilmesi; sonsuzluk, sınırlılık ve kapalılık ayrımının açıkça çalışılması (s. 137-142)",YOK,1,3,s. 92-93,"Tez: 'Bu durum bir kavram yanılgısının göstergesidir.' Soru bilinçli olarak kısa kollu çizilmiş. || KAPSAM UYARISI: değerlendirmeye alınan 296 öğrencinin 32'si 5. sınıftır (Tablo 4, s. 64: 32 beşinci + 79 altıncı + 94 yedinci + 91 sekizinci). Protokol kapsamı 6-8; 6-8 karşılığı n=264. Tezin verdiği yüzdeler 5. sınıf dahil hesaplanmıştır, olduğu gibi aktarıldı — yeniden hesaplanmadı (K1).",M.6.3.1.1
381134,"Doyuran, Gözde",2014,Dokuz Eylül Üniversitesi,YL,2013,karma,296,Aydın,DİĞER: Temel geometri,,Açı düzleme paralel olabilir sanma,Öğrenci bir açının bir düzleme paralel olabileceğini söylüyor.,,%11.56,Araştırmacı tarafından geliştirilen 13 soruluk Kavram Yanılgısı Belirleme Anketi (açık uçlu gerekçe istenen çoktan seçmeli ve gösterim soruları) + 20 öğrenciyle yarı yapılandırılmış görüşme,"Temel geometri kavramlarının somut modellerle ve karşı örneklerle öğretilmesi; sonsuzluk, sınırlılık ve kapalılık ayrımının açıkça çalışılması (s. 137-142)",YOK,1,3,s. 92-93,"Tez: 'Ancak bu düşüncelerini gerekçeleriyle açıklamamışlardır.' Gerekçe olmadığı için K2 uyarısı: işlem hatası mı kavram yanılgısı mı ayrılamıyor. || KAPSAM UYARISI: değerlendirmeye alınan 296 öğrencinin 32'si 5. sınıftır (Tablo 4, s. 64: 32 beşinci + 79 altıncı + 94 yedinci + 91 sekizinci). Protokol kapsamı 6-8; 6-8 karşılığı n=264. Tezin verdiği yüzdeler 5. sınıf dahil hesaplanmıştır, olduğu gibi aktarıldı — yeniden hesaplanmadı (K1).",M.6.3.1.1
381134,"Doyuran, Gözde",2014,Dokuz Eylül Üniversitesi,YL,2013,karma,296,Aydın,DİĞER: Temel geometri,,Küçük harfin nokta belirttiğini sanma,Öğrenci noktanın harfle gösterildiğini biliyor ama harfin büyük olması gerektiğini göz ardı ediyor.,,%16.89,Araştırmacı tarafından geliştirilen 13 soruluk Kavram Yanılgısı Belirleme Anketi (açık uçlu gerekçe istenen çoktan seçmeli ve gösterim soruları) + 20 öğrenciyle yarı yapılandırılmış görüşme,"Temel geometri kavramlarının somut modellerle ve karşı örneklerle öğretilmesi; sonsuzluk, sınırlılık ve kapalılık ayrımının açıkça çalışılması (s. 137-142)",YOK,1,3,s. 93-94,"Tez: 'noktanın bir harfle gösterildiğini belirtmişler fakat bu harfin büyük olması gerektiğini göz ardı etmişlerdir.' || KAPSAM UYARISI: değerlendirmeye alınan 296 öğrencinin 32'si 5. sınıftır (Tablo 4, s. 64: 32 beşinci + 79 altıncı + 94 yedinci + 91 sekizinci). Protokol kapsamı 6-8; 6-8 karşılığı n=264. Tezin verdiği yüzdeler 5. sınıf dahil hesaplanmıştır, olduğu gibi aktarıldı — yeniden hesaplanmadı (K1).",M.8.3.2.1
381134,"Doyuran, Gözde",2014,Dokuz Eylül Üniversitesi,YL,2013,karma,296,Aydın,DİĞER: Temel geometri,,Köşeli parantezli gösterimi doğru sanma,Öğrenci [AB] gösterimini doğru olarak okuyor; ya iki harfle adlandırmayı doğruya özgü sanıyor ya da doğruyu sınırlı kabul ediyor.,,%12.84,Araştırmacı tarafından geliştirilen 13 soruluk Kavram Yanılgısı Belirleme Anketi (açık uçlu gerekçe istenen çoktan seçmeli ve gösterim soruları) + 20 öğrenciyle yarı yapılandırılmış görüşme,"Temel geometri kavramlarının somut modellerle ve karşı örneklerle öğretilmesi; sonsuzluk, sınırlılık ve kapalılık ayrımının açıkça çalışılması (s. 137-142)",YOK,1,3,s. 93-94,"Tez: 'doğru parçası ile doğruyu karıştırdıklarından doğrunun sınırlı olması gerektiğini düşünüp bu gösterimin doğru olduğu sonucuna varmışlardır.' || KAPSAM UYARISI: değerlendirmeye alınan 296 öğrencinin 32'si 5. sınıftır (Tablo 4, s. 64: 32 beşinci + 79 altıncı + 94 yedinci + 91 sekizinci). Protokol kapsamı 6-8; 6-8 karşılığı n=264. Tezin verdiği yüzdeler 5. sınıf dahil hesaplanmıştır, olduğu gibi aktarıldı — yeniden hesaplanmadı (K1).",M.8.3.2.1
381134,"Doyuran, Gözde",2014,Dokuz Eylül Üniversitesi,YL,2013,karma,296,Aydın,DİĞER: Temel geometri,,Üç harfli gösterimi doğru parçası sanma,Öğrenci ABC gösteriminin bir doğru parçası belirttiğini söylüyor.,,%8.11,Araştırmacı tarafından geliştirilen 13 soruluk Kavram Yanılgısı Belirleme Anketi (açık uçlu gerekçe istenen çoktan seçmeli ve gösterim soruları) + 20 öğrenciyle yarı yapılandırılmış görüşme,"Temel geometri kavramlarının somut modellerle ve karşı örneklerle öğretilmesi; sonsuzluk, sınırlılık ve kapalılık ayrımının açıkça çalışılması (s. 137-142)",YOK,1,3,s. 93-94,"Tablo 12'nin dördüncü seçeneği; tez ayrıca çözümlememiş. || KAPSAM UYARISI: değerlendirmeye alınan 296 öğrencinin 32'si 5. sınıftır (Tablo 4, s. 64: 32 beşinci + 79 altıncı + 94 yedinci + 91 sekizinci). Protokol kapsamı 6-8; 6-8 karşılığı n=264. Tezin verdiği yüzdeler 5. sınıf dahil hesaplanmıştır, olduğu gibi aktarıldı — yeniden hesaplanmadı (K1).",M.8.3.2.1
381134,"Doyuran, Gözde",2014,Dokuz Eylül Üniversitesi,YL,2013,karma,296,Aydın,DİĞER: Temel geometri,,Doğru ile düzlem uzatılırsa kesişir sanma,Öğrenci paralel çizilmiş doğru ile düzlemin yeterince uzatılırsa bir noktada kesişeceğine inanıyor.,,%10,Araştırmacı tarafından geliştirilen 13 soruluk Kavram Yanılgısı Belirleme Anketi (açık uçlu gerekçe istenen çoktan seçmeli ve gösterim soruları) + 20 öğrenciyle yarı yapılandırılmış görüşme,"Temel geometri kavramlarının somut modellerle ve karşı örneklerle öğretilmesi; sonsuzluk, sınırlılık ve kapalılık ayrımının açıkça çalışılması (s. 137-142)",YOK,1,3,s. 94-95,"Tez: 'doğrunun ve düzlemin uzatıldığında bir noktada kesişecekleri inancının baskın olduğu görülmektedir.' || KAPSAM UYARISI: değerlendirmeye alınan 296 öğrencinin 32'si 5. sınıftır (Tablo 4, s. 64: 32 beşinci + 79 altıncı + 94 yedinci + 91 sekizinci). Protokol kapsamı 6-8; 6-8 karşılığı n=264. Tezin verdiği yüzdeler 5. sınıf dahil hesaplanmıştır, olduğu gibi aktarıldı — yeniden hesaplanmadı (K1).",M.8.3.4.1
381134,"Doyuran, Gözde",2014,Dokuz Eylül Üniversitesi,YL,2013,karma,296,Aydın,DİĞER: Temel geometri,,Paralel olmayı üzerinde olmakla aynı sanma,Öğrenci 'düzlemin üzerinde' ifadesini günlük dildeki anlamıyla alıp paralellikle eş anlamlı sayıyor.,,%10.14,Araştırmacı tarafından geliştirilen 13 soruluk Kavram Yanılgısı Belirleme Anketi (açık uçlu gerekçe istenen çoktan seçmeli ve gösterim soruları) + 20 öğrenciyle yarı yapılandırılmış görüşme,"Temel geometri kavramlarının somut modellerle ve karşı örneklerle öğretilmesi; sonsuzluk, sınırlılık ve kapalılık ayrımının açıkça çalışılması (s. 137-142)",YOK,1,3,s. 94-95,"Tez: doğru yanıtı verenlerin bir bölümü de bu ifadeyi doğru saymış — 'üzerinde sözcüğünün günlük hayatlarında kullandıkları anlamıyla ilişkilendirerek'. || KAPSAM UYARISI: değerlendirmeye alınan 296 öğrencinin 32'si 5. sınıftır (Tablo 4, s. 64: 32 beşinci + 79 altıncı + 94 yedinci + 91 sekizinci). Protokol kapsamı 6-8; 6-8 karşılığı n=264. Tezin verdiği yüzdeler 5. sınıf dahil hesaplanmıştır, olduğu gibi aktarıldı — yeniden hesaplanmadı (K1).",M.8.3.4.1
381134,"Doyuran, Gözde",2014,Dokuz Eylül Üniversitesi,YL,2013,karma,296,Aydın,DİĞER: Temel geometri,,Doğru ile düzlemi çakışık sanma,Öğrenci bir doğru ile bir düzlemin çakışabileceğini söylüyor.,,%5.07,Araştırmacı tarafından geliştirilen 13 soruluk Kavram Yanılgısı Belirleme Anketi (açık uçlu gerekçe istenen çoktan seçmeli ve gösterim soruları) + 20 öğrenciyle yarı yapılandırılmış görüşme,"Temel geometri kavramlarının somut modellerle ve karşı örneklerle öğretilmesi; sonsuzluk, sınırlılık ve kapalılık ayrımının açıkça çalışılması (s. 137-142)",YOK,1,3,s. 94-95,"Tablo 13'ün dördüncü seçeneği; tez ayrıca çözümlememiş. || KAPSAM UYARISI: değerlendirmeye alınan 296 öğrencinin 32'si 5. sınıftır (Tablo 4, s. 64: 32 beşinci + 79 altıncı + 94 yedinci + 91 sekizinci). Protokol kapsamı 6-8; 6-8 karşılığı n=264. Tezin verdiği yüzdeler 5. sınıf dahil hesaplanmıştır, olduğu gibi aktarıldı — yeniden hesaplanmadı (K1).",M.8.3.4.1
381134,"Doyuran, Gözde",2014,Dokuz Eylül Üniversitesi,YL,2013,karma,296,Aydın,DİĞER: Temel geometri,,Kesişmeyi çakışma sanma,Öğrenci iki doğrunun bir noktada kesişmesine çakışma diyor; çakışmayı ayrı bir durum olarak ayırt etmiyor.,,%23.99,Araştırmacı tarafından geliştirilen 13 soruluk Kavram Yanılgısı Belirleme Anketi (açık uçlu gerekçe istenen çoktan seçmeli ve gösterim soruları) + 20 öğrenciyle yarı yapılandırılmış görüşme,"Temel geometri kavramlarının somut modellerle ve karşı örneklerle öğretilmesi; sonsuzluk, sınırlılık ve kapalılık ayrımının açıkça çalışılması (s. 137-142)",YOK,1,3,s. 97,"Tez: 'Çakışma ve bir noktada kesişme öğrenciler için aynı anlama gelmektedir.' || KAPSAM UYARISI: değerlendirmeye alınan 296 öğrencinin 32'si 5. sınıftır (Tablo 4, s. 64: 32 beşinci + 79 altıncı + 94 yedinci + 91 sekizinci). Protokol kapsamı 6-8; 6-8 karşılığı n=264. Tezin verdiği yüzdeler 5. sınıf dahil hesaplanmıştır, olduğu gibi aktarıldı — yeniden hesaplanmadı (K1).",M.7.3.1.2
381134,"Doyuran, Gözde",2014,Dokuz Eylül Üniversitesi,YL,2013,karma,264,Aydın,DİĞER: Temel geometri,,Birleşimi bir araya gelme sanma,Öğrenci kümelerdeki birleşim işlemini günlük dildeki buluşma anlamıyla okuyor; ışın ile düzlemin buluştuğu noktayı birleşim sanıyor.,,%53.94,Araştırmacı tarafından geliştirilen 13 soruluk Kavram Yanılgısı Belirleme Anketi (açık uçlu gerekçe istenen çoktan seçmeli ve gösterim soruları) + 20 öğrenciyle yarı yapılandırılmış görüşme,"Temel geometri kavramlarının somut modellerle ve karşı örneklerle öğretilmesi; sonsuzluk, sınırlılık ve kapalılık ayrımının açıkça çalışılması (s. 137-142)",YOK,1,3,s. 98-99,"Tez: 'öğrenciler kesişme ve birleşme kavramlarını matematiksel olarak anlamlandırmamış, günlük dillerinde karşılık bulan anlamlarına göre değerlendirmede bulunmuşlardır.' Bu soruya yalnız 6-8 yanıt vermiş (Tablo 15'te 5. sınıf sütunu yok), bu yüzden n=264. || KAPSAM UYARISI: değerlendirmeye alınan 296 öğrencinin 32'si 5. sınıftır (Tablo 4, s. 64: 32 beşinci + 79 altıncı + 94 yedinci + 91 sekizinci). Protokol kapsamı 6-8; 6-8 karşılığı n=264. Tezin verdiği yüzdeler 5. sınıf dahil hesaplanmıştır, olduğu gibi aktarıldı — yeniden hesaplanmadı (K1).",
381134,"Doyuran, Gözde",2014,Dokuz Eylül Üniversitesi,YL,2013,karma,264,Aydın,DİĞER: Temel geometri,,Düzlem ışını kapsar sanma,"Öğrenci güneş ışığının denize düşmesinden yola çıkıp düzlemin ışını içine aldığını, yani kapsadığını söylüyor.",,%17.84,Araştırmacı tarafından geliştirilen 13 soruluk Kavram Yanılgısı Belirleme Anketi (açık uçlu gerekçe istenen çoktan seçmeli ve gösterim soruları) + 20 öğrenciyle yarı yapılandırılmış görüşme,"Temel geometri kavramlarının somut modellerle ve karşı örneklerle öğretilmesi; sonsuzluk, sınırlılık ve kapalılık ayrımının açıkça çalışılması (s. 137-142)",YOK,1,3,s. 98-99,"Tez: 'gerekçe olarak güneş ışınının denizin üzerine düştüğünü ve denizin güneş ışınını içine aldığını söylemişlerdir.' Soru yalnız 6-8'e uygulanmış, n=264. || KAPSAM UYARISI: değerlendirmeye alınan 296 öğrencinin 32'si 5. sınıftır (Tablo 4, s. 64: 32 beşinci + 79 altıncı + 94 yedinci + 91 sekizinci). Protokol kapsamı 6-8; 6-8 karşılığı n=264. Tezin verdiği yüzdeler 5. sınıf dahil hesaplanmıştır, olduğu gibi aktarıldı — yeniden hesaplanmadı (K1).",
381134,"Doyuran, Gözde",2014,Dokuz Eylül Üniversitesi,YL,2013,karma,264,Aydın,DİĞER: Temel geometri,,Kesişen ışını düzlemin üzerinde sanma,Öğrenci düzlemi delip geçen ışını düzlemin üzerinde duruyor gibi okuyor.,,%46.47,Araştırmacı tarafından geliştirilen 13 soruluk Kavram Yanılgısı Belirleme Anketi (açık uçlu gerekçe istenen çoktan seçmeli ve gösterim soruları) + 20 öğrenciyle yarı yapılandırılmış görüşme,"Temel geometri kavramlarının somut modellerle ve karşı örneklerle öğretilmesi; sonsuzluk, sınırlılık ve kapalılık ayrımının açıkça çalışılması (s. 137-142)",YOK,1,3,s. 98-99,"Tablo 15'in ilk seçeneği. Soru yalnız 6-8'e uygulanmış, n=264. || KAPSAM UYARISI: değerlendirmeye alınan 296 öğrencinin 32'si 5. sınıftır (Tablo 4, s. 64: 32 beşinci + 79 altıncı + 94 yedinci + 91 sekizinci). Protokol kapsamı 6-8; 6-8 karşılığı n=264. Tezin verdiği yüzdeler 5. sınıf dahil hesaplanmıştır, olduğu gibi aktarıldı — yeniden hesaplanmadı (K1).",
381134,"Doyuran, Gözde",2014,Dokuz Eylül Üniversitesi,YL,2013,karma,296,Aydın,DİĞER: Temel geometri,,Doğru parçasını doğrunun yarısı sanma,Öğrenci doğru parçasını doğrunun yarısı olarak tanımlıyor; sonsuz bir nesnenin yarısının da sonsuz olacağını düşünmüyor.,,%15.2,Araştırmacı tarafından geliştirilen 13 soruluk Kavram Yanılgısı Belirleme Anketi (açık uçlu gerekçe istenen çoktan seçmeli ve gösterim soruları) + 20 öğrenciyle yarı yapılandırılmış görüşme,"Temel geometri kavramlarının somut modellerle ve karşı örneklerle öğretilmesi; sonsuzluk, sınırlılık ve kapalılık ayrımının açıkça çalışılması (s. 137-142)",YOK,1,3,s. 102,"Tez: 'Öğrencilerin %15.2'si doğru parçasının doğrunun yarısı olduğunu düşünmektedir.' Aynı ifade s. 75'te öğrenci gerekçesi olarak da geçiyor (Ö737, Ö817: 'Doğru parçası doğrunun yarısıdır'). || KAPSAM UYARISI: değerlendirmeye alınan 296 öğrencinin 32'si 5. sınıftır (Tablo 4, s. 64: 32 beşinci + 79 altıncı + 94 yedinci + 91 sekizinci). Protokol kapsamı 6-8; 6-8 karşılığı n=264. Tezin verdiği yüzdeler 5. sınıf dahil hesaplanmıştır, olduğu gibi aktarıldı — yeniden hesaplanmadı (K1).",M.8.3.2.1
381134,"Doyuran, Gözde",2014,Dokuz Eylül Üniversitesi,YL,2013,karma,296,Aydın,DİĞER: Temel geometri,,Düzlemi iki ışının birleşimi sanma,Öğrenci düzlemin iki ışının birleşmesiyle oluştuğunu söylüyor; bu aslında açının tanımı.,,%22.64,Araştırmacı tarafından geliştirilen 13 soruluk Kavram Yanılgısı Belirleme Anketi (açık uçlu gerekçe istenen çoktan seçmeli ve gösterim soruları) + 20 öğrenciyle yarı yapılandırılmış görüşme,"Temel geometri kavramlarının somut modellerle ve karşı örneklerle öğretilmesi; sonsuzluk, sınırlılık ve kapalılık ayrımının açıkça çalışılması (s. 137-142)",YOK,1,3,s. 102,"Tez: 'Bir düzlem iki ışının birleşmesiyle oluşur.' yargısının doğru olduğunu düşünen öğrencilerin %22.64'lük bölümünün düzlem kavramını anlayamamış oldukları görülmektedir.' || KAPSAM UYARISI: değerlendirmeye alınan 296 öğrencinin 32'si 5. sınıftır (Tablo 4, s. 64: 32 beşinci + 79 altıncı + 94 yedinci + 91 sekizinci). Protokol kapsamı 6-8; 6-8 karşılığı n=264. Tezin verdiği yüzdeler 5. sınıf dahil hesaplanmıştır, olduğu gibi aktarıldı — yeniden hesaplanmadı (K1).",M.6.3.1.1
TEZ:KILIC-2023-BALIKESIR,"Kılıç, Ebru",2023,Balıkesir Üniversitesi,YL,2018,8,151,Balıkesir,Üçgenler,,Yükseklik kavramını yanlış anlama,Öğrenci üçgende yüksekliğin biçimsel tanımını yaparken kritik özellikleri veremiyor; başka bir yardımcı elemanın özelliğini yüksekliğe atıyor.,"""kenarı ortalamasına"" (Ö2 — yükseklik tanımı içinde kenarortayın kritik özelliğini yazmış)",%22.52,"Araştırmacı tarafından geliştirilen 'Kavram İmajı Belirleme Formu' (yükseklik/kenarortay/açıortay için zihinsel çağrışım, biçimsel tanım ve örnek–örnek olmayan çizim soruları; tanımlar 0-3 dereceli anahtarla puanlanmış) + seçilen öğrencilerle klinik mülakat","Üçgenin yardımcı elemanlarının farklı üçgen türlerinde (dar, dik, geniş açılı) ve üçgen dışına düşen durumlarda çeşitlendirilerek çalıştırılması; matematiksel terminolojinin açıkça öğretilmesi (s. 152-157)",YOK,1,3,s. 55,"tez_id: Bu tezin YÖK numarası belgede basılı değil ve dosya adında yok (Ebru_Kılıç.pdf). YÖK numarası UYDURULMADI; YÖK numarasıyla karışmayacak bir anahtar kullanıldı. YÖK'ten teyit edilince güncellenmeli. || Tez: 'yaklaşık %22'sinin (N=34) yükseklik kavramını anlamadığı ya da yanlış anladığı görülmektedir.' Dereceli puanlama anahtarında 1 puan = anlamama/yanlış anlama. || Çalışma nitel çoklu durum deseni; ama tanım puanları ve çizim kodları frekans+yüzde ile raporlanmış. n=151 (94 kız, 57 erkek), 6 devlet ortaokulu, 2021-2022 bahar.",M.8.3.1.1
TEZ:KILIC-2023-BALIKESIR,"Kılıç, Ebru",2023,Balıkesir Üniversitesi,YL,2018,8,151,Balıkesir,Üçgenler,,Yükseklik kavramını parçalı anlama,Öğrenci yüksekliğin kritik özelliklerinden yalnız birini söyleyebiliyor; nereden nereye çizildiğini tanımlayamıyor.,"""dik olarak indirilen açı"" (Ö148 — diklik özelliğini vermiş ama başlangıç ve bitiş noktasını söyleyememiş)",%47.02,"Araştırmacı tarafından geliştirilen 'Kavram İmajı Belirleme Formu' (yükseklik/kenarortay/açıortay için zihinsel çağrışım, biçimsel tanım ve örnek–örnek olmayan çizim soruları; tanımlar 0-3 dereceli anahtarla puanlanmış) + seçilen öğrencilerle klinik mülakat","Üçgenin yardımcı elemanlarının farklı üçgen türlerinde (dar, dik, geniş açılı) ve üçgen dışına düşen durumlarda çeşitlendirilerek çalıştırılması; matematiksel terminolojinin açıkça öğretilmesi (s. 152-157)",YOK,1,3,s. 55,"K2 uyarısı: tez bunu 'yanlış anlama' değil 'parçalı anlama' diye sınıflıyor (2 puan). Sistematik bir yanlış inanç değil, eksik kavram tanımıdır — envanterde bu ayrımla okunmalı. || Çalışma nitel çoklu durum deseni; ama tanım puanları ve çizim kodları frekans+yüzde ile raporlanmış. n=151 (94 kız, 57 erkek), 6 devlet ortaokulu, 2021-2022 bahar.",M.8.3.1.1
TEZ:KILIC-2023-BALIKESIR,"Kılıç, Ebru",2023,Balıkesir Üniversitesi,YL,2018,8,151,Balıkesir,Üçgenler,,Kenarortay kavramını yanlış anlama,Öğrenci kenarortayın biçimsel tanımında kritik özellikleri veremiyor ya da başka bir elemanın özelliğini kenarortaya atıyor.,,%21.19,"Araştırmacı tarafından geliştirilen 'Kavram İmajı Belirleme Formu' (yükseklik/kenarortay/açıortay için zihinsel çağrışım, biçimsel tanım ve örnek–örnek olmayan çizim soruları; tanımlar 0-3 dereceli anahtarla puanlanmış) + seçilen öğrencilerle klinik mülakat","Üçgenin yardımcı elemanlarının farklı üçgen türlerinde (dar, dik, geniş açılı) ve üçgen dışına düşen durumlarda çeşitlendirilerek çalıştırılması; matematiksel terminolojinin açıkça öğretilmesi (s. 152-157)",YOK,1,3,s. 81,"Tez: '%21'inin ise kenarortay kavramını anlamadığı ya da yanlış anladığı görülmektedir.' || Çalışma nitel çoklu durum deseni; ama tanım puanları ve çizim kodları frekans+yüzde ile raporlanmış. n=151 (94 kız, 57 erkek), 6 devlet ortaokulu, 2021-2022 bahar.",M.8.3.1.1
TEZ:KILIC-2023-BALIKESIR,"Kılıç, Ebru",2023,Balıkesir Üniversitesi,YL,2018,8,151,Balıkesir,Üçgenler,,Kenarortay kavramını parçalı anlama,Öğrenci kenarortayın kritik özelliklerinin tamamını sayamıyor; üç yardımcı eleman içinde en yüksek parçalı anlama oranı burada.,,%64.90,"Araştırmacı tarafından geliştirilen 'Kavram İmajı Belirleme Formu' (yükseklik/kenarortay/açıortay için zihinsel çağrışım, biçimsel tanım ve örnek–örnek olmayan çizim soruları; tanımlar 0-3 dereceli anahtarla puanlanmış) + seçilen öğrencilerle klinik mülakat","Üçgenin yardımcı elemanlarının farklı üçgen türlerinde (dar, dik, geniş açılı) ve üçgen dışına düşen durumlarda çeşitlendirilerek çalıştırılması; matematiksel terminolojinin açıkça öğretilmesi (s. 152-157)",YOK,1,3,s. 81,"Üç elemanın en yüksek 'parçalı anlama' oranı (yükseklik %47.02, açıortay %62.91). K2 uyarısı: parçalı anlama, yanlış anlamadan ayrıdır. || Çalışma nitel çoklu durum deseni; ama tanım puanları ve çizim kodları frekans+yüzde ile raporlanmış. n=151 (94 kız, 57 erkek), 6 devlet ortaokulu, 2021-2022 bahar.",M.8.3.1.1
TEZ:KILIC-2023-BALIKESIR,"Kılıç, Ebru",2023,Balıkesir Üniversitesi,YL,2018,8,151,Balıkesir,Üçgenler,,Açıortay kavramını yanlış anlama,Öğrenci açıortayın biçimsel tanımında kritik özellikleri veremiyor.,,%14.57,"Araştırmacı tarafından geliştirilen 'Kavram İmajı Belirleme Formu' (yükseklik/kenarortay/açıortay için zihinsel çağrışım, biçimsel tanım ve örnek–örnek olmayan çizim soruları; tanımlar 0-3 dereceli anahtarla puanlanmış) + seçilen öğrencilerle klinik mülakat","Üçgenin yardımcı elemanlarının farklı üçgen türlerinde (dar, dik, geniş açılı) ve üçgen dışına düşen durumlarda çeşitlendirilerek çalıştırılması; matematiksel terminolojinin açıkça öğretilmesi (s. 152-157)",YOK,1,3,s. 113,"Tez: 'yaklaşık %15'inin ise açıortay kavramını anlamadığı ya da yanlış anladığı görülmektedir.' Üç eleman içinde en düşük yanlış anlama oranı. || Çalışma nitel çoklu durum deseni; ama tanım puanları ve çizim kodları frekans+yüzde ile raporlanmış. n=151 (94 kız, 57 erkek), 6 devlet ortaokulu, 2021-2022 bahar.",M.8.3.1.1
TEZ:KILIC-2023-BALIKESIR,"Kılıç, Ebru",2023,Balıkesir Üniversitesi,YL,2018,8,151,Balıkesir,Üçgenler,,Açıortay kavramını parçalı anlama,Öğrenci açıortayın kritik özelliklerinin tamamını sayamıyor.,,%62.91,"Araştırmacı tarafından geliştirilen 'Kavram İmajı Belirleme Formu' (yükseklik/kenarortay/açıortay için zihinsel çağrışım, biçimsel tanım ve örnek–örnek olmayan çizim soruları; tanımlar 0-3 dereceli anahtarla puanlanmış) + seçilen öğrencilerle klinik mülakat","Üçgenin yardımcı elemanlarının farklı üçgen türlerinde (dar, dik, geniş açılı) ve üçgen dışına düşen durumlarda çeşitlendirilerek çalıştırılması; matematiksel terminolojinin açıkça öğretilmesi (s. 152-157)",YOK,1,3,s. 113,"K2 uyarısı: tez bunu parçalı anlama (2 puan) olarak sınıflıyor. || Çalışma nitel çoklu durum deseni; ama tanım puanları ve çizim kodları frekans+yüzde ile raporlanmış. n=151 (94 kız, 57 erkek), 6 devlet ortaokulu, 2021-2022 bahar.",M.8.3.1.1
TEZ:KILIC-2023-BALIKESIR,"Kılıç, Ebru",2023,Balıkesir Üniversitesi,YL,2018,8,151,Balıkesir,Üçgenler,,Yükseklik çiziminde dikliği belirtmeme,Öğrenci köşeden karşı kenara doğru parçası çiziyor ama dik olduğunu göstermiyor ya da dik olmadığını belirtiyor; yüksekliği kenarortaydan ayıramıyor.,,%39.07,"Araştırmacı tarafından geliştirilen 'Kavram İmajı Belirleme Formu' (yükseklik/kenarortay/açıortay için zihinsel çağrışım, biçimsel tanım ve örnek–örnek olmayan çizim soruları; tanımlar 0-3 dereceli anahtarla puanlanmış) + seçilen öğrencilerle klinik mülakat","Üçgenin yardımcı elemanlarının farklı üçgen türlerinde (dar, dik, geniş açılı) ve üçgen dışına düşen durumlarda çeşitlendirilerek çalıştırılması; matematiksel terminolojinin açıkça öğretilmesi (s. 152-157)",YOK,1,3,s. 59,"Tablo 4.4 Kod 8 (f=59). Yükseklik çiziminde en sık görülen hatalı kod. || Çalışma nitel çoklu durum deseni; ama tanım puanları ve çizim kodları frekans+yüzde ile raporlanmış. n=151 (94 kız, 57 erkek), 6 devlet ortaokulu, 2021-2022 bahar.",M.8.3.1.1
TEZ:KILIC-2023-BALIKESIR,"Kılıç, Ebru",2023,Balıkesir Üniversitesi,YL,2018,8,151,Balıkesir,Üçgenler,,Yüksekliği üçgenin dışında boşluğa çizme,"Öğrenci üçgenin dışında, hiçbir kenarı veya kenar uzantısını karşılamayan bir diklik oluşturuyor.",,%5.30,"Araştırmacı tarafından geliştirilen 'Kavram İmajı Belirleme Formu' (yükseklik/kenarortay/açıortay için zihinsel çağrışım, biçimsel tanım ve örnek–örnek olmayan çizim soruları; tanımlar 0-3 dereceli anahtarla puanlanmış) + seçilen öğrencilerle klinik mülakat","Üçgenin yardımcı elemanlarının farklı üçgen türlerinde (dar, dik, geniş açılı) ve üçgen dışına düşen durumlarda çeşitlendirilerek çalıştırılması; matematiksel terminolojinin açıkça öğretilmesi (s. 152-157)",YOK,1,3,s. 59,"Tablo 4.4 Kod 5 (f=8). Geniş açılı üçgende yüksekliğin dışarı düşmesi kavranmadığında ortaya çıkıyor. || Çalışma nitel çoklu durum deseni; ama tanım puanları ve çizim kodları frekans+yüzde ile raporlanmış. n=151 (94 kız, 57 erkek), 6 devlet ortaokulu, 2021-2022 bahar.",M.8.3.1.1
TEZ:KILIC-2023-BALIKESIR,"Kılıç, Ebru",2023,Balıkesir Üniversitesi,YL,2018,8,151,Balıkesir,Üçgenler,,Yüksekliği kenardan kenara çizme,"Öğrenci yüksekliği bir köşeden değil, bir kenardan diğer kenara dik açıyla çiziyor.",,%1.32,"Araştırmacı tarafından geliştirilen 'Kavram İmajı Belirleme Formu' (yükseklik/kenarortay/açıortay için zihinsel çağrışım, biçimsel tanım ve örnek–örnek olmayan çizim soruları; tanımlar 0-3 dereceli anahtarla puanlanmış) + seçilen öğrencilerle klinik mülakat","Üçgenin yardımcı elemanlarının farklı üçgen türlerinde (dar, dik, geniş açılı) ve üçgen dışına düşen durumlarda çeşitlendirilerek çalıştırılması; matematiksel terminolojinin açıkça öğretilmesi (s. 152-157)",YOK,1,3,s. 59,"Tablo 4.4 Kod 9 (f=2). Tezin özetinde de anılıyor: 'bazı öğrencilerin yükseklik yerine kenardan kenara dik doğru parçası çizdiği'. || Çalışma nitel çoklu durum deseni; ama tanım puanları ve çizim kodları frekans+yüzde ile raporlanmış. n=151 (94 kız, 57 erkek), 6 devlet ortaokulu, 2021-2022 bahar.",M.8.3.1.1
TEZ:KILIC-2023-BALIKESIR,"Kılıç, Ebru",2023,Balıkesir Üniversitesi,YL,2018,8,151,Balıkesir,Üçgenler,,Yükseklik yerine üçgenin kenarını gösterme,Öğrenci yükseklik istendiğinde üçgenin bir kenarını işaretliyor.,,%7.94,"Araştırmacı tarafından geliştirilen 'Kavram İmajı Belirleme Formu' (yükseklik/kenarortay/açıortay için zihinsel çağrışım, biçimsel tanım ve örnek–örnek olmayan çizim soruları; tanımlar 0-3 dereceli anahtarla puanlanmış) + seçilen öğrencilerle klinik mülakat","Üçgenin yardımcı elemanlarının farklı üçgen türlerinde (dar, dik, geniş açılı) ve üçgen dışına düşen durumlarda çeşitlendirilerek çalıştırılması; matematiksel terminolojinin açıkça öğretilmesi (s. 152-157)",YOK,1,3,s. 60,"Tablo 4.4 Kod 32 (f=12). || Çalışma nitel çoklu durum deseni; ama tanım puanları ve çizim kodları frekans+yüzde ile raporlanmış. n=151 (94 kız, 57 erkek), 6 devlet ortaokulu, 2021-2022 bahar.",M.8.3.1.1
TEZ:KILIC-2023-BALIKESIR,"Kılıç, Ebru",2023,Balıkesir Üniversitesi,YL,2018,8,151,Balıkesir,Üçgenler,,Yükseklik için piramit çizme,Öğrenci yükseklik kavramını günlük hayattaki yükseklikle ilişkilendirip üçgen yerine piramit çiziyor.,,%1.32,"Araştırmacı tarafından geliştirilen 'Kavram İmajı Belirleme Formu' (yükseklik/kenarortay/açıortay için zihinsel çağrışım, biçimsel tanım ve örnek–örnek olmayan çizim soruları; tanımlar 0-3 dereceli anahtarla puanlanmış) + seçilen öğrencilerle klinik mülakat","Üçgenin yardımcı elemanlarının farklı üçgen türlerinde (dar, dik, geniş açılı) ve üçgen dışına düşen durumlarda çeşitlendirilerek çalıştırılması; matematiksel terminolojinin açıkça öğretilmesi (s. 152-157)",YOK,1,3,s. 60,"Tablo 4.4 Kod 33 (f=2). Tablo 4.1'de 'günlük hayat' kategorisi %12.58 ile üçüncü sırada — bu çizim o çağrışımın somut hali. || Çalışma nitel çoklu durum deseni; ama tanım puanları ve çizim kodları frekans+yüzde ile raporlanmış. n=151 (94 kız, 57 erkek), 6 devlet ortaokulu, 2021-2022 bahar.",M.8.3.1.1
TEZ:KILIC-2023-BALIKESIR,"Kılıç, Ebru",2023,Balıkesir Üniversitesi,YL,2018,8,151,Balıkesir,Üçgenler,,Doğru çizilmiş yüksekliği örnek değil sayma,Öğrenci 'yükseklik olmayan' örnek istendiğinde doğru çizilmiş bir yükseklik çiziyor; hangi çizimin yükseklik olduğunu ayırt edemiyor.,,%4.64,"Araştırmacı tarafından geliştirilen 'Kavram İmajı Belirleme Formu' (yükseklik/kenarortay/açıortay için zihinsel çağrışım, biçimsel tanım ve örnek–örnek olmayan çizim soruları; tanımlar 0-3 dereceli anahtarla puanlanmış) + seçilen öğrencilerle klinik mülakat","Üçgenin yardımcı elemanlarının farklı üçgen türlerinde (dar, dik, geniş açılı) ve üçgen dışına düşen durumlarda çeşitlendirilerek çalıştırılması; matematiksel terminolojinin açıkça öğretilmesi (s. 152-157)",YOK,1,2,s. 67,"Tablo 4.5 Kod 2 (f=7). YORUM GEREKTİRİYOR: tez kodu 'yükseklik doğru çizilmiş' diye tanımlıyor ama tablo 'yükseklik OLMAYAN örnek' çizimlerinin kodlaması. Bu okuma bir çıkarımdır; guven bu yüzden 2'ye düşürüldü, insan gözüyle teyit edilmeli. || Çalışma nitel çoklu durum deseni; ama tanım puanları ve çizim kodları frekans+yüzde ile raporlanmış. n=151 (94 kız, 57 erkek), 6 devlet ortaokulu, 2021-2022 bahar.",M.8.3.1.1
TEZ:KILIC-2023-BALIKESIR,"Kılıç, Ebru",2023,Balıkesir Üniversitesi,YL,2018,8,151,Balıkesir,Üçgenler,,Kenarortayda kenarı eşit bölmeyi belirtmeme,Öğrenci köşe ile karşı kenarı birleştiriyor ama kenarı iki eşit parçaya böldüğünü göstermiyor ya da bölmediğini belirtiyor.,,%36.42,"Araştırmacı tarafından geliştirilen 'Kavram İmajı Belirleme Formu' (yükseklik/kenarortay/açıortay için zihinsel çağrışım, biçimsel tanım ve örnek–örnek olmayan çizim soruları; tanımlar 0-3 dereceli anahtarla puanlanmış) + seçilen öğrencilerle klinik mülakat","Üçgenin yardımcı elemanlarının farklı üçgen türlerinde (dar, dik, geniş açılı) ve üçgen dışına düşen durumlarda çeşitlendirilerek çalıştırılması; matematiksel terminolojinin açıkça öğretilmesi (s. 152-157)",YOK,1,3,s. 87,"Tablo 4.9 Kod 14 (f=55). Kenarortay çiziminde en sık görülen hatalı kod; yüksekliğin Kod 8'iyle (%39.07) simetrik bir hata. || Çalışma nitel çoklu durum deseni; ama tanım puanları ve çizim kodları frekans+yüzde ile raporlanmış. n=151 (94 kız, 57 erkek), 6 devlet ortaokulu, 2021-2022 bahar.",M.8.3.1.1
TEZ:KILIC-2023-BALIKESIR,"Kılıç, Ebru",2023,Balıkesir Üniversitesi,YL,2018,8,151,Balıkesir,Üçgenler,,Kenarortayı dik açıyla çizme,Öğrenci kenarortayı çizerken dik açı işareti koyuyor; kenarortay ile yüksekliği birleştiriyor.,,%2.65,"Araştırmacı tarafından geliştirilen 'Kavram İmajı Belirleme Formu' (yükseklik/kenarortay/açıortay için zihinsel çağrışım, biçimsel tanım ve örnek–örnek olmayan çizim soruları; tanımlar 0-3 dereceli anahtarla puanlanmış) + seçilen öğrencilerle klinik mülakat","Üçgenin yardımcı elemanlarının farklı üçgen türlerinde (dar, dik, geniş açılı) ve üçgen dışına düşen durumlarda çeşitlendirilerek çalıştırılması; matematiksel terminolojinin açıkça öğretilmesi (s. 152-157)",YOK,1,3,s. 86,"Tablo 4.9 Kod 9 (f=4). Tezin özetinde de anılıyor: 'bazı öğrencilerin kenarortay için dik ortalamak, dikme indirmek, dik çizmek ifadelerini kullandığı'. || Çalışma nitel çoklu durum deseni; ama tanım puanları ve çizim kodları frekans+yüzde ile raporlanmış. n=151 (94 kız, 57 erkek), 6 devlet ortaokulu, 2021-2022 bahar.",M.8.3.1.1
TEZ:KILIC-2023-BALIKESIR,"Kılıç, Ebru",2023,Balıkesir Üniversitesi,YL,2018,8,151,Balıkesir,Üçgenler,,Kenarortay yerine yükseklik çizme,Kenarortay istendiğinde öğrenci doğru çizilmiş bir yükseklik veriyor.,,%4.64,"Araştırmacı tarafından geliştirilen 'Kavram İmajı Belirleme Formu' (yükseklik/kenarortay/açıortay için zihinsel çağrışım, biçimsel tanım ve örnek–örnek olmayan çizim soruları; tanımlar 0-3 dereceli anahtarla puanlanmış) + seçilen öğrencilerle klinik mülakat","Üçgenin yardımcı elemanlarının farklı üçgen türlerinde (dar, dik, geniş açılı) ve üçgen dışına düşen durumlarda çeşitlendirilerek çalıştırılması; matematiksel terminolojinin açıkça öğretilmesi (s. 152-157)",YOK,1,3,s. 86,"Tablo 4.9 Kod 2 (f=7). || Çalışma nitel çoklu durum deseni; ama tanım puanları ve çizim kodları frekans+yüzde ile raporlanmış. n=151 (94 kız, 57 erkek), 6 devlet ortaokulu, 2021-2022 bahar.",M.8.3.1.1
TEZ:KILIC-2023-BALIKESIR,"Kılıç, Ebru",2023,Balıkesir Üniversitesi,YL,2018,8,151,Balıkesir,Üçgenler,,Kenarortayı kenardan kenara çizme,Öğrenci kenarortayı köşeden başlatmıyor; bir kenardan diğerine çizip kenarı ikiye böldüğünü söylüyor.,,%1.99,"Araştırmacı tarafından geliştirilen 'Kavram İmajı Belirleme Formu' (yükseklik/kenarortay/açıortay için zihinsel çağrışım, biçimsel tanım ve örnek–örnek olmayan çizim soruları; tanımlar 0-3 dereceli anahtarla puanlanmış) + seçilen öğrencilerle klinik mülakat","Üçgenin yardımcı elemanlarının farklı üçgen türlerinde (dar, dik, geniş açılı) ve üçgen dışına düşen durumlarda çeşitlendirilerek çalıştırılması; matematiksel terminolojinin açıkça öğretilmesi (s. 152-157)",YOK,1,3,s. 87,"Tablo 4.9 Kod 15 (f=3). || Çalışma nitel çoklu durum deseni; ama tanım puanları ve çizim kodları frekans+yüzde ile raporlanmış. n=151 (94 kız, 57 erkek), 6 devlet ortaokulu, 2021-2022 bahar.",M.8.3.1.1
TEZ:KILIC-2023-BALIKESIR,"Kılıç, Ebru",2023,Balıkesir Üniversitesi,YL,2018,8,151,Balıkesir,Üçgenler,,Açıortayda açıyı eşit bölmeyi belirtmeme,Öğrenci köşeden karşı kenara doğru parçası çiziyor ama açıyı iki eşit parçaya böldüğünü göstermiyor ya da bölmediğini belirtiyor.,,%41.06,"Araştırmacı tarafından geliştirilen 'Kavram İmajı Belirleme Formu' (yükseklik/kenarortay/açıortay için zihinsel çağrışım, biçimsel tanım ve örnek–örnek olmayan çizim soruları; tanımlar 0-3 dereceli anahtarla puanlanmış) + seçilen öğrencilerle klinik mülakat","Üçgenin yardımcı elemanlarının farklı üçgen türlerinde (dar, dik, geniş açılı) ve üçgen dışına düşen durumlarda çeşitlendirilerek çalıştırılması; matematiksel terminolojinin açıkça öğretilmesi (s. 152-157)",YOK,1,3,s. 118,"Tablo 4.14 Kod 24 (f=62). Üç yardımcı elemanın üçünde de aynı desen: kritik özelliği (diklik / kenarı eşit bölme / açıyı eşit bölme) çizimde göstermemek. || Çalışma nitel çoklu durum deseni; ama tanım puanları ve çizim kodları frekans+yüzde ile raporlanmış. n=151 (94 kız, 57 erkek), 6 devlet ortaokulu, 2021-2022 bahar.",M.8.3.1.1
TEZ:KILIC-2023-BALIKESIR,"Kılıç, Ebru",2023,Balıkesir Üniversitesi,YL,2018,8,151,Balıkesir,Üçgenler,,Açıortay yerine yükseklik çizme,Açıortay istendiğinde öğrenci doğru çizilmiş bir yükseklik veriyor.,,%5.30,"Araştırmacı tarafından geliştirilen 'Kavram İmajı Belirleme Formu' (yükseklik/kenarortay/açıortay için zihinsel çağrışım, biçimsel tanım ve örnek–örnek olmayan çizim soruları; tanımlar 0-3 dereceli anahtarla puanlanmış) + seçilen öğrencilerle klinik mülakat","Üçgenin yardımcı elemanlarının farklı üçgen türlerinde (dar, dik, geniş açılı) ve üçgen dışına düşen durumlarda çeşitlendirilerek çalıştırılması; matematiksel terminolojinin açıkça öğretilmesi (s. 152-157)",YOK,1,3,s. 116,"Tablo 4.14 Kod 2 (f=8). || Çalışma nitel çoklu durum deseni; ama tanım puanları ve çizim kodları frekans+yüzde ile raporlanmış. n=151 (94 kız, 57 erkek), 6 devlet ortaokulu, 2021-2022 bahar.",M.8.3.1.1
TEZ:KILIC-2023-BALIKESIR,"Kılıç, Ebru",2023,Balıkesir Üniversitesi,YL,2018,8,151,Balıkesir,Üçgenler,,Açıortay yerine kenarortay çizme,Açıortay istendiğinde öğrenci doğru çizilmiş bir kenarortay veriyor.,,%1.99,"Araştırmacı tarafından geliştirilen 'Kavram İmajı Belirleme Formu' (yükseklik/kenarortay/açıortay için zihinsel çağrışım, biçimsel tanım ve örnek–örnek olmayan çizim soruları; tanımlar 0-3 dereceli anahtarla puanlanmış) + seçilen öğrencilerle klinik mülakat","Üçgenin yardımcı elemanlarının farklı üçgen türlerinde (dar, dik, geniş açılı) ve üçgen dışına düşen durumlarda çeşitlendirilerek çalıştırılması; matematiksel terminolojinin açıkça öğretilmesi (s. 152-157)",YOK,1,3,s. 116,"Tablo 4.14 Kod 3 (f=3). || Çalışma nitel çoklu durum deseni; ama tanım puanları ve çizim kodları frekans+yüzde ile raporlanmış. n=151 (94 kız, 57 erkek), 6 devlet ortaokulu, 2021-2022 bahar.",M.8.3.1.1
TEZ:KILIC-2023-BALIKESIR,"Kılıç, Ebru",2023,Balıkesir Üniversitesi,YL,2018,8,151,Balıkesir,Üçgenler,,Açıortayı hem kenarortay olacak şekilde çizme,Öğrenci açıortay örneği olarak hem kenarortay hem açıortay olan bir doğru parçası çiziyor; iki elemanın ancak özel üçgenlerde çakıştığını genelliyor.,,%1.32,"Araştırmacı tarafından geliştirilen 'Kavram İmajı Belirleme Formu' (yükseklik/kenarortay/açıortay için zihinsel çağrışım, biçimsel tanım ve örnek–örnek olmayan çizim soruları; tanımlar 0-3 dereceli anahtarla puanlanmış) + seçilen öğrencilerle klinik mülakat","Üçgenin yardımcı elemanlarının farklı üçgen türlerinde (dar, dik, geniş açılı) ve üçgen dışına düşen durumlarda çeşitlendirilerek çalıştırılması; matematiksel terminolojinin açıkça öğretilmesi (s. 152-157)",YOK,1,3,s. 117,"Tablo 4.14 Kod 23 (f=2). Tez, bazı öğrencilerin ikizkenar/eşkenar üçgende üç elemanın çakıştığının farkında olduğunu da not ediyor — bu satır o bilginin aşırı genellenmesi. || Çalışma nitel çoklu durum deseni; ama tanım puanları ve çizim kodları frekans+yüzde ile raporlanmış. n=151 (94 kız, 57 erkek), 6 devlet ortaokulu, 2021-2022 bahar.",M.8.3.1.1
TEZ:KILIC-2023-BALIKESIR,"Kılıç, Ebru",2023,Balıkesir Üniversitesi,YL,2018,8,151,Balıkesir,Üçgenler,,Yükseklik kavramının kenarortayı çağrıştırması,"Öğrencinin zihninde yükseklik kavramı, kenarortayı tanımlayan ifadeleri çağrıştırıyor.",,%0.66,"Araştırmacı tarafından geliştirilen 'Kavram İmajı Belirleme Formu' (yükseklik/kenarortay/açıortay için zihinsel çağrışım, biçimsel tanım ve örnek–örnek olmayan çizim soruları; tanımlar 0-3 dereceli anahtarla puanlanmış) + seçilen öğrencilerle klinik mülakat","Üçgenin yardımcı elemanlarının farklı üçgen türlerinde (dar, dik, geniş açılı) ve üçgen dışına düşen durumlarda çeşitlendirilerek çalıştırılması; matematiksel terminolojinin açıkça öğretilmesi (s. 152-157)",YOK,1,3,s. 52,"Tablo 4.1 (f=1). Tek öğrenci ama yön gösterici: tez, yüksekliğin diğer elemanlarla EN AZ karıştırılan kavram olduğunu söylüyor (s. 139). || Çalışma nitel çoklu durum deseni; ama tanım puanları ve çizim kodları frekans+yüzde ile raporlanmış. n=151 (94 kız, 57 erkek), 6 devlet ortaokulu, 2021-2022 bahar.",M.8.3.1.1
TEZ:KILIC-2023-BALIKESIR,"Kılıç, Ebru",2023,Balıkesir Üniversitesi,YL,2018,8,151,Balıkesir,Üçgenler,,Yardımcı elemanları birbirine karıştırma,Öğrenci kenarortay ya da açıortay sorulduğunda birden fazla yardımcı elemanı tanımlayan ifadeleri birlikte kullanıyor.,,,"Araştırmacı tarafından geliştirilen 'Kavram İmajı Belirleme Formu' (yükseklik/kenarortay/açıortay için zihinsel çağrışım, biçimsel tanım ve örnek–örnek olmayan çizim soruları; tanımlar 0-3 dereceli anahtarla puanlanmış) + seçilen öğrencilerle klinik mülakat","Üçgenin yardımcı elemanlarının farklı üçgen türlerinde (dar, dik, geniş açılı) ve üçgen dışına düşen durumlarda çeşitlendirilerek çalıştırılması; matematiksel terminolojinin açıkça öğretilmesi (s. 152-157)",YOK,1,1,s. 139,"Tablo 5.1: kenarortay imajından 5 öğrenci hem yükseklik hem kenarortay ifadeleri, açıortay imajından 4 öğrenci hem kenarortay hem yükseklik ifadeleri kullanmış. Tez: 'diğer yardımcı elemanlarla en fazla ilişkilendirilen kavramın kenarortay olduğu'. Yüzde verilmediği için oran sütunu boş (K1). || Çalışma nitel çoklu durum deseni; ama tanım puanları ve çizim kodları frekans+yüzde ile raporlanmış. n=151 (94 kız, 57 erkek), 6 devlet ortaokulu, 2021-2022 bahar.",M.8.3.1.1
TEZ:KILIC-2023-BALIKESIR,"Kılıç, Ebru",2023,Balıkesir Üniversitesi,YL,2018,8,151,Balıkesir,Üçgenler,,Yüksekliği bir açı sanma,Öğrenci yüksekliği doğru parçası değil açı olarak adlandırıyor; 'dik olarak indirilen açı' diyor.,"""Üst kenara dik indirilen açı, üst kenardan dik olarak indirilen açı."" (Ö148, klinik mülakat)",,"Araştırmacı tarafından geliştirilen 'Kavram İmajı Belirleme Formu' (yükseklik/kenarortay/açıortay için zihinsel çağrışım, biçimsel tanım ve örnek–örnek olmayan çizim soruları; tanımlar 0-3 dereceli anahtarla puanlanmış) + seçilen öğrencilerle klinik mülakat","Üçgenin yardımcı elemanlarının farklı üçgen türlerinde (dar, dik, geniş açılı) ve üçgen dışına düşen durumlarda çeşitlendirilerek çalıştırılması; matematiksel terminolojinin açıkça öğretilmesi (s. 152-157)",YOK,1,1,s. 56,"Mülakat bulgusu; oran verilmemiş. Aynı öğrencinin biçimsel tanımı 2 puan almış (parçalı anlama). || Çalışma nitel çoklu durum deseni; ama tanım puanları ve çizim kodları frekans+yüzde ile raporlanmış. n=151 (94 kız, 57 erkek), 6 devlet ortaokulu, 2021-2022 bahar.",M.8.3.1.1
TEZ:KILIC-2023-BALIKESIR,"Kılıç, Ebru",2023,Balıkesir Üniversitesi,YL,2018,8,151,Balıkesir,Üçgenler,,Üçgenin kenarı ile köşesini karıştırma,Öğrenci üçgenin köşelerini kenar diye adlandırıyor; yükseklik tanımını bu yüzden kuramıyor.,"""Şuralar kenarlar."" (Ö148, üçgenin A, B ve C köşelerini göstererek)",,"Araştırmacı tarafından geliştirilen 'Kavram İmajı Belirleme Formu' (yükseklik/kenarortay/açıortay için zihinsel çağrışım, biçimsel tanım ve örnek–örnek olmayan çizim soruları; tanımlar 0-3 dereceli anahtarla puanlanmış) + seçilen öğrencilerle klinik mülakat","Üçgenin yardımcı elemanlarının farklı üçgen türlerinde (dar, dik, geniş açılı) ve üçgen dışına düşen durumlarda çeşitlendirilerek çalıştırılması; matematiksel terminolojinin açıkça öğretilmesi (s. 152-157)",YOK,3,1,s. 56-57,"Öğrenci alıntısı s. 56'da, tezin değerlendirmesi s. 57'de: 'öğrenci tanım yaparken üçgenin kenarı ile köşesini birbirine karıştırmıştır (...) bu öğrenci için üçgenin temel elemanları konusunda sıkıntı yaşadığı da söylenebilir.' Basamak 3: üçgenin temel elemanları alt kazanımı oturmadan yardımcı elemanlara geçilmiş. || Çalışma nitel çoklu durum deseni; ama tanım puanları ve çizim kodları frekans+yüzde ile raporlanmış. n=151 (94 kız, 57 erkek), 6 devlet ortaokulu, 2021-2022 bahar.",M.8.3.1.1
613693,"Gümüş, Büşra",2020,Uşak Üniversitesi,YL,2013,8,251,Uşak,Geometrik cisimler,,Dikdörtgenler prizmasına dikdörtgen deme,Öğrenci üç boyutlu cismi iki boyutlu şeklin adıyla isimlendiriyor; prizma ile onun yüzünü ayırt etmiyor.,,%17.1,"Araştırmacı tarafından geliştirilen geometrik cisimleri tanıma, isimlendirme, temel elemanlarını (ayrıt/köşe/yüz) belirleme ve açınım çizme sorularından oluşan başarı testi; yanlış cevaplar kategorilere ayrılıp frekans ve yüzdeyle raporlanmış",Geometrik cisimlerin somut modellerle ve farklı duruşlarda (eğik cisimler dahil) çalışılması; iki boyutlu şekil adları ile üç boyutlu cisim adlarının açıkça ayrılması,YOK,1,3,s. 51-52,"Tablo 3.3, dikdörtgenler prizması satırı (f=43). Tezin bu tablodaki en yüksek hatalı kategorisi. || Uygulama 2016-2017; müfredat dönemi 2013. n=251, Uşak ilinde üç farklı yerleşim yerinden 8. sınıf öğrencisi. Tez yanlış cevapları kategorilere ayırıp her kategoriye frekans+yüzde verdiği için oranlar yanılgı düzeyindedir (K1 uygun).",M.8.3.4.1
613693,"Gümüş, Büşra",2020,Uşak Üniversitesi,YL,2013,8,251,Uşak,Geometrik cisimler,,Kare prizmayı dikdörtgenler prizması sanma,Öğrenci kare prizmayı dikdörtgenler prizması diye adlandırıyor; taban şeklinin cismi belirlediğini kullanmıyor.,,%15.5,"Araştırmacı tarafından geliştirilen geometrik cisimleri tanıma, isimlendirme, temel elemanlarını (ayrıt/köşe/yüz) belirleme ve açınım çizme sorularından oluşan başarı testi; yanlış cevaplar kategorilere ayrılıp frekans ve yüzdeyle raporlanmış",Geometrik cisimlerin somut modellerle ve farklı duruşlarda (eğik cisimler dahil) çalışılması; iki boyutlu şekil adları ile üç boyutlu cisim adlarının açıkça ayrılması,YOK,1,3,s. 51-52,"Tablo 3.3, kare prizma satırı (f=39). Tez: 'Kare prizmayı isimlendirirken en çok dikdörtgenler prizması ile karıştırıldığı görülmektedir.' || Uygulama 2016-2017; müfredat dönemi 2013. n=251, Uşak ilinde üç farklı yerleşim yerinden 8. sınıf öğrencisi. Tez yanlış cevapları kategorilere ayırıp her kategoriye frekans+yüzde verdiği için oranlar yanılgı düzeyindedir (K1 uygun).",M.8.3.4.1
613693,"Gümüş, Büşra",2020,Uşak Üniversitesi,YL,2013,8,251,Uşak,Geometrik cisimler,,Kare prizmaya kare deme,Öğrenci kare prizmayı iki boyutlu 'kare' adıyla isimlendiriyor.,,%10.3,"Araştırmacı tarafından geliştirilen geometrik cisimleri tanıma, isimlendirme, temel elemanlarını (ayrıt/köşe/yüz) belirleme ve açınım çizme sorularından oluşan başarı testi; yanlış cevaplar kategorilere ayrılıp frekans ve yüzdeyle raporlanmış",Geometrik cisimlerin somut modellerle ve farklı duruşlarda (eğik cisimler dahil) çalışılması; iki boyutlu şekil adları ile üç boyutlu cisim adlarının açıkça ayrılması,YOK,1,3,s. 51,"Tablo 3.3, kare prizma satırı (f=26). Tez: 'Öğrencilerin %10,7'si ise isimlendirmede kare ve dikdörtgen şeklinde iki boyutlu şekillerin adını kullanarak hatalı isimlendirme yapmıştır.' || Uygulama 2016-2017; müfredat dönemi 2013. n=251, Uşak ilinde üç farklı yerleşim yerinden 8. sınıf öğrencisi. Tez yanlış cevapları kategorilere ayırıp her kategoriye frekans+yüzde verdiği için oranlar yanılgı düzeyindedir (K1 uygun).",M.8.3.4.1
613693,"Gümüş, Büşra",2020,Uşak Üniversitesi,YL,2013,8,251,Uşak,Geometrik cisimler,,Eğik kare prizmayı dik prizma sanma,Öğrenci eğik kare prizmayı 'kare prizma' diye adlandırıyor; eğiklik özelliğini dikkate almıyor ya da bilmiyor.,,%14.7,"Araştırmacı tarafından geliştirilen geometrik cisimleri tanıma, isimlendirme, temel elemanlarını (ayrıt/köşe/yüz) belirleme ve açınım çizme sorularından oluşan başarı testi; yanlış cevaplar kategorilere ayrılıp frekans ve yüzdeyle raporlanmış",Geometrik cisimlerin somut modellerle ve farklı duruşlarda (eğik cisimler dahil) çalışılması; iki boyutlu şekil adları ile üç boyutlu cisim adlarının açıkça ayrılması,YOK,1,3,s. 51,"Tablo 3.3, eğik kare prizma satırı (f=37). Tez: 'eğik kavramını dikkate almadıklarını ya da bu kavramı bilmediklerini göstermektedir.' Bu soruyu boş bırakma oranı da en yüksek (%24,7). || Uygulama 2016-2017; müfredat dönemi 2013. n=251, Uşak ilinde üç farklı yerleşim yerinden 8. sınıf öğrencisi. Tez yanlış cevapları kategorilere ayırıp her kategoriye frekans+yüzde verdiği için oranlar yanılgı düzeyindedir (K1 uygun).",M.8.3.4.1
613693,"Gümüş, Büşra",2020,Uşak Üniversitesi,YL,2013,8,251,Uşak,Geometrik cisimler,,Eğik yerine yamuk kavramını kullanma,Öğrenci cismin dik prizmadan farklı olduğunu görüyor ama farkı 'eğik' yerine 'yamuk' diyerek adlandırıyor.,,%4.2,"Araştırmacı tarafından geliştirilen geometrik cisimleri tanıma, isimlendirme, temel elemanlarını (ayrıt/köşe/yüz) belirleme ve açınım çizme sorularından oluşan başarı testi; yanlış cevaplar kategorilere ayrılıp frekans ve yüzdeyle raporlanmış",Geometrik cisimlerin somut modellerle ve farklı duruşlarda (eğik cisimler dahil) çalışılması; iki boyutlu şekil adları ile üç boyutlu cisim adlarının açıkça ayrılması,YOK,1,3,s. 51,"Tablo 3.3, eğik kare prizma satırı, 'Yamuk Kare Prizma' kategorisi (f=10). Tez: 'eğik kavramı yerine yamuk kavramını kullanarak eksik bilgiye sahip olduğunu göstermiştir.' || Uygulama 2016-2017; müfredat dönemi 2013. n=251, Uşak ilinde üç farklı yerleşim yerinden 8. sınıf öğrencisi. Tez yanlış cevapları kategorilere ayırıp her kategoriye frekans+yüzde verdiği için oranlar yanılgı düzeyindedir (K1 uygun).",M.8.3.4.1
613693,"Gümüş, Büşra",2020,Uşak Üniversitesi,YL,2013,8,251,Uşak,Geometrik cisimler,,Üçgen prizmayı üçgen piramit sanma,Öğrenci üçgen prizmayı üçgen piramit diye adlandırıyor; prizma ile piramiti ayırt etmiyor.,,%7.9,"Araştırmacı tarafından geliştirilen geometrik cisimleri tanıma, isimlendirme, temel elemanlarını (ayrıt/köşe/yüz) belirleme ve açınım çizme sorularından oluşan başarı testi; yanlış cevaplar kategorilere ayrılıp frekans ve yüzdeyle raporlanmış",Geometrik cisimlerin somut modellerle ve farklı duruşlarda (eğik cisimler dahil) çalışılması; iki boyutlu şekil adları ile üç boyutlu cisim adlarının açıkça ayrılması,YOK,1,3,s. 51,"Tablo 3.3, üçgen prizma satırı (f=20). || Uygulama 2016-2017; müfredat dönemi 2013. n=251, Uşak ilinde üç farklı yerleşim yerinden 8. sınıf öğrencisi. Tez yanlış cevapları kategorilere ayırıp her kategoriye frekans+yüzde verdiği için oranlar yanılgı düzeyindedir (K1 uygun).",M.8.3.4.1
613693,"Gümüş, Büşra",2020,Uşak Üniversitesi,YL,2013,8,251,Uşak,Geometrik cisimler,,Küpe kare deme,Öğrenci küpü iki boyutlu 'kare' adıyla isimlendiriyor.,,%9.1,"Araştırmacı tarafından geliştirilen geometrik cisimleri tanıma, isimlendirme, temel elemanlarını (ayrıt/köşe/yüz) belirleme ve açınım çizme sorularından oluşan başarı testi; yanlış cevaplar kategorilere ayrılıp frekans ve yüzdeyle raporlanmış",Geometrik cisimlerin somut modellerle ve farklı duruşlarda (eğik cisimler dahil) çalışılması; iki boyutlu şekil adları ile üç boyutlu cisim adlarının açıkça ayrılması,YOK,1,3,s. 51,"Tablo 3.3, küp satırı (f=23). İki boyutlu–üç boyutlu karışması bu tezde beş ayrı cisimde tekrar ediyor. || Uygulama 2016-2017; müfredat dönemi 2013. n=251, Uşak ilinde üç farklı yerleşim yerinden 8. sınıf öğrencisi. Tez yanlış cevapları kategorilere ayırıp her kategoriye frekans+yüzde verdiği için oranlar yanılgı düzeyindedir (K1 uygun).",M.8.3.4.1
613693,"Gümüş, Büşra",2020,Uşak Üniversitesi,YL,2013,8,251,Uşak,Geometrik cisimler,,Üçgen piramiti üçgen prizma sanma,Öğrenci üçgen piramiti üçgen prizma diye adlandırıyor.,,%22.3,"Araştırmacı tarafından geliştirilen geometrik cisimleri tanıma, isimlendirme, temel elemanlarını (ayrıt/köşe/yüz) belirleme ve açınım çizme sorularından oluşan başarı testi; yanlış cevaplar kategorilere ayrılıp frekans ve yüzdeyle raporlanmış",Geometrik cisimlerin somut modellerle ve farklı duruşlarda (eğik cisimler dahil) çalışılması; iki boyutlu şekil adları ile üç boyutlu cisim adlarının açıkça ayrılması,YOK,1,3,s. 52-53,"Tablo 3.4. Tezin en yüksek oranlı hatalı isimlendirmesi. Üçgen piramitin doğru isimlendirme oranı yalnız %37,8. || Uygulama 2016-2017; müfredat dönemi 2013. n=251, Uşak ilinde üç farklı yerleşim yerinden 8. sınıf öğrencisi. Tez yanlış cevapları kategorilere ayırıp her kategoriye frekans+yüzde verdiği için oranlar yanılgı düzeyindedir (K1 uygun).",M.8.3.4.5
613693,"Gümüş, Büşra",2020,Uşak Üniversitesi,YL,2013,8,251,Uşak,Geometrik cisimler,,Üçgen piramiti iki boyutlu algılama,Öğrenci üçgen piramite 'üçgen' diyor; cismi iki boyutlu algılıyor.,,%13.9,"Araştırmacı tarafından geliştirilen geometrik cisimleri tanıma, isimlendirme, temel elemanlarını (ayrıt/köşe/yüz) belirleme ve açınım çizme sorularından oluşan başarı testi; yanlış cevaplar kategorilere ayrılıp frekans ve yüzdeyle raporlanmış",Geometrik cisimlerin somut modellerle ve farklı duruşlarda (eğik cisimler dahil) çalışılması; iki boyutlu şekil adları ile üç boyutlu cisim adlarının açıkça ayrılması,YOK,1,3,s. 52-53,"Tablo 3.4 (f=35). Tez: 'cismi iki boyutlu algılayarak üçgen cevabını vermiştir.' || Uygulama 2016-2017; müfredat dönemi 2013. n=251, Uşak ilinde üç farklı yerleşim yerinden 8. sınıf öğrencisi. Tez yanlış cevapları kategorilere ayırıp her kategoriye frekans+yüzde verdiği için oranlar yanılgı düzeyindedir (K1 uygun).",M.8.3.4.5
613693,"Gümüş, Büşra",2020,Uşak Üniversitesi,YL,2013,8,251,Uşak,Geometrik cisimler,,Dikdörtgen piramiti yalnız piramit deme,Öğrenci piramit çeşidini belirtmeden yalnız 'piramit' diyor; tabanın cismi adlandırdığını kullanmıyor.,,%16.3,"Araştırmacı tarafından geliştirilen geometrik cisimleri tanıma, isimlendirme, temel elemanlarını (ayrıt/köşe/yüz) belirleme ve açınım çizme sorularından oluşan başarı testi; yanlış cevaplar kategorilere ayrılıp frekans ve yüzdeyle raporlanmış",Geometrik cisimlerin somut modellerle ve farklı duruşlarda (eğik cisimler dahil) çalışılması; iki boyutlu şekil adları ile üç boyutlu cisim adlarının açıkça ayrılması,YOK,1,3,s. 53,"Tablo 3.4. Dikdörtgen piramit, testin en az doğru yanıtlanan şekli (doğru oran %23,1). || Uygulama 2016-2017; müfredat dönemi 2013. n=251, Uşak ilinde üç farklı yerleşim yerinden 8. sınıf öğrencisi. Tez yanlış cevapları kategorilere ayırıp her kategoriye frekans+yüzde verdiği için oranlar yanılgı düzeyindedir (K1 uygun).",M.8.3.4.5
613693,"Gümüş, Büşra",2020,Uşak Üniversitesi,YL,2013,8,251,Uşak,Geometrik cisimler,,Dikdörtgen piramiti kare piramit sanma,Öğrenci dikdörtgen tabanlı piramiti kare piramit diye adlandırıyor.,,%11.5,"Araştırmacı tarafından geliştirilen geometrik cisimleri tanıma, isimlendirme, temel elemanlarını (ayrıt/köşe/yüz) belirleme ve açınım çizme sorularından oluşan başarı testi; yanlış cevaplar kategorilere ayrılıp frekans ve yüzdeyle raporlanmış",Geometrik cisimlerin somut modellerle ve farklı duruşlarda (eğik cisimler dahil) çalışılması; iki boyutlu şekil adları ile üç boyutlu cisim adlarının açıkça ayrılması,YOK,1,3,s. 53,"Tablo 3.4. || Uygulama 2016-2017; müfredat dönemi 2013. n=251, Uşak ilinde üç farklı yerleşim yerinden 8. sınıf öğrencisi. Tez yanlış cevapları kategorilere ayırıp her kategoriye frekans+yüzde verdiği için oranlar yanılgı düzeyindedir (K1 uygun).",M.8.3.4.5
613693,"Gümüş, Büşra",2020,Uşak Üniversitesi,YL,2013,8,251,Uşak,Geometrik cisimler,,Küpün açınımını boyut hatasıyla çizme,Öğrenci küpün açınımını doğru düzenle çiziyor ama yüzlerin boyutlarını birbirinden farklı çiziyor.,,%19.1,"Araştırmacı tarafından geliştirilen geometrik cisimleri tanıma, isimlendirme, temel elemanlarını (ayrıt/köşe/yüz) belirleme ve açınım çizme sorularından oluşan başarı testi; yanlış cevaplar kategorilere ayrılıp frekans ve yüzdeyle raporlanmış",Geometrik cisimlerin somut modellerle ve farklı duruşlarda (eğik cisimler dahil) çalışılması; iki boyutlu şekil adları ile üç boyutlu cisim adlarının açıkça ayrılması,YOK,1,3,s. 60,"Tablo 3.11, küp 1. çizim, 'Boyut Hatası' kategorisi (f=48). Açınım çizimi tanıma ve isimlendirmeden ayrı bir kazanım olduğu için ayrı satır. || Uygulama 2016-2017; müfredat dönemi 2013. n=251, Uşak ilinde üç farklı yerleşim yerinden 8. sınıf öğrencisi. Tez yanlış cevapları kategorilere ayırıp her kategoriye frekans+yüzde verdiği için oranlar yanılgı düzeyindedir (K1 uygun).",M.8.3.4.1
547509,"Doğrucan, Harun",2019,Erciyes Üniversitesi,YL,2013,6,107,Kayseri,Çarpanlar ve katlar,,Sayının kendisini çarpanlarına dahil etmeme,Öğrenci bir sayının çarpanlar kümesini yazarken sayının kendisini dışarıda bırakıyor; çarpan kümesinin sayının kendisini de içermesi gerektiğini kavramıyor.,,%5.6,Araştırmacı tarafından geliştirilen çoktan seçmeli ve doğru-yanlış sorularından oluşan başarı testi; yanıtlar seçenek bazında frekans ve yüzdeyle raporlanmış,Çarpan ve bölen kavramlarının tanım düzeyinde çalışılması; 1 ve sayının kendisinin her zaman çarpan olduğunun açıkça vurgulanması,YOK,1,3,s. 29,"Tez: 'bu kümenin elemanlarının 24'e de ait olduğunu düşündüklerini ama 24 olabilmesi için sayının kendisinin de olmasının gerektiğini kavrayamadıklarını göstermektedir.' Tablo 4.1.10, D seçeneği (f=6). 6. sınıf alt grubu n=107. || KAYNAK ZAYIFLIĞI: Tezin bulgular bölümü soru bazlı başarı yüzdesi veriyor, yanılgı kategorisi tablosu içermiyor. Bulgular bölümünün tamamı tarandı; teşhis içeren yalnız 2 pasaj bulundu, o yüzden 2 satır. Örneklem 155 öğrenci (107 altıncı + 48 sekizinci sınıf); satırlar hangi sınıfa aitse o alt grubun n'i yazıldı.",M.6.1.2.1
547509,"Doğrucan, Harun",2019,Erciyes Üniversitesi,YL,2013,8,48,Kayseri,Çarpanlar ve katlar,,Ortak bölen ararken 1'i ve tek olanları atlama,Öğrenci iki sayının ortak bölenlerini ararken her iki sayı da çift olduğu için 2'ye yöneliyor; 1'i ve diğer ortak bölenleri gözden kaçırıyor.,,%43.8,Araştırmacı tarafından geliştirilen çoktan seçmeli ve doğru-yanlış sorularından oluşan başarı testi; yanıtlar seçenek bazında frekans ve yüzdeyle raporlanmış,Çarpan ve bölen kavramlarının tanım düzeyinde çalışılması; 1 ve sayının kendisinin her zaman çarpan olduğunun açıkça vurgulanması,YOK,1,2,s. 51,"Tez: 'en çok yanlış yapılan cevabın 2 olması her iki sayının da çift olması sebebiyle öğrencilerde yanılgıya sebep olmuş olabileceği ya da (...) 1 sayısını unutmuş olabileceği düşünülmektedir.' K2 UYARISI: tez teşhisi 'olabileceği' diliyle veriyor, kesin bir kavram yanılgısı ilan etmiyor; oran (%43,8) kesin ama yorum tartışmalı. n=48 (8. sınıf alt grubu) olduğu için K5 gereği guven 3 olamaz. || KAYNAK ZAYIFLIĞI: Tezin bulgular bölümü soru bazlı başarı yüzdesi veriyor, yanılgı kategorisi tablosu içermiyor. Bulgular bölümünün tamamı tarandı; teşhis içeren yalnız 2 pasaj bulundu, o yüzden 2 satır. Örneklem 155 öğrenci (107 altıncı + 48 sekizinci sınıf); satırlar hangi sınıfa aitse o alt grubun n'i yazıldı.",M.6.1.2.5
558392,"Uçar, Esra",2019,Uşak Üniversitesi,YL,2018,8,225,Uşak,Üslü ifadeler,,Tam sayıların çarpımını üslü yazamama,Öğrenci aynı sayının tekrarlı çarpımını üslü gösterime çeviremiyor; tabanı ve üssü belirleyemiyor.,,,Araştırmacı tarafından geliştirilen açık uçlu teşhis testi (madde güçlüğü ve ayırt ediciliği hesaplanmış); yanlış cevaplar yanılgı türlerine ayrılıp frekans ve örnek öğrenci cevabıyla raporlanmış (n=225),Üslü ifadelerin tekrarlı çarpım anlamının somut olarak kurulması; taban–üs–parantez ilişkisinin ve işaret kuralının kural ezberi yerine anlamla çalışılması,YOK,1,1,s. 42,"Tez her yanılgı için SORU BAZLI frekans veriyor, tek bir yaygınlık oranı vermiyor; K1 gereği gorulme_orani boş, K5 gereği guven=1. Yanılgı türleri tezin kendi numaralandırmasından (i, ii, iii...) alındı. Tablo başlığı 'Hata ve Yanılgı Türü' olduğu için K2 ayrımı kaynakta net değil; tezin 'işlem hatası' diye adlandırdığı 5 tür envantere ALINMADI.",M.8.1.2.1
558392,"Uçar, Esra",2019,Uşak Üniversitesi,YL,2018,8,225,Uşak,Üslü ifadeler,,Rasyonel sayıların çarpımını üslü yazamama,Öğrenci rasyonel bir sayının tekrarlı çarpımını üslü gösterime çeviremiyor.,,,Araştırmacı tarafından geliştirilen açık uçlu teşhis testi (madde güçlüğü ve ayırt ediciliği hesaplanmış); yanlış cevaplar yanılgı türlerine ayrılıp frekans ve örnek öğrenci cevabıyla raporlanmış (n=225),Üslü ifadelerin tekrarlı çarpım anlamının somut olarak kurulması; taban–üs–parantez ilişkisinin ve işaret kuralının kural ezberi yerine anlamla çalışılması,YOK,1,1,s. 42,"Tez her yanılgı için SORU BAZLI frekans veriyor, tek bir yaygınlık oranı vermiyor; K1 gereği gorulme_orani boş, K5 gereği guven=1. Yanılgı türleri tezin kendi numaralandırmasından (i, ii, iii...) alındı. Tablo başlığı 'Hata ve Yanılgı Türü' olduğu için K2 ayrımı kaynakta net değil; tezin 'işlem hatası' diye adlandırdığı 5 tür envantere ALINMADI.",M.8.1.2.1
558392,"Uçar, Esra",2019,Uşak Üniversitesi,YL,2018,8,225,Uşak,Üslü ifadeler,,Rasyonel sayının çift kuvvetinde parantezi atlama,Öğrenci rasyonel sayının çift kuvvetini yazarken parantez kullanmıyor; parantezin taban belirlediğini görmüyor.,,,Araştırmacı tarafından geliştirilen açık uçlu teşhis testi (madde güçlüğü ve ayırt ediciliği hesaplanmış); yanlış cevaplar yanılgı türlerine ayrılıp frekans ve örnek öğrenci cevabıyla raporlanmış (n=225),Üslü ifadelerin tekrarlı çarpım anlamının somut olarak kurulması; taban–üs–parantez ilişkisinin ve işaret kuralının kural ezberi yerine anlamla çalışılması,YOK,1,1,s. 43,"Tez her yanılgı için SORU BAZLI frekans veriyor, tek bir yaygınlık oranı vermiyor; K1 gereği gorulme_orani boş, K5 gereği guven=1. Yanılgı türleri tezin kendi numaralandırmasından (i, ii, iii...) alındı. Tablo başlığı 'Hata ve Yanılgı Türü' olduğu için K2 ayrımı kaynakta net değil; tezin 'işlem hatası' diye adlandırdığı 5 tür envantere ALINMADI.",M.8.1.2.1
558392,"Uçar, Esra",2019,Uşak Üniversitesi,YL,2018,8,225,Uşak,Üslü ifadeler,,Tam sayının kuvvetini üslü olarak yazamama,Öğrenci verilen tam sayıyı üslü biçimde ifade edemiyor; taban ve üs seçimini yanlış yapıyor.,,,Araştırmacı tarafından geliştirilen açık uçlu teşhis testi (madde güçlüğü ve ayırt ediciliği hesaplanmış); yanlış cevaplar yanılgı türlerine ayrılıp frekans ve örnek öğrenci cevabıyla raporlanmış (n=225),Üslü ifadelerin tekrarlı çarpım anlamının somut olarak kurulması; taban–üs–parantez ilişkisinin ve işaret kuralının kural ezberi yerine anlamla çalışılması,YOK,1,1,s. 45,"Tez her yanılgı için SORU BAZLI frekans veriyor, tek bir yaygınlık oranı vermiyor; K1 gereği gorulme_orani boş, K5 gereği guven=1. Yanılgı türleri tezin kendi numaralandırmasından (i, ii, iii...) alındı. Tablo başlığı 'Hata ve Yanılgı Türü' olduğu için K2 ayrımı kaynakta net değil; tezin 'işlem hatası' diye adlandırdığı 5 tür envantere ALINMADI.",M.8.1.2.1
558392,"Uçar, Esra",2019,Uşak Üniversitesi,YL,2018,8,225,Uşak,Üslü ifadeler,,Negatif tam sayının kuvvetinde işareti atlama,Öğrenci negatif tam sayıyı üslü yazarken eksi işaretini tabana dahil etmiyor ya da tamamen düşürüyor.,,,Araştırmacı tarafından geliştirilen açık uçlu teşhis testi (madde güçlüğü ve ayırt ediciliği hesaplanmış); yanlış cevaplar yanılgı türlerine ayrılıp frekans ve örnek öğrenci cevabıyla raporlanmış (n=225),Üslü ifadelerin tekrarlı çarpım anlamının somut olarak kurulması; taban–üs–parantez ilişkisinin ve işaret kuralının kural ezberi yerine anlamla çalışılması,YOK,1,1,s. 46,"Tez her yanılgı için SORU BAZLI frekans veriyor, tek bir yaygınlık oranı vermiyor; K1 gereği gorulme_orani boş, K5 gereği guven=1. Yanılgı türleri tezin kendi numaralandırmasından (i, ii, iii...) alındı. Tablo başlığı 'Hata ve Yanılgı Türü' olduğu için K2 ayrımı kaynakta net değil; tezin 'işlem hatası' diye adlandırdığı 5 tür envantere ALINMADI.",M.8.1.2.1
558392,"Uçar, Esra",2019,Uşak Üniversitesi,YL,2018,8,225,Uşak,Üslü ifadeler,,Rasyonel sayının kuvvetini üslü olarak yazamama,Öğrenci rasyonel sayıyı üslü biçimde ifade edemiyor; pay ve paydayı ayrı ayrı üslendiriyor.,,,Araştırmacı tarafından geliştirilen açık uçlu teşhis testi (madde güçlüğü ve ayırt ediciliği hesaplanmış); yanlış cevaplar yanılgı türlerine ayrılıp frekans ve örnek öğrenci cevabıyla raporlanmış (n=225),Üslü ifadelerin tekrarlı çarpım anlamının somut olarak kurulması; taban–üs–parantez ilişkisinin ve işaret kuralının kural ezberi yerine anlamla çalışılması,YOK,1,1,s. 46,"Tez her yanılgı için SORU BAZLI frekans veriyor, tek bir yaygınlık oranı vermiyor; K1 gereği gorulme_orani boş, K5 gereği guven=1. Yanılgı türleri tezin kendi numaralandırmasından (i, ii, iii...) alındı. Tablo başlığı 'Hata ve Yanılgı Türü' olduğu için K2 ayrımı kaynakta net değil; tezin 'işlem hatası' diye adlandırdığı 5 tür envantere ALINMADI.",M.8.1.2.1
558392,"Uçar, Esra",2019,Uşak Üniversitesi,YL,2018,8,225,Uşak,Üslü ifadeler,,Negatif rasyonel sayının kuvvetinde işareti atlama,Öğrenci negatif rasyonel sayıyı üslü yazarken işareti tabana dahil etmiyor.,,,Araştırmacı tarafından geliştirilen açık uçlu teşhis testi (madde güçlüğü ve ayırt ediciliği hesaplanmış); yanlış cevaplar yanılgı türlerine ayrılıp frekans ve örnek öğrenci cevabıyla raporlanmış (n=225),Üslü ifadelerin tekrarlı çarpım anlamının somut olarak kurulması; taban–üs–parantez ilişkisinin ve işaret kuralının kural ezberi yerine anlamla çalışılması,YOK,1,1,s. 47,"Tez her yanılgı için SORU BAZLI frekans veriyor, tek bir yaygınlık oranı vermiyor; K1 gereği gorulme_orani boş, K5 gereği guven=1. Yanılgı türleri tezin kendi numaralandırmasından (i, ii, iii...) alındı. Tablo başlığı 'Hata ve Yanılgı Türü' olduğu için K2 ayrımı kaynakta net değil; tezin 'işlem hatası' diye adlandırdığı 5 tür envantere ALINMADI.",M.8.1.2.1
558392,"Uçar, Esra",2019,Uşak Üniversitesi,YL,2018,8,225,Uşak,Üslü ifadeler,,Tam sayının kuvvetinin değerini hesaplayamama,Öğrenci tam sayıların tam sayı kuvvetlerinin değerini hesaplayamıyor; tabanı üsle çarpma gibi işlemler yapıyor.,,,Araştırmacı tarafından geliştirilen açık uçlu teşhis testi (madde güçlüğü ve ayırt ediciliği hesaplanmış); yanlış cevaplar yanılgı türlerine ayrılıp frekans ve örnek öğrenci cevabıyla raporlanmış (n=225),Üslü ifadelerin tekrarlı çarpım anlamının somut olarak kurulması; taban–üs–parantez ilişkisinin ve işaret kuralının kural ezberi yerine anlamla çalışılması,YOK,1,1,s. 49,"Tez her yanılgı için SORU BAZLI frekans veriyor, tek bir yaygınlık oranı vermiyor; K1 gereği gorulme_orani boş, K5 gereği guven=1. Yanılgı türleri tezin kendi numaralandırmasından (i, ii, iii...) alındı. Tablo başlığı 'Hata ve Yanılgı Türü' olduğu için K2 ayrımı kaynakta net değil; tezin 'işlem hatası' diye adlandırdığı 5 tür envantere ALINMADI.",M.8.1.2.1
558392,"Uçar, Esra",2019,Uşak Üniversitesi,YL,2018,8,225,Uşak,Üslü ifadeler,,Parantezli negatif sayının tek kuvvetini pozitif sanma,Öğrenci parantez içindeki negatif tam sayının tek kuvvetinin negatif kalması gerektiğini kavramıyor.,,,Araştırmacı tarafından geliştirilen açık uçlu teşhis testi (madde güçlüğü ve ayırt ediciliği hesaplanmış); yanlış cevaplar yanılgı türlerine ayrılıp frekans ve örnek öğrenci cevabıyla raporlanmış (n=225),Üslü ifadelerin tekrarlı çarpım anlamının somut olarak kurulması; taban–üs–parantez ilişkisinin ve işaret kuralının kural ezberi yerine anlamla çalışılması,YOK,1,1,s. 50,"Tez her yanılgı için SORU BAZLI frekans veriyor, tek bir yaygınlık oranı vermiyor; K1 gereği gorulme_orani boş, K5 gereği guven=1. Yanılgı türleri tezin kendi numaralandırmasından (i, ii, iii...) alındı. Tablo başlığı 'Hata ve Yanılgı Türü' olduğu için K2 ayrımı kaynakta net değil; tezin 'işlem hatası' diye adlandırdığı 5 tür envantere ALINMADI.",M.8.1.2.1
558392,"Uçar, Esra",2019,Uşak Üniversitesi,YL,2018,8,225,Uşak,Üslü ifadeler,,Parantezli negatif sayının çift kuvvetini negatif sanma,Öğrenci parantez içindeki negatif tam sayının çift kuvvetinin pozitif olduğunu kavramıyor.,,,Araştırmacı tarafından geliştirilen açık uçlu teşhis testi (madde güçlüğü ve ayırt ediciliği hesaplanmış); yanlış cevaplar yanılgı türlerine ayrılıp frekans ve örnek öğrenci cevabıyla raporlanmış (n=225),Üslü ifadelerin tekrarlı çarpım anlamının somut olarak kurulması; taban–üs–parantez ilişkisinin ve işaret kuralının kural ezberi yerine anlamla çalışılması,YOK,1,1,s. 51,"Tez her yanılgı için SORU BAZLI frekans veriyor, tek bir yaygınlık oranı vermiyor; K1 gereği gorulme_orani boş, K5 gereği guven=1. Yanılgı türleri tezin kendi numaralandırmasından (i, ii, iii...) alındı. Tablo başlığı 'Hata ve Yanılgı Türü' olduğu için K2 ayrımı kaynakta net değil; tezin 'işlem hatası' diye adlandırdığı 5 tür envantere ALINMADI.",M.8.1.2.1
558392,"Uçar, Esra",2019,Uşak Üniversitesi,YL,2018,8,225,Uşak,Üslü ifadeler,,Birin kuvvetlerini kavrayamama,Öğrenci 1'in her tam sayı kuvvetinin 1 olduğunu bilmiyor; üssü tabanla ilişkilendiriyor.,,,Araştırmacı tarafından geliştirilen açık uçlu teşhis testi (madde güçlüğü ve ayırt ediciliği hesaplanmış); yanlış cevaplar yanılgı türlerine ayrılıp frekans ve örnek öğrenci cevabıyla raporlanmış (n=225),Üslü ifadelerin tekrarlı çarpım anlamının somut olarak kurulması; taban–üs–parantez ilişkisinin ve işaret kuralının kural ezberi yerine anlamla çalışılması,YOK,1,1,s. 53,"Tez her yanılgı için SORU BAZLI frekans veriyor, tek bir yaygınlık oranı vermiyor; K1 gereği gorulme_orani boş, K5 gereği guven=1. Yanılgı türleri tezin kendi numaralandırmasından (i, ii, iii...) alındı. Tablo başlığı 'Hata ve Yanılgı Türü' olduğu için K2 ayrımı kaynakta net değil; tezin 'işlem hatası' diye adlandırdığı 5 tür envantere ALINMADI.",M.8.1.2.1
558392,"Uçar, Esra",2019,Uşak Üniversitesi,YL,2018,8,225,Uşak,Üslü ifadeler,,Parantezli eksi birin tek kuvvetini pozitif sanma,Öğrenci (−1)'in tek kuvvetlerinin negatif olduğunu kavramıyor.,,,Araştırmacı tarafından geliştirilen açık uçlu teşhis testi (madde güçlüğü ve ayırt ediciliği hesaplanmış); yanlış cevaplar yanılgı türlerine ayrılıp frekans ve örnek öğrenci cevabıyla raporlanmış (n=225),Üslü ifadelerin tekrarlı çarpım anlamının somut olarak kurulması; taban–üs–parantez ilişkisinin ve işaret kuralının kural ezberi yerine anlamla çalışılması,YOK,1,1,s. 54,"Tez her yanılgı için SORU BAZLI frekans veriyor, tek bir yaygınlık oranı vermiyor; K1 gereği gorulme_orani boş, K5 gereği guven=1. Yanılgı türleri tezin kendi numaralandırmasından (i, ii, iii...) alındı. Tablo başlığı 'Hata ve Yanılgı Türü' olduğu için K2 ayrımı kaynakta net değil; tezin 'işlem hatası' diye adlandırdığı 5 tür envantere ALINMADI.",M.8.1.2.1
558392,"Uçar, Esra",2019,Uşak Üniversitesi,YL,2018,8,225,Uşak,Üslü ifadeler,,Parantezli eksi birin çift kuvvetini negatif sanma,Öğrenci (−1)'in çift kuvvetlerinin pozitif olduğunu kavramıyor.,,,Araştırmacı tarafından geliştirilen açık uçlu teşhis testi (madde güçlüğü ve ayırt ediciliği hesaplanmış); yanlış cevaplar yanılgı türlerine ayrılıp frekans ve örnek öğrenci cevabıyla raporlanmış (n=225),Üslü ifadelerin tekrarlı çarpım anlamının somut olarak kurulması; taban–üs–parantez ilişkisinin ve işaret kuralının kural ezberi yerine anlamla çalışılması,YOK,1,1,s. 54,"Tez her yanılgı için SORU BAZLI frekans veriyor, tek bir yaygınlık oranı vermiyor; K1 gereği gorulme_orani boş, K5 gereği guven=1. Yanılgı türleri tezin kendi numaralandırmasından (i, ii, iii...) alındı. Tablo başlığı 'Hata ve Yanılgı Türü' olduğu için K2 ayrımı kaynakta net değil; tezin 'işlem hatası' diye adlandırdığı 5 tür envantere ALINMADI.",M.8.1.2.1
558392,"Uçar, Esra",2019,Uşak Üniversitesi,YL,2018,8,225,Uşak,Üslü ifadeler,,Tam sayının önündeki işareti ihmal etme,Öğrenci üslü ifadenin önündeki eksi işaretini işleme katmıyor; −a^n ile (−a)^n ayrımını yapmıyor.,,,Araştırmacı tarafından geliştirilen açık uçlu teşhis testi (madde güçlüğü ve ayırt ediciliği hesaplanmış); yanlış cevaplar yanılgı türlerine ayrılıp frekans ve örnek öğrenci cevabıyla raporlanmış (n=225),Üslü ifadelerin tekrarlı çarpım anlamının somut olarak kurulması; taban–üs–parantez ilişkisinin ve işaret kuralının kural ezberi yerine anlamla çalışılması,YOK,1,1,s. 55,"Tez her yanılgı için SORU BAZLI frekans veriyor, tek bir yaygınlık oranı vermiyor; K1 gereği gorulme_orani boş, K5 gereği guven=1. Yanılgı türleri tezin kendi numaralandırmasından (i, ii, iii...) alındı. Tablo başlığı 'Hata ve Yanılgı Türü' olduğu için K2 ayrımı kaynakta net değil; tezin 'işlem hatası' diye adlandırdığı 5 tür envantere ALINMADI.",M.8.1.2.1
558392,"Uçar, Esra",2019,Uşak Üniversitesi,YL,2018,8,225,Uşak,Üslü ifadeler,,Sıfırın kuvvetini kavrayamama,Öğrenci 0'ın tam sayı kuvvetlerinin değerini bulamıyor.,,,Araştırmacı tarafından geliştirilen açık uçlu teşhis testi (madde güçlüğü ve ayırt ediciliği hesaplanmış); yanlış cevaplar yanılgı türlerine ayrılıp frekans ve örnek öğrenci cevabıyla raporlanmış (n=225),Üslü ifadelerin tekrarlı çarpım anlamının somut olarak kurulması; taban–üs–parantez ilişkisinin ve işaret kuralının kural ezberi yerine anlamla çalışılması,YOK,1,1,s. 55,"Tez her yanılgı için SORU BAZLI frekans veriyor, tek bir yaygınlık oranı vermiyor; K1 gereği gorulme_orani boş, K5 gereği guven=1. Yanılgı türleri tezin kendi numaralandırmasından (i, ii, iii...) alındı. Tablo başlığı 'Hata ve Yanılgı Türü' olduğu için K2 ayrımı kaynakta net değil; tezin 'işlem hatası' diye adlandırdığı 5 tür envantere ALINMADI.",M.8.1.2.1
558392,"Uçar, Esra",2019,Uşak Üniversitesi,YL,2018,8,225,Uşak,Üslü ifadeler,,Sıfırıncı kuvveti kavrayamama,Öğrenci sıfırıncı kuvvetin 1 olduğunu bilmiyor; tabanı ya da sıfırı sonuç sanıyor.,,,Araştırmacı tarafından geliştirilen açık uçlu teşhis testi (madde güçlüğü ve ayırt ediciliği hesaplanmış); yanlış cevaplar yanılgı türlerine ayrılıp frekans ve örnek öğrenci cevabıyla raporlanmış (n=225),Üslü ifadelerin tekrarlı çarpım anlamının somut olarak kurulması; taban–üs–parantez ilişkisinin ve işaret kuralının kural ezberi yerine anlamla çalışılması,YOK,3,1,s. 55,"Tez her yanılgı için SORU BAZLI frekans veriyor, tek bir yaygınlık oranı vermiyor; K1 gereği gorulme_orani boş, K5 gereği guven=1. Yanılgı türleri tezin kendi numaralandırmasından (i, ii, iii...) alındı. Tablo başlığı 'Hata ve Yanılgı Türü' olduğu için K2 ayrımı kaynakta net değil; tezin 'işlem hatası' diye adlandırdığı 5 tür envantere ALINMADI.",M.8.1.2.2
558392,"Uçar, Esra",2019,Uşak Üniversitesi,YL,2018,8,225,Uşak,Üslü ifadeler,,Negatif üssü hesaplayamama,Öğrenci negatif üslü ifadenin değerini bulamıyor; negatif üssü sonucun işaretiyle karıştırıyor.,,,Araştırmacı tarafından geliştirilen açık uçlu teşhis testi (madde güçlüğü ve ayırt ediciliği hesaplanmış); yanlış cevaplar yanılgı türlerine ayrılıp frekans ve örnek öğrenci cevabıyla raporlanmış (n=225),Üslü ifadelerin tekrarlı çarpım anlamının somut olarak kurulması; taban–üs–parantez ilişkisinin ve işaret kuralının kural ezberi yerine anlamla çalışılması,YOK,3,1,s. 57,"Tez her yanılgı için SORU BAZLI frekans veriyor, tek bir yaygınlık oranı vermiyor; K1 gereği gorulme_orani boş, K5 gereği guven=1. Yanılgı türleri tezin kendi numaralandırmasından (i, ii, iii...) alındı. Tablo başlığı 'Hata ve Yanılgı Türü' olduğu için K2 ayrımı kaynakta net değil; tezin 'işlem hatası' diye adlandırdığı 5 tür envantere ALINMADI.",M.8.1.2.2
558392,"Uçar, Esra",2019,Uşak Üniversitesi,YL,2018,8,225,Uşak,Üslü ifadeler,,Tam sayının negatif kuvvetinin değerini hesaplayamama,Öğrenci tam sayının negatif tam sayı kuvvetini rasyonel değere çeviremiyor.,,,Araştırmacı tarafından geliştirilen açık uçlu teşhis testi (madde güçlüğü ve ayırt ediciliği hesaplanmış); yanlış cevaplar yanılgı türlerine ayrılıp frekans ve örnek öğrenci cevabıyla raporlanmış (n=225),Üslü ifadelerin tekrarlı çarpım anlamının somut olarak kurulması; taban–üs–parantez ilişkisinin ve işaret kuralının kural ezberi yerine anlamla çalışılması,YOK,3,1,s. 59,"Tez her yanılgı için SORU BAZLI frekans veriyor, tek bir yaygınlık oranı vermiyor; K1 gereği gorulme_orani boş, K5 gereği guven=1. Yanılgı türleri tezin kendi numaralandırmasından (i, ii, iii...) alındı. Tablo başlığı 'Hata ve Yanılgı Türü' olduğu için K2 ayrımı kaynakta net değil; tezin 'işlem hatası' diye adlandırdığı 5 tür envantere ALINMADI.",M.8.1.2.2
558392,"Uçar, Esra",2019,Uşak Üniversitesi,YL,2018,8,225,Uşak,Üslü ifadeler,,Parantezli negatif sayıda çift kuvveti pozitif görememe,Negatif üs söz konusuyken öğrenci parantez içindeki negatif sayının çift kuvvette pozitif olduğunu algılayamıyor.,,,Araştırmacı tarafından geliştirilen açık uçlu teşhis testi (madde güçlüğü ve ayırt ediciliği hesaplanmış); yanlış cevaplar yanılgı türlerine ayrılıp frekans ve örnek öğrenci cevabıyla raporlanmış (n=225),Üslü ifadelerin tekrarlı çarpım anlamının somut olarak kurulması; taban–üs–parantez ilişkisinin ve işaret kuralının kural ezberi yerine anlamla çalışılması,YOK,3,1,s. 59,"Tez her yanılgı için SORU BAZLI frekans veriyor, tek bir yaygınlık oranı vermiyor; K1 gereği gorulme_orani boş, K5 gereği guven=1. Yanılgı türleri tezin kendi numaralandırmasından (i, ii, iii...) alındı. Tablo başlığı 'Hata ve Yanılgı Türü' olduğu için K2 ayrımı kaynakta net değil; tezin 'işlem hatası' diye adlandırdığı 5 tür envantere ALINMADI.",M.8.1.2.2
558392,"Uçar, Esra",2019,Uşak Üniversitesi,YL,2018,8,225,Uşak,Üslü ifadeler,,Parantezli negatif sayıda tek kuvveti negatif görememe,Negatif üs söz konusuyken öğrenci parantez içindeki negatif sayının tek kuvvette negatif olduğunu algılayamıyor.,,,Araştırmacı tarafından geliştirilen açık uçlu teşhis testi (madde güçlüğü ve ayırt ediciliği hesaplanmış); yanlış cevaplar yanılgı türlerine ayrılıp frekans ve örnek öğrenci cevabıyla raporlanmış (n=225),Üslü ifadelerin tekrarlı çarpım anlamının somut olarak kurulması; taban–üs–parantez ilişkisinin ve işaret kuralının kural ezberi yerine anlamla çalışılması,YOK,3,1,s. 60,"Tez her yanılgı için SORU BAZLI frekans veriyor, tek bir yaygınlık oranı vermiyor; K1 gereği gorulme_orani boş, K5 gereği guven=1. Yanılgı türleri tezin kendi numaralandırmasından (i, ii, iii...) alındı. Tablo başlığı 'Hata ve Yanılgı Türü' olduğu için K2 ayrımı kaynakta net değil; tezin 'işlem hatası' diye adlandırdığı 5 tür envantere ALINMADI.",M.8.1.2.2
558392,"Uçar, Esra",2019,Uşak Üniversitesi,YL,2018,8,225,Uşak,Üslü ifadeler,,Rasyonel sayının kuvvetinin değerini hesaplayamama,Öğrenci rasyonel sayının tam sayı kuvvetinin değerini bulamıyor.,,,Araştırmacı tarafından geliştirilen açık uçlu teşhis testi (madde güçlüğü ve ayırt ediciliği hesaplanmış); yanlış cevaplar yanılgı türlerine ayrılıp frekans ve örnek öğrenci cevabıyla raporlanmış (n=225),Üslü ifadelerin tekrarlı çarpım anlamının somut olarak kurulması; taban–üs–parantez ilişkisinin ve işaret kuralının kural ezberi yerine anlamla çalışılması,YOK,1,1,s. 61,"Tez her yanılgı için SORU BAZLI frekans veriyor, tek bir yaygınlık oranı vermiyor; K1 gereği gorulme_orani boş, K5 gereği guven=1. Yanılgı türleri tezin kendi numaralandırmasından (i, ii, iii...) alındı. Tablo başlığı 'Hata ve Yanılgı Türü' olduğu için K2 ayrımı kaynakta net değil; tezin 'işlem hatası' diye adlandırdığı 5 tür envantere ALINMADI.",M.8.1.2.1
558392,"Uçar, Esra",2019,Uşak Üniversitesi,YL,2018,8,225,Uşak,Üslü ifadeler,,Rasyonel sayının negatif kuvvetinin değerini hesaplayamama,Öğrenci rasyonel sayının negatif kuvvetinde ters çevirme kuralını uygulayamıyor.,,,Araştırmacı tarafından geliştirilen açık uçlu teşhis testi (madde güçlüğü ve ayırt ediciliği hesaplanmış); yanlış cevaplar yanılgı türlerine ayrılıp frekans ve örnek öğrenci cevabıyla raporlanmış (n=225),Üslü ifadelerin tekrarlı çarpım anlamının somut olarak kurulması; taban–üs–parantez ilişkisinin ve işaret kuralının kural ezberi yerine anlamla çalışılması,YOK,3,1,s. 63,"Tez her yanılgı için SORU BAZLI frekans veriyor, tek bir yaygınlık oranı vermiyor; K1 gereği gorulme_orani boş, K5 gereği guven=1. Yanılgı türleri tezin kendi numaralandırmasından (i, ii, iii...) alındı. Tablo başlığı 'Hata ve Yanılgı Türü' olduğu için K2 ayrımı kaynakta net değil; tezin 'işlem hatası' diye adlandırdığı 5 tür envantere ALINMADI.",M.8.1.2.2
558392,"Uçar, Esra",2019,Uşak Üniversitesi,YL,2018,8,225,Uşak,Üslü ifadeler,,Tekrarlı çarpımı üslü olarak yazamama,Öğrenci aynı tam sayıların çarpımı biçimindeki ifadeyi üslü gösterime çeviremiyor.,,,Araştırmacı tarafından geliştirilen açık uçlu teşhis testi (madde güçlüğü ve ayırt ediciliği hesaplanmış); yanlış cevaplar yanılgı türlerine ayrılıp frekans ve örnek öğrenci cevabıyla raporlanmış (n=225),Üslü ifadelerin tekrarlı çarpım anlamının somut olarak kurulması; taban–üs–parantez ilişkisinin ve işaret kuralının kural ezberi yerine anlamla çalışılması,YOK,1,1,s. 65,"Tez her yanılgı için SORU BAZLI frekans veriyor, tek bir yaygınlık oranı vermiyor; K1 gereği gorulme_orani boş, K5 gereği guven=1. Yanılgı türleri tezin kendi numaralandırmasından (i, ii, iii...) alındı. Tablo başlığı 'Hata ve Yanılgı Türü' olduğu için K2 ayrımı kaynakta net değil; tezin 'işlem hatası' diye adlandırdığı 5 tür envantere ALINMADI.",M.8.1.2.1
558392,"Uçar, Esra",2019,Uşak Üniversitesi,YL,2018,8,225,Uşak,Üslü ifadeler,,Tekrarlı toplamı üslü olarak yazma,Öğrenci aynı sayıların toplamını üslü gösterimle ifade etmeye çalışıyor; çarpma ile toplamayı ayırmıyor.,,,Araştırmacı tarafından geliştirilen açık uçlu teşhis testi (madde güçlüğü ve ayırt ediciliği hesaplanmış); yanlış cevaplar yanılgı türlerine ayrılıp frekans ve örnek öğrenci cevabıyla raporlanmış (n=225),Üslü ifadelerin tekrarlı çarpım anlamının somut olarak kurulması; taban–üs–parantez ilişkisinin ve işaret kuralının kural ezberi yerine anlamla çalışılması,YOK,1,1,s. 66,"Tez her yanılgı için SORU BAZLI frekans veriyor, tek bir yaygınlık oranı vermiyor; K1 gereği gorulme_orani boş, K5 gereği guven=1. Yanılgı türleri tezin kendi numaralandırmasından (i, ii, iii...) alındı. Tablo başlığı 'Hata ve Yanılgı Türü' olduğu için K2 ayrımı kaynakta net değil; tezin 'işlem hatası' diye adlandırdığı 5 tür envantere ALINMADI.",M.8.1.2.1
558392,"Uçar, Esra",2019,Uşak Üniversitesi,YL,2018,8,225,Uşak,Üslü ifadeler,,Onun kuvvetleriyle çözümleyememe,Öğrenci ondalık olarak verilen sayıyı 10'un tam sayı kuvvetlerini kullanarak çözümleyemiyor.,,,Araştırmacı tarafından geliştirilen açık uçlu teşhis testi (madde güçlüğü ve ayırt ediciliği hesaplanmış); yanlış cevaplar yanılgı türlerine ayrılıp frekans ve örnek öğrenci cevabıyla raporlanmış (n=225),Üslü ifadelerin tekrarlı çarpım anlamının somut olarak kurulması; taban–üs–parantez ilişkisinin ve işaret kuralının kural ezberi yerine anlamla çalışılması,YOK,1,1,s. 68,"Tez her yanılgı için SORU BAZLI frekans veriyor, tek bir yaygınlık oranı vermiyor; K1 gereği gorulme_orani boş, K5 gereği guven=1. Yanılgı türleri tezin kendi numaralandırmasından (i, ii, iii...) alındı. Tablo başlığı 'Hata ve Yanılgı Türü' olduğu için K2 ayrımı kaynakta net değil; tezin 'işlem hatası' diye adlandırdığı 5 tür envantere ALINMADI.",M.8.1.2.3
558392,"Uçar, Esra",2019,Uşak Üniversitesi,YL,2018,8,225,Uşak,Üslü ifadeler,,Basamaklandırma hatası,Öğrenci ondalık olarak verilen sayının 10'un tam sayı kuvvetleriyle çözümlenmesinde basamaklandırma hatası yapıyor.,,,Araştırmacı tarafından geliştirilen açık uçlu teşhis testi (madde güçlüğü ve ayırt ediciliği hesaplanmış); yanlış cevaplar yanılgı türlerine ayrılıp frekans ve örnek öğrenci cevabıyla raporlanmış (n=225),Üslü ifadelerin tekrarlı çarpım anlamının somut olarak kurulması; taban–üs–parantez ilişkisinin ve işaret kuralının kural ezberi yerine anlamla çalışılması,YOK,1,1,s. 69,"Tez her yanılgı için SORU BAZLI frekans veriyor, tek bir yaygınlık oranı vermiyor; K1 gereği gorulme_orani boş, K5 gereği guven=1. Yanılgı türleri tezin kendi numaralandırmasından (i, ii, iii...) alındı. Tablo başlığı 'Hata ve Yanılgı Türü' olduğu için K2 ayrımı kaynakta net değil; tezin 'işlem hatası' diye adlandırdığı 5 tür envantere ALINMADI.",M.8.1.2.3
558392,"Uçar, Esra",2019,Uşak Üniversitesi,YL,2018,8,225,Uşak,Üslü ifadeler,,Yer tutucuyu dikkate almama,Öğrenci çözümlemede sıfır basamaklarını (yer tutucuları) atlıyor.,,,Araştırmacı tarafından geliştirilen açık uçlu teşhis testi (madde güçlüğü ve ayırt ediciliği hesaplanmış); yanlış cevaplar yanılgı türlerine ayrılıp frekans ve örnek öğrenci cevabıyla raporlanmış (n=225),Üslü ifadelerin tekrarlı çarpım anlamının somut olarak kurulması; taban–üs–parantez ilişkisinin ve işaret kuralının kural ezberi yerine anlamla çalışılması,YOK,1,1,s. 69,"Tez her yanılgı için SORU BAZLI frekans veriyor, tek bir yaygınlık oranı vermiyor; K1 gereği gorulme_orani boş, K5 gereği guven=1. Yanılgı türleri tezin kendi numaralandırmasından (i, ii, iii...) alındı. Tablo başlığı 'Hata ve Yanılgı Türü' olduğu için K2 ayrımı kaynakta net değil; tezin 'işlem hatası' diye adlandırdığı 5 tür envantere ALINMADI.",M.8.1.2.3
558392,"Uçar, Esra",2019,Uşak Üniversitesi,YL,2018,8,225,Uşak,Üslü ifadeler,,Çözümlenmiş ondalık sayıyı geri oluşturamama,10'un kuvvetleriyle çözümlenmiş bir ifade verildiğinde öğrenci sayının kendisini yazamıyor.,,,Araştırmacı tarafından geliştirilen açık uçlu teşhis testi (madde güçlüğü ve ayırt ediciliği hesaplanmış); yanlış cevaplar yanılgı türlerine ayrılıp frekans ve örnek öğrenci cevabıyla raporlanmış (n=225),Üslü ifadelerin tekrarlı çarpım anlamının somut olarak kurulması; taban–üs–parantez ilişkisinin ve işaret kuralının kural ezberi yerine anlamla çalışılması,YOK,1,1,s. 71,"Tez her yanılgı için SORU BAZLI frekans veriyor, tek bir yaygınlık oranı vermiyor; K1 gereği gorulme_orani boş, K5 gereği guven=1. Yanılgı türleri tezin kendi numaralandırmasından (i, ii, iii...) alındı. Tablo başlığı 'Hata ve Yanılgı Türü' olduğu için K2 ayrımı kaynakta net değil; tezin 'işlem hatası' diye adlandırdığı 5 tür envantere ALINMADI.",M.8.1.2.3
558392,"Uçar, Esra",2019,Uşak Üniversitesi,YL,2018,8,225,Uşak,Üslü ifadeler,,Üssün üssünde üsleri toplama,Öğrenci (a^m)^n işleminde üsleri çarpmak yerine topluyor.,,,Araştırmacı tarafından geliştirilen açık uçlu teşhis testi (madde güçlüğü ve ayırt ediciliği hesaplanmış); yanlış cevaplar yanılgı türlerine ayrılıp frekans ve örnek öğrenci cevabıyla raporlanmış (n=225),Üslü ifadelerin tekrarlı çarpım anlamının somut olarak kurulması; taban–üs–parantez ilişkisinin ve işaret kuralının kural ezberi yerine anlamla çalışılması,YOK,3,1,s. 76,"Tez her yanılgı için SORU BAZLI frekans veriyor, tek bir yaygınlık oranı vermiyor; K1 gereği gorulme_orani boş, K5 gereği guven=1. Yanılgı türleri tezin kendi numaralandırmasından (i, ii, iii...) alındı. Tablo başlığı 'Hata ve Yanılgı Türü' olduğu için K2 ayrımı kaynakta net değil; tezin 'işlem hatası' diye adlandırdığı 5 tür envantere ALINMADI.",M.8.1.2.2
558392,"Uçar, Esra",2019,Uşak Üniversitesi,YL,2018,8,225,Uşak,Üslü ifadeler,,Üssün üssünü üslü olarak yazamama,Öğrenci üssün üssü biçimindeki ifadeyi tek bir üslü ifadeye çeviremiyor.,,,Araştırmacı tarafından geliştirilen açık uçlu teşhis testi (madde güçlüğü ve ayırt ediciliği hesaplanmış); yanlış cevaplar yanılgı türlerine ayrılıp frekans ve örnek öğrenci cevabıyla raporlanmış (n=225),Üslü ifadelerin tekrarlı çarpım anlamının somut olarak kurulması; taban–üs–parantez ilişkisinin ve işaret kuralının kural ezberi yerine anlamla çalışılması,YOK,3,1,s. 77,"Tez her yanılgı için SORU BAZLI frekans veriyor, tek bir yaygınlık oranı vermiyor; K1 gereği gorulme_orani boş, K5 gereği guven=1. Yanılgı türleri tezin kendi numaralandırmasından (i, ii, iii...) alındı. Tablo başlığı 'Hata ve Yanılgı Türü' olduğu için K2 ayrımı kaynakta net değil; tezin 'işlem hatası' diye adlandırdığı 5 tür envantere ALINMADI.",M.8.1.2.2
558392,"Uçar, Esra",2019,Uşak Üniversitesi,YL,2018,8,225,Uşak,Üslü ifadeler,,Parantezi dikkate almama,Öğrenci tam sayının üssün üssünü alırken parantezi dikkate almıyor.,,,Araştırmacı tarafından geliştirilen açık uçlu teşhis testi (madde güçlüğü ve ayırt ediciliği hesaplanmış); yanlış cevaplar yanılgı türlerine ayrılıp frekans ve örnek öğrenci cevabıyla raporlanmış (n=225),Üslü ifadelerin tekrarlı çarpım anlamının somut olarak kurulması; taban–üs–parantez ilişkisinin ve işaret kuralının kural ezberi yerine anlamla çalışılması,YOK,1,1,s. 77,"Tez her yanılgı için SORU BAZLI frekans veriyor, tek bir yaygınlık oranı vermiyor; K1 gereği gorulme_orani boş, K5 gereği guven=1. Yanılgı türleri tezin kendi numaralandırmasından (i, ii, iii...) alındı. Tablo başlığı 'Hata ve Yanılgı Türü' olduğu için K2 ayrımı kaynakta net değil; tezin 'işlem hatası' diye adlandırdığı 5 tür envantere ALINMADI.",M.8.1.2.2
558392,"Uçar, Esra",2019,Uşak Üniversitesi,YL,2018,8,225,Uşak,Üslü ifadeler,,Sıfırıncı kuvvet hatası,Öğrenci üssün üssü işlemlerinde sıfırıncı kuvvet hatası yapıyor; sıfırıncı kuvveti 1 olarak değerlendiremiyor.,,,Araştırmacı tarafından geliştirilen açık uçlu teşhis testi (madde güçlüğü ve ayırt ediciliği hesaplanmış); yanlış cevaplar yanılgı türlerine ayrılıp frekans ve örnek öğrenci cevabıyla raporlanmış (n=225),Üslü ifadelerin tekrarlı çarpım anlamının somut olarak kurulması; taban–üs–parantez ilişkisinin ve işaret kuralının kural ezberi yerine anlamla çalışılması,YOK,3,1,s. 77,"Tez her yanılgı için SORU BAZLI frekans veriyor, tek bir yaygınlık oranı vermiyor; K1 gereği gorulme_orani boş, K5 gereği guven=1. Yanılgı türleri tezin kendi numaralandırmasından (i, ii, iii...) alındı. Tablo başlığı 'Hata ve Yanılgı Türü' olduğu için K2 ayrımı kaynakta net değil; tezin 'işlem hatası' diye adlandırdığı 5 tür envantere ALINMADI.",M.8.1.2.2
558392,"Uçar, Esra",2019,Uşak Üniversitesi,YL,2018,8,225,Uşak,Üslü ifadeler,,Parantezli negatif ifadenin tek kuvvetinde işareti atlama,Üs kuralları uygulanırken öğrenci parantez içindeki negatif ifadenin tek kuvvetinde işareti düşürüyor.,,,Araştırmacı tarafından geliştirilen açık uçlu teşhis testi (madde güçlüğü ve ayırt ediciliği hesaplanmış); yanlış cevaplar yanılgı türlerine ayrılıp frekans ve örnek öğrenci cevabıyla raporlanmış (n=225),Üslü ifadelerin tekrarlı çarpım anlamının somut olarak kurulması; taban–üs–parantez ilişkisinin ve işaret kuralının kural ezberi yerine anlamla çalışılması,YOK,3,1,s. 78,"Tez her yanılgı için SORU BAZLI frekans veriyor, tek bir yaygınlık oranı vermiyor; K1 gereği gorulme_orani boş, K5 gereği guven=1. Yanılgı türleri tezin kendi numaralandırmasından (i, ii, iii...) alındı. Tablo başlığı 'Hata ve Yanılgı Türü' olduğu için K2 ayrımı kaynakta net değil; tezin 'işlem hatası' diye adlandırdığı 5 tür envantere ALINMADI.",M.8.1.2.2
558392,"Uçar, Esra",2019,Uşak Üniversitesi,YL,2018,8,225,Uşak,Üslü ifadeler,,Aynı tabanlı çarpımda tabanları çarpma,Öğrenci a^m · a^n işleminde üsleri toplamak yerine tabanları çarpıyor.,,,Araştırmacı tarafından geliştirilen açık uçlu teşhis testi (madde güçlüğü ve ayırt ediciliği hesaplanmış); yanlış cevaplar yanılgı türlerine ayrılıp frekans ve örnek öğrenci cevabıyla raporlanmış (n=225),Üslü ifadelerin tekrarlı çarpım anlamının somut olarak kurulması; taban–üs–parantez ilişkisinin ve işaret kuralının kural ezberi yerine anlamla çalışılması,YOK,3,1,s. 81,"Tez her yanılgı için SORU BAZLI frekans veriyor, tek bir yaygınlık oranı vermiyor; K1 gereği gorulme_orani boş, K5 gereği guven=1. Yanılgı türleri tezin kendi numaralandırmasından (i, ii, iii...) alındı. Tablo başlığı 'Hata ve Yanılgı Türü' olduğu için K2 ayrımı kaynakta net değil; tezin 'işlem hatası' diye adlandırdığı 5 tür envantere ALINMADI.",M.8.1.2.2
558392,"Uçar, Esra",2019,Uşak Üniversitesi,YL,2018,8,225,Uşak,Üslü ifadeler,,Aynı üslü çarpımı üslü olarak yazamama,Öğrenci a^n · b^n işlemini (a·b)^n biçiminde tek üslü ifadeye çeviremiyor.,,,Araştırmacı tarafından geliştirilen açık uçlu teşhis testi (madde güçlüğü ve ayırt ediciliği hesaplanmış); yanlış cevaplar yanılgı türlerine ayrılıp frekans ve örnek öğrenci cevabıyla raporlanmış (n=225),Üslü ifadelerin tekrarlı çarpım anlamının somut olarak kurulması; taban–üs–parantez ilişkisinin ve işaret kuralının kural ezberi yerine anlamla çalışılması,YOK,3,1,s. 84,"Tez her yanılgı için SORU BAZLI frekans veriyor, tek bir yaygınlık oranı vermiyor; K1 gereği gorulme_orani boş, K5 gereği guven=1. Yanılgı türleri tezin kendi numaralandırmasından (i, ii, iii...) alındı. Tablo başlığı 'Hata ve Yanılgı Türü' olduğu için K2 ayrımı kaynakta net değil; tezin 'işlem hatası' diye adlandırdığı 5 tür envantere ALINMADI.",M.8.1.2.2
558392,"Uçar, Esra",2019,Uşak Üniversitesi,YL,2018,8,225,Uşak,Üslü ifadeler,,Aynı üslü çarpımda üsleri çarpma,Öğrenci üsleri aynı olan sayıların çarpımında üslerin çarpımı hatası yapıyor.,,,Araştırmacı tarafından geliştirilen açık uçlu teşhis testi (madde güçlüğü ve ayırt ediciliği hesaplanmış); yanlış cevaplar yanılgı türlerine ayrılıp frekans ve örnek öğrenci cevabıyla raporlanmış (n=225),Üslü ifadelerin tekrarlı çarpım anlamının somut olarak kurulması; taban–üs–parantez ilişkisinin ve işaret kuralının kural ezberi yerine anlamla çalışılması,YOK,3,1,s. 85,"Tez her yanılgı için SORU BAZLI frekans veriyor, tek bir yaygınlık oranı vermiyor; K1 gereği gorulme_orani boş, K5 gereği guven=1. Yanılgı türleri tezin kendi numaralandırmasından (i, ii, iii...) alındı. Tablo başlığı 'Hata ve Yanılgı Türü' olduğu için K2 ayrımı kaynakta net değil; tezin 'işlem hatası' diye adlandırdığı 5 tür envantere ALINMADI.",M.8.1.2.2
558392,"Uçar, Esra",2019,Uşak Üniversitesi,YL,2018,8,225,Uşak,Üslü ifadeler,,Aynı üslü çarpımda tabanları toplama,Öğrenci a^n · b^n işleminde tabanları çarpacağına topluyor.,,,Araştırmacı tarafından geliştirilen açık uçlu teşhis testi (madde güçlüğü ve ayırt ediciliği hesaplanmış); yanlış cevaplar yanılgı türlerine ayrılıp frekans ve örnek öğrenci cevabıyla raporlanmış (n=225),Üslü ifadelerin tekrarlı çarpım anlamının somut olarak kurulması; taban–üs–parantez ilişkisinin ve işaret kuralının kural ezberi yerine anlamla çalışılması,YOK,3,1,s. 85,"Tez her yanılgı için SORU BAZLI frekans veriyor, tek bir yaygınlık oranı vermiyor; K1 gereği gorulme_orani boş, K5 gereği guven=1. Yanılgı türleri tezin kendi numaralandırmasından (i, ii, iii...) alındı. Tablo başlığı 'Hata ve Yanılgı Türü' olduğu için K2 ayrımı kaynakta net değil; tezin 'işlem hatası' diye adlandırdığı 5 tür envantere ALINMADI.",M.8.1.2.2
558392,"Uçar, Esra",2019,Uşak Üniversitesi,YL,2018,8,225,Uşak,Üslü ifadeler,,Aynı tabanlı bölmede üsleri toplama,Öğrenci a^m / a^n işleminde üsleri çıkarmak yerine topluyor.,,,Araştırmacı tarafından geliştirilen açık uçlu teşhis testi (madde güçlüğü ve ayırt ediciliği hesaplanmış); yanlış cevaplar yanılgı türlerine ayrılıp frekans ve örnek öğrenci cevabıyla raporlanmış (n=225),Üslü ifadelerin tekrarlı çarpım anlamının somut olarak kurulması; taban–üs–parantez ilişkisinin ve işaret kuralının kural ezberi yerine anlamla çalışılması,YOK,3,1,s. 88,"Tez her yanılgı için SORU BAZLI frekans veriyor, tek bir yaygınlık oranı vermiyor; K1 gereği gorulme_orani boş, K5 gereği guven=1. Yanılgı türleri tezin kendi numaralandırmasından (i, ii, iii...) alındı. Tablo başlığı 'Hata ve Yanılgı Türü' olduğu için K2 ayrımı kaynakta net değil; tezin 'işlem hatası' diye adlandırdığı 5 tür envantere ALINMADI.",M.8.1.2.2
558392,"Uçar, Esra",2019,Uşak Üniversitesi,YL,2018,8,225,Uşak,Üslü ifadeler,,Aynı üslü bölümü üslü olarak yazamama,Öğrenci a^n / b^n işlemini (a/b)^n biçiminde tek üslü ifadeye çeviremiyor.,,,Araştırmacı tarafından geliştirilen açık uçlu teşhis testi (madde güçlüğü ve ayırt ediciliği hesaplanmış); yanlış cevaplar yanılgı türlerine ayrılıp frekans ve örnek öğrenci cevabıyla raporlanmış (n=225),Üslü ifadelerin tekrarlı çarpım anlamının somut olarak kurulması; taban–üs–parantez ilişkisinin ve işaret kuralının kural ezberi yerine anlamla çalışılması,YOK,3,1,s. 91,"Tez her yanılgı için SORU BAZLI frekans veriyor, tek bir yaygınlık oranı vermiyor; K1 gereği gorulme_orani boş, K5 gereği guven=1. Yanılgı türleri tezin kendi numaralandırmasından (i, ii, iii...) alındı. Tablo başlığı 'Hata ve Yanılgı Türü' olduğu için K2 ayrımı kaynakta net değil; tezin 'işlem hatası' diye adlandırdığı 5 tür envantere ALINMADI.",M.8.1.2.2
558392,"Uçar, Esra",2019,Uşak Üniversitesi,YL,2018,8,225,Uşak,Üslü ifadeler,,Sayıyı bilimsel gösterimle yazamama,Öğrenci verilen sayıyı bilimsel gösterime çeviremiyor.,,,Araştırmacı tarafından geliştirilen açık uçlu teşhis testi (madde güçlüğü ve ayırt ediciliği hesaplanmış); yanlış cevaplar yanılgı türlerine ayrılıp frekans ve örnek öğrenci cevabıyla raporlanmış (n=225),Üslü ifadelerin tekrarlı çarpım anlamının somut olarak kurulması; taban–üs–parantez ilişkisinin ve işaret kuralının kural ezberi yerine anlamla çalışılması,YOK,1,1,s. 94,"Tez her yanılgı için SORU BAZLI frekans veriyor, tek bir yaygınlık oranı vermiyor; K1 gereği gorulme_orani boş, K5 gereği guven=1. Yanılgı türleri tezin kendi numaralandırmasından (i, ii, iii...) alındı. Tablo başlığı 'Hata ve Yanılgı Türü' olduğu için K2 ayrımı kaynakta net değil; tezin 'işlem hatası' diye adlandırdığı 5 tür envantere ALINMADI.",M.8.1.2.5
558392,"Uçar, Esra",2019,Uşak Üniversitesi,YL,2018,8,225,Uşak,Üslü ifadeler,,Bilimsel gösterim biçimine uymama,Öğrencinin yazdığı ifade bilimsel gösterim şekline uygun olmuyor; katsayıyı 1 ile 10 arasında tutmuyor.,,,Araştırmacı tarafından geliştirilen açık uçlu teşhis testi (madde güçlüğü ve ayırt ediciliği hesaplanmış); yanlış cevaplar yanılgı türlerine ayrılıp frekans ve örnek öğrenci cevabıyla raporlanmış (n=225),Üslü ifadelerin tekrarlı çarpım anlamının somut olarak kurulması; taban–üs–parantez ilişkisinin ve işaret kuralının kural ezberi yerine anlamla çalışılması,YOK,3,1,s. 95,"Tez her yanılgı için SORU BAZLI frekans veriyor, tek bir yaygınlık oranı vermiyor; K1 gereği gorulme_orani boş, K5 gereği guven=1. Yanılgı türleri tezin kendi numaralandırmasından (i, ii, iii...) alındı. Tablo başlığı 'Hata ve Yanılgı Türü' olduğu için K2 ayrımı kaynakta net değil; tezin 'işlem hatası' diye adlandırdığı 5 tür envantere ALINMADI.",M.8.1.2.5
558392,"Uçar, Esra",2019,Uşak Üniversitesi,YL,2018,8,225,Uşak,Üslü ifadeler,,Küçük sayı olduğunu fark edememe,Öğrenci sayının 1'den küçük olduğunu görmüyor; 10'un kuvvetini negatif almıyor.,,,Araştırmacı tarafından geliştirilen açık uçlu teşhis testi (madde güçlüğü ve ayırt ediciliği hesaplanmış); yanlış cevaplar yanılgı türlerine ayrılıp frekans ve örnek öğrenci cevabıyla raporlanmış (n=225),Üslü ifadelerin tekrarlı çarpım anlamının somut olarak kurulması; taban–üs–parantez ilişkisinin ve işaret kuralının kural ezberi yerine anlamla çalışılması,YOK,1,1,s. 95,"Tez her yanılgı için SORU BAZLI frekans veriyor, tek bir yaygınlık oranı vermiyor; K1 gereği gorulme_orani boş, K5 gereği guven=1. Yanılgı türleri tezin kendi numaralandırmasından (i, ii, iii...) alındı. Tablo başlığı 'Hata ve Yanılgı Türü' olduğu için K2 ayrımı kaynakta net değil; tezin 'işlem hatası' diye adlandırdığı 5 tür envantere ALINMADI.",M.8.1.2.5
558392,"Uçar, Esra",2019,Uşak Üniversitesi,YL,2018,8,225,Uşak,Üslü ifadeler,,Büyük sayı olduğunu fark edememe,Öğrenci sayının büyüklüğünü görmüyor; 10'un kuvvetini pozitif almıyor.,,,Araştırmacı tarafından geliştirilen açık uçlu teşhis testi (madde güçlüğü ve ayırt ediciliği hesaplanmış); yanlış cevaplar yanılgı türlerine ayrılıp frekans ve örnek öğrenci cevabıyla raporlanmış (n=225),Üslü ifadelerin tekrarlı çarpım anlamının somut olarak kurulması; taban–üs–parantez ilişkisinin ve işaret kuralının kural ezberi yerine anlamla çalışılması,YOK,1,1,s. 96,"Tez her yanılgı için SORU BAZLI frekans veriyor, tek bir yaygınlık oranı vermiyor; K1 gereği gorulme_orani boş, K5 gereği guven=1. Yanılgı türleri tezin kendi numaralandırmasından (i, ii, iii...) alındı. Tablo başlığı 'Hata ve Yanılgı Türü' olduğu için K2 ayrımı kaynakta net değil; tezin 'işlem hatası' diye adlandırdığı 5 tür envantere ALINMADI.",M.8.1.2.5
558392,"Uçar, Esra",2019,Uşak Üniversitesi,YL,2018,8,225,Uşak,Üslü ifadeler,,Virgülü kaydırırken kuvveti yanlış değiştirme,Öğrenci virgülü sola kaydırırken 10'un kuvvetini artıracağına azaltıyor.,,,Araştırmacı tarafından geliştirilen açık uçlu teşhis testi (madde güçlüğü ve ayırt ediciliği hesaplanmış); yanlış cevaplar yanılgı türlerine ayrılıp frekans ve örnek öğrenci cevabıyla raporlanmış (n=225),Üslü ifadelerin tekrarlı çarpım anlamının somut olarak kurulması; taban–üs–parantez ilişkisinin ve işaret kuralının kural ezberi yerine anlamla çalışılması,YOK,1,1,s. 98,"Tez her yanılgı için SORU BAZLI frekans veriyor, tek bir yaygınlık oranı vermiyor; K1 gereği gorulme_orani boş, K5 gereği guven=1. Yanılgı türleri tezin kendi numaralandırmasından (i, ii, iii...) alındı. Tablo başlığı 'Hata ve Yanılgı Türü' olduğu için K2 ayrımı kaynakta net değil; tezin 'işlem hatası' diye adlandırdığı 5 tür envantere ALINMADI.",M.8.1.2.5
558392,"Uçar, Esra",2019,Uşak Üniversitesi,YL,2018,8,225,Uşak,Üslü ifadeler,,Onun kuvvetini dikkate almama,Öğrenci bilimsel gösterimdeki 10'un kuvvetini işleme katmıyor.,,,Araştırmacı tarafından geliştirilen açık uçlu teşhis testi (madde güçlüğü ve ayırt ediciliği hesaplanmış); yanlış cevaplar yanılgı türlerine ayrılıp frekans ve örnek öğrenci cevabıyla raporlanmış (n=225),Üslü ifadelerin tekrarlı çarpım anlamının somut olarak kurulması; taban–üs–parantez ilişkisinin ve işaret kuralının kural ezberi yerine anlamla çalışılması,YOK,1,1,s. 100,"Tez her yanılgı için SORU BAZLI frekans veriyor, tek bir yaygınlık oranı vermiyor; K1 gereği gorulme_orani boş, K5 gereği guven=1. Yanılgı türleri tezin kendi numaralandırmasından (i, ii, iii...) alındı. Tablo başlığı 'Hata ve Yanılgı Türü' olduğu için K2 ayrımı kaynakta net değil; tezin 'işlem hatası' diye adlandırdığı 5 tür envantere ALINMADI.",M.8.1.2.5
558392,"Uçar, Esra",2019,Uşak Üniversitesi,YL,2018,8,225,Uşak,Üslü ifadeler,,Katsayıyı dikkate almama,Öğrenci bilimsel gösterimdeki katsayıyı işleme katmıyor.,,,Araştırmacı tarafından geliştirilen açık uçlu teşhis testi (madde güçlüğü ve ayırt ediciliği hesaplanmış); yanlış cevaplar yanılgı türlerine ayrılıp frekans ve örnek öğrenci cevabıyla raporlanmış (n=225),Üslü ifadelerin tekrarlı çarpım anlamının somut olarak kurulması; taban–üs–parantez ilişkisinin ve işaret kuralının kural ezberi yerine anlamla çalışılması,YOK,1,1,s. 100,"Tez her yanılgı için SORU BAZLI frekans veriyor, tek bir yaygınlık oranı vermiyor; K1 gereği gorulme_orani boş, K5 gereği guven=1. Yanılgı türleri tezin kendi numaralandırmasından (i, ii, iii...) alındı. Tablo başlığı 'Hata ve Yanılgı Türü' olduğu için K2 ayrımı kaynakta net değil; tezin 'işlem hatası' diye adlandırdığı 5 tür envantere ALINMADI.",M.8.1.2.5
894907,"Yıldız, Meryem",2024,Recep Tayyip Erdoğan Üniversitesi,YL,2018,8,13,Rize (Fındıklı),Üslü ifadeler,,Üslü ifadenin değerini belirleyememe,"Öğrenci üslü ifadenin değerini hesaplarken tabanla kuvveti çarpıyor; çarpma işleminde tabanları kendi arasında, üsleri kendi arasında çarpıp sonucun tabanına ve üssüne yazıyor.","12. soruda 3⁻² × 5³ işlemi için Ö1 ve Ö3 tabanları çarpıp tabana, üsleri çarpıp sonucun üssüne yazarak 15⁻⁶ cevabına ulaşmış; üçüncü aşamada emin olduklarını belirtmişlerdir.",,"Baran Bulut, Güveli ve Güveli (2021) tarafından geliştirilen üç aşamalı 20 soruluk “Üslü İfadeler Kavram Testi” (ÜİKT), ön test ve son test olarak uygulandı (1. aşama çoktan seçmeli, 2. aşama gerekçe açıklama, 3. aşama emin misin); yanlış seçenek + yanlış açıklama + “eminim” birleşimi kavram yanılgısı sayıldı. Testin madde güçlüğü ortalaması 0,38, ayırt edicilik ortalaması 0,54. Ayrıca araştırmacı gözlem notları ve dört açık uçlu soruluk öğrenci mülakat formu kullanıldı. Eylem araştırması deseni (n=13)","Çürütücü metinlerle desteklenen bilişsel çelişki yaklaşımıyla hazırlanan ders planı; dört ders saatlik uygulama, son test iki hafta sonra","Ön testte 260 öğrenci cevabından 53'ü kavram yanılgısı kategorisindeyken son testte 44'e düşmüştür; tez bilişsel çelişki yaklaşımının kavram yanılgılarını azaltmada etkili olduğu sonucuna varmaktadır. ANCAK tezin kendi Tablo 10'u 20 sorunun 5'inde yanılgının ARTTIĞINI gösteriyor (5. soru 2->3, 7. soru 3->6, 13. soru 1->2, 18. soru 3->4, 20. soru 0->4); tez bu artışları özetinde öne çıkarmıyor. Yanılgı bazında (KY1/KY2/KY3) ayrı bir öncesi-sonrası dökümü yok, bu yüzden hangi yanılgının ne kadar giderildiği belirsiz.",1,1,s. 75-76,"#017 TUZAĞI KONTROLÜ YAPILDI — tuzak çıkmadı. İş emri bu belgeyi deneysel diye işaretleyip ön testteki yanılgı listesinin alanyazından derleme olup olmadığının önce kontrol edilmesini şart koşmuştu. Tez basılı s.75'te 'öğrencilerde oluşmuş 3 kavram yanılgısı tespit edilmiştir' diyor ve basılı s.94'te 'ön test sonucunda öğrencilerdeki kavram yanılgıları belirlenmiştir... bu çalışmada belirlenen yanılgılar literatürde tespit edilen kavram yanılgılarına BENZER yanılgılardır' diyor — yani alanyazınla örtüşme iddiası, derleme iddiası değil. Kategoriler tezin kendi ön test verisinden soyutlanmış. ANCAK ARAÇ ÖDÜNÇ: Üç aşamalı ÜİKT tezin değil, Baran Bulut, Güveli ve Güveli (2021) tarafından geliştirilmiş ve çeldiricileri 'literatürdeki üslü ifadeler konusundaki yanılgılar incelenerek' kurulmuş (basılı s.39). Yanılgıyı görünür kılan araç ödünç, yanılgı kategorilerinin seçimi ve soyutlanması teze ait. K4 bağımsız çalışma sayımında bu yakınlık dikkate alınmalı. K1: Tablo 10'daki frekanslar SORU BAZINDA, yanılgı bazında değil; üstelik aynı soru birden çok KY kodu üretebiliyor (basılı s.76'da 12. soru hem KY1 hem KY3 veriyor). Tezde yanılgı başına oran verilmemiş -> gorulme_orani boş, K5 gereği guven=1. ÖRNEKLEM: n=13 (6 erkek, 7 kız), araştırmacının iki yıldır dersine girdiği öğrenciler, amaçlı örnekleme. Yaygınlık kestirimi için elverişsiz. MÜDAHALE: Bu bir eylem araştırmasıdır; mudahale_sonucu 'YOK' değil, gerçek sonuç yazıldı ve tezin öne çıkarmadığı artışlar da belirtildi. TUTARSIZLIK: Tez ön test yanılgı sayısını basılı s.75'te 53, basılı s.93'te 52 diyor; Tablo 10 toplamı 53'tür (tek tek toplanarak doğrulandı). KAZANIM: Tez, testin dayandığı kazanımları Tablo 1'de resmî metinleriyle veriyor (tam sayı kuvvetleri / temel kurallar / 10'un kuvvetleri / bilimsel gösterim) ama M.8.1.2.x kodlarını yazmıyor ve kazanımları yanılgı bazında değil test bütünü için veriyor; bu yüzden kazanim_kodu boş, satır bazlı eşleme lgs_kazanim_tahmini'ne yazıldı. OFSET UYARISI: Bu PDF'te ofset sabit değil — basılı 1-58 için -13, basılı 59-117 için -11. Buradaki satırların hepsi basılı 74-78 aralığında, yani -11 bölgesinde; sayfa_dogrula.py KAYNAK girdisi -11 olarak yazıldı. Tezin KY1 kodu. Tez bu yanılgıyı diğer yanılgılara temel oluşturan üç yanılgıdan biri olarak seçmiş; sebebini 'genellikle taban ve üssü çarpmasından kaynaklı' diye açıklıyor (basılı s. 94). Ön testte en çok yanılgı çıkan 12 ve 16. sorularda (5'er öğrenci) baskın olarak bu yanılgı görülüyor.",M.8.1.2.1; M.8.1.2.2
894907,"Yıldız, Meryem",2024,Recep Tayyip Erdoğan Üniversitesi,YL,2018,8,13,Rize (Fındıklı),Üslü ifadeler,,Sıfırıncı kuvvetin anlamını algılayamama,Öğrenci bir sayının sıfırıncı kuvvetinin 1 olduğunu kavramıyor; sıfırıncı kuvveti sayının kendisine eşit sayıyor ya da kuvvetteki sıfırı tabanla çarparak sonucu sıfır buluyor.,"17. soruda 2⁰ ifadesinin eşiti sorulduğunda Ö12 yanlış seçeneği işaretlemiş, yanlış açıklama yapmış, üçüncü aşamada eminim demiş ve 2 cevabını vermiştir.",,"Baran Bulut, Güveli ve Güveli (2021) tarafından geliştirilen üç aşamalı 20 soruluk “Üslü İfadeler Kavram Testi” (ÜİKT), ön test ve son test olarak uygulandı (1. aşama çoktan seçmeli, 2. aşama gerekçe açıklama, 3. aşama emin misin); yanlış seçenek + yanlış açıklama + “eminim” birleşimi kavram yanılgısı sayıldı. Testin madde güçlüğü ortalaması 0,38, ayırt edicilik ortalaması 0,54. Ayrıca araştırmacı gözlem notları ve dört açık uçlu soruluk öğrenci mülakat formu kullanıldı. Eylem araştırması deseni (n=13)","Çürütücü metinlerle desteklenen bilişsel çelişki yaklaşımıyla hazırlanan ders planı; dört ders saatlik uygulama, son test iki hafta sonra","Ön testte 260 öğrenci cevabından 53'ü kavram yanılgısı kategorisindeyken son testte 44'e düşmüştür; tez bilişsel çelişki yaklaşımının kavram yanılgılarını azaltmada etkili olduğu sonucuna varmaktadır. ANCAK tezin kendi Tablo 10'u 20 sorunun 5'inde yanılgının ARTTIĞINI gösteriyor (5. soru 2->3, 7. soru 3->6, 13. soru 1->2, 18. soru 3->4, 20. soru 0->4); tez bu artışları özetinde öne çıkarmıyor. Yanılgı bazında (KY1/KY2/KY3) ayrı bir öncesi-sonrası dökümü yok, bu yüzden hangi yanılgının ne kadar giderildiği belirsiz.",1,1,s. 75-77,"#017 TUZAĞI KONTROLÜ YAPILDI — tuzak çıkmadı. İş emri bu belgeyi deneysel diye işaretleyip ön testteki yanılgı listesinin alanyazından derleme olup olmadığının önce kontrol edilmesini şart koşmuştu. Tez basılı s.75'te 'öğrencilerde oluşmuş 3 kavram yanılgısı tespit edilmiştir' diyor ve basılı s.94'te 'ön test sonucunda öğrencilerdeki kavram yanılgıları belirlenmiştir... bu çalışmada belirlenen yanılgılar literatürde tespit edilen kavram yanılgılarına BENZER yanılgılardır' diyor — yani alanyazınla örtüşme iddiası, derleme iddiası değil. Kategoriler tezin kendi ön test verisinden soyutlanmış. ANCAK ARAÇ ÖDÜNÇ: Üç aşamalı ÜİKT tezin değil, Baran Bulut, Güveli ve Güveli (2021) tarafından geliştirilmiş ve çeldiricileri 'literatürdeki üslü ifadeler konusundaki yanılgılar incelenerek' kurulmuş (basılı s.39). Yanılgıyı görünür kılan araç ödünç, yanılgı kategorilerinin seçimi ve soyutlanması teze ait. K4 bağımsız çalışma sayımında bu yakınlık dikkate alınmalı. K1: Tablo 10'daki frekanslar SORU BAZINDA, yanılgı bazında değil; üstelik aynı soru birden çok KY kodu üretebiliyor (basılı s.76'da 12. soru hem KY1 hem KY3 veriyor). Tezde yanılgı başına oran verilmemiş -> gorulme_orani boş, K5 gereği guven=1. ÖRNEKLEM: n=13 (6 erkek, 7 kız), araştırmacının iki yıldır dersine girdiği öğrenciler, amaçlı örnekleme. Yaygınlık kestirimi için elverişsiz. MÜDAHALE: Bu bir eylem araştırmasıdır; mudahale_sonucu 'YOK' değil, gerçek sonuç yazıldı ve tezin öne çıkarmadığı artışlar da belirtildi. TUTARSIZLIK: Tez ön test yanılgı sayısını basılı s.75'te 53, basılı s.93'te 52 diyor; Tablo 10 toplamı 53'tür (tek tek toplanarak doğrulandı). KAZANIM: Tez, testin dayandığı kazanımları Tablo 1'de resmî metinleriyle veriyor (tam sayı kuvvetleri / temel kurallar / 10'un kuvvetleri / bilimsel gösterim) ama M.8.1.2.x kodlarını yazmıyor ve kazanımları yanılgı bazında değil test bütünü için veriyor; bu yüzden kazanim_kodu boş, satır bazlı eşleme lgs_kazanim_tahmini'ne yazıldı. OFSET UYARISI: Bu PDF'te ofset sabit değil — basılı 1-58 için -13, basılı 59-117 için -11. Buradaki satırların hepsi basılı 74-78 aralığında, yani -11 bölgesinde; sayfa_dogrula.py KAYNAK girdisi -11 olarak yazıldı. Tezin KY2 kodu. M.8.1.2.2 kazanımının açıklaması birebir 'a⁰=1' diyor — yanılgı doğrudan bu kazanımı vuruyor. Tez sebebini 'kuvvetteki sıfırı tabanla çarparak sıfır bulmalarından kaynaklanmaktadır' diye açıklıyor (basılı s. 94).",M.8.1.2.2
894907,"Yıldız, Meryem",2024,Recep Tayyip Erdoğan Üniversitesi,YL,2018,8,13,Rize (Fındıklı),Üslü ifadeler,,Negatif üssü algılayamama,Öğrenci negatif kuvvetin anlamını kavramıyor; kuvvetteki eksiyi tabandaymış gibi algılıyor ya da üsteki eksiyi hiç düşünmeden işlem yapıp sonucun başına eksi koyuyor.,16. soruda 3² + 5⁻² işlemi için Ö7 ve Ö12 kuvvetteki negatif sayıyı görmezden gelip tabanları ve üsleri çıkararak 0 sonucuna ulaşmış; Ö8 ise negatifi yok sayıp üsleri toplayarak 5⁰ sonucuna ulaşmıştır. Üçü de emin olduklarını belirtmiştir.,,"Baran Bulut, Güveli ve Güveli (2021) tarafından geliştirilen üç aşamalı 20 soruluk “Üslü İfadeler Kavram Testi” (ÜİKT), ön test ve son test olarak uygulandı (1. aşama çoktan seçmeli, 2. aşama gerekçe açıklama, 3. aşama emin misin); yanlış seçenek + yanlış açıklama + “eminim” birleşimi kavram yanılgısı sayıldı. Testin madde güçlüğü ortalaması 0,38, ayırt edicilik ortalaması 0,54. Ayrıca araştırmacı gözlem notları ve dört açık uçlu soruluk öğrenci mülakat formu kullanıldı. Eylem araştırması deseni (n=13)","Çürütücü metinlerle desteklenen bilişsel çelişki yaklaşımıyla hazırlanan ders planı; dört ders saatlik uygulama, son test iki hafta sonra","Ön testte 260 öğrenci cevabından 53'ü kavram yanılgısı kategorisindeyken son testte 44'e düşmüştür; tez bilişsel çelişki yaklaşımının kavram yanılgılarını azaltmada etkili olduğu sonucuna varmaktadır. ANCAK tezin kendi Tablo 10'u 20 sorunun 5'inde yanılgının ARTTIĞINI gösteriyor (5. soru 2->3, 7. soru 3->6, 13. soru 1->2, 18. soru 3->4, 20. soru 0->4); tez bu artışları özetinde öne çıkarmıyor. Yanılgı bazında (KY1/KY2/KY3) ayrı bir öncesi-sonrası dökümü yok, bu yüzden hangi yanılgının ne kadar giderildiği belirsiz.",1,1,s. 75-78,"#017 TUZAĞI KONTROLÜ YAPILDI — tuzak çıkmadı. İş emri bu belgeyi deneysel diye işaretleyip ön testteki yanılgı listesinin alanyazından derleme olup olmadığının önce kontrol edilmesini şart koşmuştu. Tez basılı s.75'te 'öğrencilerde oluşmuş 3 kavram yanılgısı tespit edilmiştir' diyor ve basılı s.94'te 'ön test sonucunda öğrencilerdeki kavram yanılgıları belirlenmiştir... bu çalışmada belirlenen yanılgılar literatürde tespit edilen kavram yanılgılarına BENZER yanılgılardır' diyor — yani alanyazınla örtüşme iddiası, derleme iddiası değil. Kategoriler tezin kendi ön test verisinden soyutlanmış. ANCAK ARAÇ ÖDÜNÇ: Üç aşamalı ÜİKT tezin değil, Baran Bulut, Güveli ve Güveli (2021) tarafından geliştirilmiş ve çeldiricileri 'literatürdeki üslü ifadeler konusundaki yanılgılar incelenerek' kurulmuş (basılı s.39). Yanılgıyı görünür kılan araç ödünç, yanılgı kategorilerinin seçimi ve soyutlanması teze ait. K4 bağımsız çalışma sayımında bu yakınlık dikkate alınmalı. K1: Tablo 10'daki frekanslar SORU BAZINDA, yanılgı bazında değil; üstelik aynı soru birden çok KY kodu üretebiliyor (basılı s.76'da 12. soru hem KY1 hem KY3 veriyor). Tezde yanılgı başına oran verilmemiş -> gorulme_orani boş, K5 gereği guven=1. ÖRNEKLEM: n=13 (6 erkek, 7 kız), araştırmacının iki yıldır dersine girdiği öğrenciler, amaçlı örnekleme. Yaygınlık kestirimi için elverişsiz. MÜDAHALE: Bu bir eylem araştırmasıdır; mudahale_sonucu 'YOK' değil, gerçek sonuç yazıldı ve tezin öne çıkarmadığı artışlar da belirtildi. TUTARSIZLIK: Tez ön test yanılgı sayısını basılı s.75'te 53, basılı s.93'te 52 diyor; Tablo 10 toplamı 53'tür (tek tek toplanarak doğrulandı). KAZANIM: Tez, testin dayandığı kazanımları Tablo 1'de resmî metinleriyle veriyor (tam sayı kuvvetleri / temel kurallar / 10'un kuvvetleri / bilimsel gösterim) ama M.8.1.2.x kodlarını yazmıyor ve kazanımları yanılgı bazında değil test bütünü için veriyor; bu yüzden kazanim_kodu boş, satır bazlı eşleme lgs_kazanim_tahmini'ne yazıldı. OFSET UYARISI: Bu PDF'te ofset sabit değil — basılı 1-58 için -13, basılı 59-117 için -11. Buradaki satırların hepsi basılı 74-78 aralığında, yani -11 bölgesinde; sayfa_dogrula.py KAYNAK girdisi -11 olarak yazıldı. Tezin KY3 kodu. M.8.1.2.2 kazanımının açıklaması birebir 'aⁿ = 1/a⁻ⁿ' ilişkisini veriyor — yanılgı doğrudan bu kazanımı vuruyor. Bu yanılgı müdahaleye en dirençli olanlardan: Ö7 kodlu öğrenci 1. soruda hem ön testte hem son testte aynı yanılgıyı sürdürmüştür (basılı s. 79).",M.8.1.2.2
941548,"Akdemir Kabalcı, Semanur",2025,Erciyes Üniversitesi,YL,2018,8,150,Kayseri,Üslü ifadeler,,Üslü sayının değerini hesaplayamama,"Öğrenci üslü sayının değerini hesaplayamıyor; üsteki sayıyı tabandaki sayı kadar yazıp topluyor, üsteki sayıyı tabandaki sayı kadar çarpıyor ya da üs ile tabandaki sayıyı doğrudan çarpıp topluyor.","Öğrencilerin bazıları üsteki sayıyı tabandaki sayı kadar yazıp toplamış, kimisi üsteki sayıyı tabandaki sayı kadar çarpmıştır; bazıları ise üs ile tabandaki sayıyı çarpıp ya da toplayıp yanlış cevap bulmuştur.",,"Araştırmacı tarafından MEB 2018 öğretim programı, EBA ve 8. sınıf ders kitabı örnekleri temel alınarak geliştirilen “Kavram Yanılgısı Belirleme Ölçeği”; 8 üslü ifadeler + 9 kareköklü ifadeler sorusundan oluşan açık uçlu ölçek, öğrencilerden her soruda çözüm yolunu ve açıklamasını yazması istendi (amaç: yanlış yapan öğrencinin hangi yanılgıya düştüğünü belirlemek). 40 soruluk ilk sürüm 30 öğrencide pilot uygulandıktan sonra uzman görüşüyle kısaltıldı. Bir ders saati (40 dk) süre verildi. Analizde içerik analizi, SPSS ile madde analizi, açımlayıcı ve doğrulayıcı faktör analizi yapıldı. Çalışma grubu 150 öğrenci; analiz N'i üslü ölçekte 148, kareköklü ölçekte 135","Öğrencilerin hazırbulunuşluğu ölçülüp eksik ve yanılgıların önce giderilmesi; kural ve kısa yolları sözlü aktarmak yerine üslü ifadenin açınımından geriye dönerek sıfırıncı ve negatif üssün anlamını fark ettirme; parantez, mutlak değer ve üssün tek/çift olma kavramlarının vurgulanması; ölçmede açık uçlu soru tercih edilerek açıklamalardan yanılgı tespiti ve geri dönüt verilmesi; öğretmenlere kavram yanılgıları üzerine hizmet içi seminer",YOK,1,1,s. 56,"D6 BAĞIMSIZLIK UYARISI: parti-01'deki MAKALE:10.33400/kuje.1721508 (Sevgi, Sevim & Akdemir Kabalcı, Semanur; kareköklü, n=135) bu tezden türemiştir; tezin kareköklü ölçeğinde Analiz N=135 yazıyor (Tablo 11, basılı s.38) ve makalenin örneklemiyle birebir örtüşüyor. K4 gereği satırlar ayrı kalır, ancak K4 bağımsız çalışma sayımında ikisi TEK çalışma sayılmalıdır. K1: Tezdeki bütün yüzdeler SORU BAZINDA doğru/yanlış/boş dağılımıdır (Tablo 7 ve Tablo 11), yanılgı bazında oran değildir; bir sorunun yanlış yüzdesi birden çok yanılgı türüne dağılıyor ve tez bazı yanlış cevapları açıkça 'işlem hatası' diye ayırıyor. Tezde yanılgı başına oran verilmemiş -> gorulme_orani boş, K5 gereği guven=1. KAZANIM KODU NEDEN BOŞ: Tez kazanım kodlarını açıkça veriyor (Tablo 2, basılı s.28 ve 4.3/4.4'te her sorunun başında MEB 2018 sayfa atfıyla) ama SORU bazında, yanılgı bazında değil. Yanılgı-soru eşleşmesi Tablo 3 ve Tablo 4'tedir; bu iki tablo onay işareti (tik) tablosudur ve tikler grafik olduğu için metin katmanında çıkmıyor, yani KY-soru bağlantısı makineyle okunamadı. Bu yüzden kazanim_kodu boş, satır bazlı eşleşme çıkarım olarak lgs_kazanim_tahmini'ye yazıldı. YAPILABILIR İŞ: basılı s.28-29 bir PDF görüntüleyicide gözle okunursa bu sütun kaynağa dayalı doldurulabilir. ÖRNEKLEM: Çalışma grubu 150; analiz N'i üslü ölçekte 148, kareköklü ölçekte 135 (fark: soruyu boş bırakan/unutulan öğrenciler). Uygulama 2022-2023 ve 2023-2024 eğitim öğretim yıllarında Kayseri'ye bağlı üç ortaokulda yapıldı. D7: PDF'in metin katmanı bozuk (ş/Ş/İ harfleri hatalı kodlanmış); sayfa_anahtar_dogrula.py'nin norm() fonksiyonu bu eşlemeyi zaten içeriyor. Tezin KY7 kodu (Tablo 5, basılı s.29). Tez sebebi ikiye ayırıyor: bazı öğrencide işlemsel bilgi eksikliği (açınımı yazabiliyor ama tekrarlı çarpımda hata yapıyor), bazısında kavramsal eksiklik (üs ile taban kavramlarını karıştırıyor).",M.8.1.2.1
941548,"Akdemir Kabalcı, Semanur",2025,Erciyes Üniversitesi,YL,2018,8,150,Kayseri,Üslü ifadeler,,Sıfırıncı üs durumunu belirleyememe,"Öğrenci bir sayının sıfırıncı kuvvetinin 1 olduğunu belirleyemiyor; üs ile tabanı çarpacağını düşünüp sıfırın çarpmada yutan eleman olmasından sonucu sıfır buluyor, ya da üs ile tabanı toplayıp sonucu tabandaki sayıya eşit buluyor.",Öğrenciler sıfırıncı üsle karşılaştıklarında üs ile tabanı çarpacağını düşünüp sıfırın çarpma işleminde yutan eleman özelliğini yanlış yorumlayıp sonucu sıfır bulmuştur; üs ile tabanı toplayıp sonucu tabandaki sayıya eşit bulan da olmuştur.,,"Araştırmacı tarafından MEB 2018 öğretim programı, EBA ve 8. sınıf ders kitabı örnekleri temel alınarak geliştirilen “Kavram Yanılgısı Belirleme Ölçeği”; 8 üslü ifadeler + 9 kareköklü ifadeler sorusundan oluşan açık uçlu ölçek, öğrencilerden her soruda çözüm yolunu ve açıklamasını yazması istendi (amaç: yanlış yapan öğrencinin hangi yanılgıya düştüğünü belirlemek). 40 soruluk ilk sürüm 30 öğrencide pilot uygulandıktan sonra uzman görüşüyle kısaltıldı. Bir ders saati (40 dk) süre verildi. Analizde içerik analizi, SPSS ile madde analizi, açımlayıcı ve doğrulayıcı faktör analizi yapıldı. Çalışma grubu 150 öğrenci; analiz N'i üslü ölçekte 148, kareköklü ölçekte 135","Öğrencilerin hazırbulunuşluğu ölçülüp eksik ve yanılgıların önce giderilmesi; kural ve kısa yolları sözlü aktarmak yerine üslü ifadenin açınımından geriye dönerek sıfırıncı ve negatif üssün anlamını fark ettirme; parantez, mutlak değer ve üssün tek/çift olma kavramlarının vurgulanması; ölçmede açık uçlu soru tercih edilerek açıklamalardan yanılgı tespiti ve geri dönüt verilmesi; öğretmenlere kavram yanılgıları üzerine hizmet içi seminer",YOK,1,1,s. 56-57,"D6 BAĞIMSIZLIK UYARISI: parti-01'deki MAKALE:10.33400/kuje.1721508 (Sevgi, Sevim & Akdemir Kabalcı, Semanur; kareköklü, n=135) bu tezden türemiştir; tezin kareköklü ölçeğinde Analiz N=135 yazıyor (Tablo 11, basılı s.38) ve makalenin örneklemiyle birebir örtüşüyor. K4 gereği satırlar ayrı kalır, ancak K4 bağımsız çalışma sayımında ikisi TEK çalışma sayılmalıdır. K1: Tezdeki bütün yüzdeler SORU BAZINDA doğru/yanlış/boş dağılımıdır (Tablo 7 ve Tablo 11), yanılgı bazında oran değildir; bir sorunun yanlış yüzdesi birden çok yanılgı türüne dağılıyor ve tez bazı yanlış cevapları açıkça 'işlem hatası' diye ayırıyor. Tezde yanılgı başına oran verilmemiş -> gorulme_orani boş, K5 gereği guven=1. KAZANIM KODU NEDEN BOŞ: Tez kazanım kodlarını açıkça veriyor (Tablo 2, basılı s.28 ve 4.3/4.4'te her sorunun başında MEB 2018 sayfa atfıyla) ama SORU bazında, yanılgı bazında değil. Yanılgı-soru eşleşmesi Tablo 3 ve Tablo 4'tedir; bu iki tablo onay işareti (tik) tablosudur ve tikler grafik olduğu için metin katmanında çıkmıyor, yani KY-soru bağlantısı makineyle okunamadı. Bu yüzden kazanim_kodu boş, satır bazlı eşleşme çıkarım olarak lgs_kazanim_tahmini'ye yazıldı. YAPILABILIR İŞ: basılı s.28-29 bir PDF görüntüleyicide gözle okunursa bu sütun kaynağa dayalı doldurulabilir. ÖRNEKLEM: Çalışma grubu 150; analiz N'i üslü ölçekte 148, kareköklü ölçekte 135 (fark: soruyu boş bırakan/unutulan öğrenciler). Uygulama 2022-2023 ve 2023-2024 eğitim öğretim yıllarında Kayseri'ye bağlı üç ortaokulda yapıldı. D7: PDF'in metin katmanı bozuk (ş/Ş/İ harfleri hatalı kodlanmış); sayfa_anahtar_dogrula.py'nin norm() fonksiyonu bu eşlemeyi zaten içeriyor. Tezin KY4 kodu. M.8.1.2.2 açıklaması birebir 'a⁰=1' diyor. Tez ayrıca üs ile tabanı yer değiştirip sanki sıfırın üssü alınıyormuş gibi düşünmeyi de sebep olarak gösteriyor.",M.8.1.2.2
941548,"Akdemir Kabalcı, Semanur",2025,Erciyes Üniversitesi,YL,2018,8,150,Kayseri,Üslü ifadeler,,Negatifli ve parantezli üslü ifadeyi ayırt edememe,"Öğrenci −aᵇ ile (−a)ᵇ durumlarını ayırt edemiyor; negatif bir sayının üssünün alınması ile üssü alınan bir ifadenin önüne gelen negatif işaretini aynı durum sanıyor, yani parantezin olup olmamasını önemsiz görüyor.",Öğrenciler parantezin olup olmama durumunda aynı sonucu bulmuş; taban negatif tam sayı olup üs çift sayı olduğunda sonucun pozitif olmasını algılayamayan öğrenciler de olmuştur.,,"Araştırmacı tarafından MEB 2018 öğretim programı, EBA ve 8. sınıf ders kitabı örnekleri temel alınarak geliştirilen “Kavram Yanılgısı Belirleme Ölçeği”; 8 üslü ifadeler + 9 kareköklü ifadeler sorusundan oluşan açık uçlu ölçek, öğrencilerden her soruda çözüm yolunu ve açıklamasını yazması istendi (amaç: yanlış yapan öğrencinin hangi yanılgıya düştüğünü belirlemek). 40 soruluk ilk sürüm 30 öğrencide pilot uygulandıktan sonra uzman görüşüyle kısaltıldı. Bir ders saati (40 dk) süre verildi. Analizde içerik analizi, SPSS ile madde analizi, açımlayıcı ve doğrulayıcı faktör analizi yapıldı. Çalışma grubu 150 öğrenci; analiz N'i üslü ölçekte 148, kareköklü ölçekte 135","Öğrencilerin hazırbulunuşluğu ölçülüp eksik ve yanılgıların önce giderilmesi; kural ve kısa yolları sözlü aktarmak yerine üslü ifadenin açınımından geriye dönerek sıfırıncı ve negatif üssün anlamını fark ettirme; parantez, mutlak değer ve üssün tek/çift olma kavramlarının vurgulanması; ölçmede açık uçlu soru tercih edilerek açıklamalardan yanılgı tespiti ve geri dönüt verilmesi; öğretmenlere kavram yanılgıları üzerine hizmet içi seminer",YOK,1,1,s. 57,"D6 BAĞIMSIZLIK UYARISI: parti-01'deki MAKALE:10.33400/kuje.1721508 (Sevgi, Sevim & Akdemir Kabalcı, Semanur; kareköklü, n=135) bu tezden türemiştir; tezin kareköklü ölçeğinde Analiz N=135 yazıyor (Tablo 11, basılı s.38) ve makalenin örneklemiyle birebir örtüşüyor. K4 gereği satırlar ayrı kalır, ancak K4 bağımsız çalışma sayımında ikisi TEK çalışma sayılmalıdır. K1: Tezdeki bütün yüzdeler SORU BAZINDA doğru/yanlış/boş dağılımıdır (Tablo 7 ve Tablo 11), yanılgı bazında oran değildir; bir sorunun yanlış yüzdesi birden çok yanılgı türüne dağılıyor ve tez bazı yanlış cevapları açıkça 'işlem hatası' diye ayırıyor. Tezde yanılgı başına oran verilmemiş -> gorulme_orani boş, K5 gereği guven=1. KAZANIM KODU NEDEN BOŞ: Tez kazanım kodlarını açıkça veriyor (Tablo 2, basılı s.28 ve 4.3/4.4'te her sorunun başında MEB 2018 sayfa atfıyla) ama SORU bazında, yanılgı bazında değil. Yanılgı-soru eşleşmesi Tablo 3 ve Tablo 4'tedir; bu iki tablo onay işareti (tik) tablosudur ve tikler grafik olduğu için metin katmanında çıkmıyor, yani KY-soru bağlantısı makineyle okunamadı. Bu yüzden kazanim_kodu boş, satır bazlı eşleşme çıkarım olarak lgs_kazanim_tahmini'ye yazıldı. YAPILABILIR İŞ: basılı s.28-29 bir PDF görüntüleyicide gözle okunursa bu sütun kaynağa dayalı doldurulabilir. ÖRNEKLEM: Çalışma grubu 150; analiz N'i üslü ölçekte 148, kareköklü ölçekte 135 (fark: soruyu boş bırakan/unutulan öğrenciler). Uygulama 2022-2023 ve 2023-2024 eğitim öğretim yıllarında Kayseri'ye bağlı üç ortaokulda yapıldı. D7: PDF'in metin katmanı bozuk (ş/Ş/İ harfleri hatalı kodlanmış); sayfa_anahtar_dogrula.py'nin norm() fonksiyonu bu eşlemeyi zaten içeriyor. Tezin KY1 kodu. Tez sebebi 'bir sayının çift sayı üssü alındığında sonucun işareti pozitif olacağı kuralını yanlış genelleme' diye açıklıyor ve bu soru tipinde öğrencilerin kavramsal bilgi boyutuna geçemediklerini söylüyor.",M.8.1.2.1
941548,"Akdemir Kabalcı, Semanur",2025,Erciyes Üniversitesi,YL,2018,8,150,Kayseri,Üslü ifadeler,,Negatif üs durumunu algılayamama,"Öğrenci negatif üssün anlamını algılayamıyor; üssün işaretini sanki tabandaki sayının işaretiymiş gibi düşünüyor, negatif üssü görmezden gelip pozitif üs gibi işlem yapıyor ya da negatif üssün sonucu negatif yaptığını sanıyor.",Öğrenciler üslü ifadenin anlamından yola çıkıp üs kadar tabandaki sayının çarpılacağını söylemiş; bu kuralı negatif üsse genellediklerinde negatif bir sayı kadar sayının yazılıp çarpılması anlamsız geldiği için üssü pozitifmiş gibi işlem yapmışlardır.,,"Araştırmacı tarafından MEB 2018 öğretim programı, EBA ve 8. sınıf ders kitabı örnekleri temel alınarak geliştirilen “Kavram Yanılgısı Belirleme Ölçeği”; 8 üslü ifadeler + 9 kareköklü ifadeler sorusundan oluşan açık uçlu ölçek, öğrencilerden her soruda çözüm yolunu ve açıklamasını yazması istendi (amaç: yanlış yapan öğrencinin hangi yanılgıya düştüğünü belirlemek). 40 soruluk ilk sürüm 30 öğrencide pilot uygulandıktan sonra uzman görüşüyle kısaltıldı. Bir ders saati (40 dk) süre verildi. Analizde içerik analizi, SPSS ile madde analizi, açımlayıcı ve doğrulayıcı faktör analizi yapıldı. Çalışma grubu 150 öğrenci; analiz N'i üslü ölçekte 148, kareköklü ölçekte 135","Öğrencilerin hazırbulunuşluğu ölçülüp eksik ve yanılgıların önce giderilmesi; kural ve kısa yolları sözlü aktarmak yerine üslü ifadenin açınımından geriye dönerek sıfırıncı ve negatif üssün anlamını fark ettirme; parantez, mutlak değer ve üssün tek/çift olma kavramlarının vurgulanması; ölçmede açık uçlu soru tercih edilerek açıklamalardan yanılgı tespiti ve geri dönüt verilmesi; öğretmenlere kavram yanılgıları üzerine hizmet içi seminer",YOK,1,1,s. 57-58,"D6 BAĞIMSIZLIK UYARISI: parti-01'deki MAKALE:10.33400/kuje.1721508 (Sevgi, Sevim & Akdemir Kabalcı, Semanur; kareköklü, n=135) bu tezden türemiştir; tezin kareköklü ölçeğinde Analiz N=135 yazıyor (Tablo 11, basılı s.38) ve makalenin örneklemiyle birebir örtüşüyor. K4 gereği satırlar ayrı kalır, ancak K4 bağımsız çalışma sayımında ikisi TEK çalışma sayılmalıdır. K1: Tezdeki bütün yüzdeler SORU BAZINDA doğru/yanlış/boş dağılımıdır (Tablo 7 ve Tablo 11), yanılgı bazında oran değildir; bir sorunun yanlış yüzdesi birden çok yanılgı türüne dağılıyor ve tez bazı yanlış cevapları açıkça 'işlem hatası' diye ayırıyor. Tezde yanılgı başına oran verilmemiş -> gorulme_orani boş, K5 gereği guven=1. KAZANIM KODU NEDEN BOŞ: Tez kazanım kodlarını açıkça veriyor (Tablo 2, basılı s.28 ve 4.3/4.4'te her sorunun başında MEB 2018 sayfa atfıyla) ama SORU bazında, yanılgı bazında değil. Yanılgı-soru eşleşmesi Tablo 3 ve Tablo 4'tedir; bu iki tablo onay işareti (tik) tablosudur ve tikler grafik olduğu için metin katmanında çıkmıyor, yani KY-soru bağlantısı makineyle okunamadı. Bu yüzden kazanim_kodu boş, satır bazlı eşleşme çıkarım olarak lgs_kazanim_tahmini'ye yazıldı. YAPILABILIR İŞ: basılı s.28-29 bir PDF görüntüleyicide gözle okunursa bu sütun kaynağa dayalı doldurulabilir. ÖRNEKLEM: Çalışma grubu 150; analiz N'i üslü ölçekte 148, kareköklü ölçekte 135 (fark: soruyu boş bırakan/unutulan öğrenciler). Uygulama 2022-2023 ve 2023-2024 eğitim öğretim yıllarında Kayseri'ye bağlı üç ortaokulda yapıldı. D7: PDF'in metin katmanı bozuk (ş/Ş/İ harfleri hatalı kodlanmış); sayfa_anahtar_dogrula.py'nin norm() fonksiyonu bu eşlemeyi zaten içeriyor. Tezin KY3 kodu. M.8.1.2.2 açıklaması birebir a⁻ⁿ ilişkisini veriyor. Tez öneri bölümünde negatif üssün 8. sınıfta ilk kez karşılaşılan bir kavram olduğunu vurguluyor (basılı s.62).",M.8.1.2.2
941548,"Akdemir Kabalcı, Semanur",2025,Erciyes Üniversitesi,YL,2018,8,150,Kayseri,Üslü ifadeler,,Taban ile üssün yerini ayırt edememe,"Öğrenci aᵇ ile bᵃ durumlarını ayırt edemiyor; iki ifadenin de aynı değere eşit olduğunu düşünüyor ya da ikinci ifadede taban ile üssü çarpacağını, üsteki ifadeyi tabandaki sayı kadar yazıp toplayacağını sanıyor.",İki ifadenin de aynı değere eşit olduğunu düşünen öğrenciler gözlemlenmiş; sorudaki ilk ifadeyi doğru yazıp ikinci ifadede taban ile üssü çarpacağını düşünen öğrenciler de olmuştur.,,"Araştırmacı tarafından MEB 2018 öğretim programı, EBA ve 8. sınıf ders kitabı örnekleri temel alınarak geliştirilen “Kavram Yanılgısı Belirleme Ölçeği”; 8 üslü ifadeler + 9 kareköklü ifadeler sorusundan oluşan açık uçlu ölçek, öğrencilerden her soruda çözüm yolunu ve açıklamasını yazması istendi (amaç: yanlış yapan öğrencinin hangi yanılgıya düştüğünü belirlemek). 40 soruluk ilk sürüm 30 öğrencide pilot uygulandıktan sonra uzman görüşüyle kısaltıldı. Bir ders saati (40 dk) süre verildi. Analizde içerik analizi, SPSS ile madde analizi, açımlayıcı ve doğrulayıcı faktör analizi yapıldı. Çalışma grubu 150 öğrenci; analiz N'i üslü ölçekte 148, kareköklü ölçekte 135","Öğrencilerin hazırbulunuşluğu ölçülüp eksik ve yanılgıların önce giderilmesi; kural ve kısa yolları sözlü aktarmak yerine üslü ifadenin açınımından geriye dönerek sıfırıncı ve negatif üssün anlamını fark ettirme; parantez, mutlak değer ve üssün tek/çift olma kavramlarının vurgulanması; ölçmede açık uçlu soru tercih edilerek açıklamalardan yanılgı tespiti ve geri dönüt verilmesi; öğretmenlere kavram yanılgıları üzerine hizmet içi seminer",YOK,1,1,s. 58,"D6 BAĞIMSIZLIK UYARISI: parti-01'deki MAKALE:10.33400/kuje.1721508 (Sevgi, Sevim & Akdemir Kabalcı, Semanur; kareköklü, n=135) bu tezden türemiştir; tezin kareköklü ölçeğinde Analiz N=135 yazıyor (Tablo 11, basılı s.38) ve makalenin örneklemiyle birebir örtüşüyor. K4 gereği satırlar ayrı kalır, ancak K4 bağımsız çalışma sayımında ikisi TEK çalışma sayılmalıdır. K1: Tezdeki bütün yüzdeler SORU BAZINDA doğru/yanlış/boş dağılımıdır (Tablo 7 ve Tablo 11), yanılgı bazında oran değildir; bir sorunun yanlış yüzdesi birden çok yanılgı türüne dağılıyor ve tez bazı yanlış cevapları açıkça 'işlem hatası' diye ayırıyor. Tezde yanılgı başına oran verilmemiş -> gorulme_orani boş, K5 gereği guven=1. KAZANIM KODU NEDEN BOŞ: Tez kazanım kodlarını açıkça veriyor (Tablo 2, basılı s.28 ve 4.3/4.4'te her sorunun başında MEB 2018 sayfa atfıyla) ama SORU bazında, yanılgı bazında değil. Yanılgı-soru eşleşmesi Tablo 3 ve Tablo 4'tedir; bu iki tablo onay işareti (tik) tablosudur ve tikler grafik olduğu için metin katmanında çıkmıyor, yani KY-soru bağlantısı makineyle okunamadı. Bu yüzden kazanim_kodu boş, satır bazlı eşleşme çıkarım olarak lgs_kazanim_tahmini'ye yazıldı. YAPILABILIR İŞ: basılı s.28-29 bir PDF görüntüleyicide gözle okunursa bu sütun kaynağa dayalı doldurulabilir. ÖRNEKLEM: Çalışma grubu 150; analiz N'i üslü ölçekte 148, kareköklü ölçekte 135 (fark: soruyu boş bırakan/unutulan öğrenciler). Uygulama 2022-2023 ve 2023-2024 eğitim öğretim yıllarında Kayseri'ye bağlı üç ortaokulda yapıldı. D7: PDF'in metin katmanı bozuk (ş/Ş/İ harfleri hatalı kodlanmış); sayfa_anahtar_dogrula.py'nin norm() fonksiyonu bu eşlemeyi zaten içeriyor. Tezin KY2 kodu. Tez sebebi 'üslü ifadenin anlamını tam olarak zihinlerinde anlamlandıramaması' diye açıklıyor.",M.8.1.2.1
941548,"Akdemir Kabalcı, Semanur",2025,Erciyes Üniversitesi,YL,2018,8,150,Kayseri,Üslü ifadeler,,Çift üste değerin pozitif olmasını algılayamama,Öğrenci üs çift olduğunda değerin daima pozitif olmasını algılayamıyor; sonucu üsten bağımsız düşünüp taban negatifse sonucun da negatif olacağını sanıyor.,"Öğrencilerin bazıları üssün tek veya çift olma durumunu görmezden gelerek çözüm yapmış, yani sonucu üsten bağımsız olarak taban negatifse sonucun da negatif olacağını düşünmüşlerdir.",,"Araştırmacı tarafından MEB 2018 öğretim programı, EBA ve 8. sınıf ders kitabı örnekleri temel alınarak geliştirilen “Kavram Yanılgısı Belirleme Ölçeği”; 8 üslü ifadeler + 9 kareköklü ifadeler sorusundan oluşan açık uçlu ölçek, öğrencilerden her soruda çözüm yolunu ve açıklamasını yazması istendi (amaç: yanlış yapan öğrencinin hangi yanılgıya düştüğünü belirlemek). 40 soruluk ilk sürüm 30 öğrencide pilot uygulandıktan sonra uzman görüşüyle kısaltıldı. Bir ders saati (40 dk) süre verildi. Analizde içerik analizi, SPSS ile madde analizi, açımlayıcı ve doğrulayıcı faktör analizi yapıldı. Çalışma grubu 150 öğrenci; analiz N'i üslü ölçekte 148, kareköklü ölçekte 135","Öğrencilerin hazırbulunuşluğu ölçülüp eksik ve yanılgıların önce giderilmesi; kural ve kısa yolları sözlü aktarmak yerine üslü ifadenin açınımından geriye dönerek sıfırıncı ve negatif üssün anlamını fark ettirme; parantez, mutlak değer ve üssün tek/çift olma kavramlarının vurgulanması; ölçmede açık uçlu soru tercih edilerek açıklamalardan yanılgı tespiti ve geri dönüt verilmesi; öğretmenlere kavram yanılgıları üzerine hizmet içi seminer",YOK,1,1,s. 58,"D6 BAĞIMSIZLIK UYARISI: parti-01'deki MAKALE:10.33400/kuje.1721508 (Sevgi, Sevim & Akdemir Kabalcı, Semanur; kareköklü, n=135) bu tezden türemiştir; tezin kareköklü ölçeğinde Analiz N=135 yazıyor (Tablo 11, basılı s.38) ve makalenin örneklemiyle birebir örtüşüyor. K4 gereği satırlar ayrı kalır, ancak K4 bağımsız çalışma sayımında ikisi TEK çalışma sayılmalıdır. K1: Tezdeki bütün yüzdeler SORU BAZINDA doğru/yanlış/boş dağılımıdır (Tablo 7 ve Tablo 11), yanılgı bazında oran değildir; bir sorunun yanlış yüzdesi birden çok yanılgı türüne dağılıyor ve tez bazı yanlış cevapları açıkça 'işlem hatası' diye ayırıyor. Tezde yanılgı başına oran verilmemiş -> gorulme_orani boş, K5 gereği guven=1. KAZANIM KODU NEDEN BOŞ: Tez kazanım kodlarını açıkça veriyor (Tablo 2, basılı s.28 ve 4.3/4.4'te her sorunun başında MEB 2018 sayfa atfıyla) ama SORU bazında, yanılgı bazında değil. Yanılgı-soru eşleşmesi Tablo 3 ve Tablo 4'tedir; bu iki tablo onay işareti (tik) tablosudur ve tikler grafik olduğu için metin katmanında çıkmıyor, yani KY-soru bağlantısı makineyle okunamadı. Bu yüzden kazanim_kodu boş, satır bazlı eşleşme çıkarım olarak lgs_kazanim_tahmini'ye yazıldı. YAPILABILIR İŞ: basılı s.28-29 bir PDF görüntüleyicide gözle okunursa bu sütun kaynağa dayalı doldurulabilir. ÖRNEKLEM: Çalışma grubu 150; analiz N'i üslü ölçekte 148, kareköklü ölçekte 135 (fark: soruyu boş bırakan/unutulan öğrenciler). Uygulama 2022-2023 ve 2023-2024 eğitim öğretim yıllarında Kayseri'ye bağlı üç ortaokulda yapıldı. D7: PDF'in metin katmanı bozuk (ş/Ş/İ harfleri hatalı kodlanmış); sayfa_anahtar_dogrula.py'nin norm() fonksiyonu bu eşlemeyi zaten içeriyor. Tezin KY5 kodu.",M.8.1.2.1
941548,"Akdemir Kabalcı, Semanur",2025,Erciyes Üniversitesi,YL,2018,8,150,Kayseri,Üslü ifadeler,,Üslü sayının üs değerini hesaplamada zorlanma,Öğrenci üslü bir sayının başka bir üssü alındığında üsleri çarpacağı yerde topluyor; tabanları aynı olan üslü ifadeler çarpılırken üsler toplanır kuralını buraya da genelliyor.,Öğrenciler üslü sayının üssü ile karşılaştıklarında üsleri toplamaları gerektiğini düşünmüştür; tabanları aynı olan üslü ifadeler çarpılırken üsler toplanır kuralını buraya da genellemişlerdir.,,"Araştırmacı tarafından MEB 2018 öğretim programı, EBA ve 8. sınıf ders kitabı örnekleri temel alınarak geliştirilen “Kavram Yanılgısı Belirleme Ölçeği”; 8 üslü ifadeler + 9 kareköklü ifadeler sorusundan oluşan açık uçlu ölçek, öğrencilerden her soruda çözüm yolunu ve açıklamasını yazması istendi (amaç: yanlış yapan öğrencinin hangi yanılgıya düştüğünü belirlemek). 40 soruluk ilk sürüm 30 öğrencide pilot uygulandıktan sonra uzman görüşüyle kısaltıldı. Bir ders saati (40 dk) süre verildi. Analizde içerik analizi, SPSS ile madde analizi, açımlayıcı ve doğrulayıcı faktör analizi yapıldı. Çalışma grubu 150 öğrenci; analiz N'i üslü ölçekte 148, kareköklü ölçekte 135","Öğrencilerin hazırbulunuşluğu ölçülüp eksik ve yanılgıların önce giderilmesi; kural ve kısa yolları sözlü aktarmak yerine üslü ifadenin açınımından geriye dönerek sıfırıncı ve negatif üssün anlamını fark ettirme; parantez, mutlak değer ve üssün tek/çift olma kavramlarının vurgulanması; ölçmede açık uçlu soru tercih edilerek açıklamalardan yanılgı tespiti ve geri dönüt verilmesi; öğretmenlere kavram yanılgıları üzerine hizmet içi seminer",YOK,2,1,s. 58,"D6 BAĞIMSIZLIK UYARISI: parti-01'deki MAKALE:10.33400/kuje.1721508 (Sevgi, Sevim & Akdemir Kabalcı, Semanur; kareköklü, n=135) bu tezden türemiştir; tezin kareköklü ölçeğinde Analiz N=135 yazıyor (Tablo 11, basılı s.38) ve makalenin örneklemiyle birebir örtüşüyor. K4 gereği satırlar ayrı kalır, ancak K4 bağımsız çalışma sayımında ikisi TEK çalışma sayılmalıdır. K1: Tezdeki bütün yüzdeler SORU BAZINDA doğru/yanlış/boş dağılımıdır (Tablo 7 ve Tablo 11), yanılgı bazında oran değildir; bir sorunun yanlış yüzdesi birden çok yanılgı türüne dağılıyor ve tez bazı yanlış cevapları açıkça 'işlem hatası' diye ayırıyor. Tezde yanılgı başına oran verilmemiş -> gorulme_orani boş, K5 gereği guven=1. KAZANIM KODU NEDEN BOŞ: Tez kazanım kodlarını açıkça veriyor (Tablo 2, basılı s.28 ve 4.3/4.4'te her sorunun başında MEB 2018 sayfa atfıyla) ama SORU bazında, yanılgı bazında değil. Yanılgı-soru eşleşmesi Tablo 3 ve Tablo 4'tedir; bu iki tablo onay işareti (tik) tablosudur ve tikler grafik olduğu için metin katmanında çıkmıyor, yani KY-soru bağlantısı makineyle okunamadı. Bu yüzden kazanim_kodu boş, satır bazlı eşleşme çıkarım olarak lgs_kazanim_tahmini'ye yazıldı. YAPILABILIR İŞ: basılı s.28-29 bir PDF görüntüleyicide gözle okunursa bu sütun kaynağa dayalı doldurulabilir. ÖRNEKLEM: Çalışma grubu 150; analiz N'i üslü ölçekte 148, kareköklü ölçekte 135 (fark: soruyu boş bırakan/unutulan öğrenciler). Uygulama 2022-2023 ve 2023-2024 eğitim öğretim yıllarında Kayseri'ye bağlı üç ortaokulda yapıldı. D7: PDF'in metin katmanı bozuk (ş/Ş/İ harfleri hatalı kodlanmış); sayfa_anahtar_dogrula.py'nin norm() fonksiyonu bu eşlemeyi zaten içeriyor. Tezin KY8 kodu. LEMMA: Yanılgı, önceden ezberlenmiş bir kuralın yanlış yere genellenmesinden doğuyor; tez öneri bölümünde bu tip soruda 'direkt kural verilmemelidir' diyor (basılı s.62) -> basamak 2.",M.8.1.2.2
941548,"Akdemir Kabalcı, Semanur",2025,Erciyes Üniversitesi,YL,2018,8,150,Kayseri,Üslü ifadeler,,Üslü ifadelerdeki işlem özelliklerinde zorlanma,Öğrenci üslü ifadelerle dört işlem yaparken işlemin çeşidini ve taban-üs aynı mı farklı mı olduğunu görmezden gelip öğrendiği ya da duyduğu tek bir kuralı her üslü ifadeye uyguluyor.,"Tabanları aynı olan iki üslü ifadeyi çarparken üslerin toplanması kuralını, tabanları farklı ifadelerde de uygulayıp hem tabanları hem üsleri çarpmışlardır; bölmede tabanları farklı iki ifadenin hem tabanlarını hem üslerini bölmüşlerdir.",,"Araştırmacı tarafından MEB 2018 öğretim programı, EBA ve 8. sınıf ders kitabı örnekleri temel alınarak geliştirilen “Kavram Yanılgısı Belirleme Ölçeği”; 8 üslü ifadeler + 9 kareköklü ifadeler sorusundan oluşan açık uçlu ölçek, öğrencilerden her soruda çözüm yolunu ve açıklamasını yazması istendi (amaç: yanlış yapan öğrencinin hangi yanılgıya düştüğünü belirlemek). 40 soruluk ilk sürüm 30 öğrencide pilot uygulandıktan sonra uzman görüşüyle kısaltıldı. Bir ders saati (40 dk) süre verildi. Analizde içerik analizi, SPSS ile madde analizi, açımlayıcı ve doğrulayıcı faktör analizi yapıldı. Çalışma grubu 150 öğrenci; analiz N'i üslü ölçekte 148, kareköklü ölçekte 135","Öğrencilerin hazırbulunuşluğu ölçülüp eksik ve yanılgıların önce giderilmesi; kural ve kısa yolları sözlü aktarmak yerine üslü ifadenin açınımından geriye dönerek sıfırıncı ve negatif üssün anlamını fark ettirme; parantez, mutlak değer ve üssün tek/çift olma kavramlarının vurgulanması; ölçmede açık uçlu soru tercih edilerek açıklamalardan yanılgı tespiti ve geri dönüt verilmesi; öğretmenlere kavram yanılgıları üzerine hizmet içi seminer",YOK,2,1,s. 58-59,"D6 BAĞIMSIZLIK UYARISI: parti-01'deki MAKALE:10.33400/kuje.1721508 (Sevgi, Sevim & Akdemir Kabalcı, Semanur; kareköklü, n=135) bu tezden türemiştir; tezin kareköklü ölçeğinde Analiz N=135 yazıyor (Tablo 11, basılı s.38) ve makalenin örneklemiyle birebir örtüşüyor. K4 gereği satırlar ayrı kalır, ancak K4 bağımsız çalışma sayımında ikisi TEK çalışma sayılmalıdır. K1: Tezdeki bütün yüzdeler SORU BAZINDA doğru/yanlış/boş dağılımıdır (Tablo 7 ve Tablo 11), yanılgı bazında oran değildir; bir sorunun yanlış yüzdesi birden çok yanılgı türüne dağılıyor ve tez bazı yanlış cevapları açıkça 'işlem hatası' diye ayırıyor. Tezde yanılgı başına oran verilmemiş -> gorulme_orani boş, K5 gereği guven=1. KAZANIM KODU NEDEN BOŞ: Tez kazanım kodlarını açıkça veriyor (Tablo 2, basılı s.28 ve 4.3/4.4'te her sorunun başında MEB 2018 sayfa atfıyla) ama SORU bazında, yanılgı bazında değil. Yanılgı-soru eşleşmesi Tablo 3 ve Tablo 4'tedir; bu iki tablo onay işareti (tik) tablosudur ve tikler grafik olduğu için metin katmanında çıkmıyor, yani KY-soru bağlantısı makineyle okunamadı. Bu yüzden kazanim_kodu boş, satır bazlı eşleşme çıkarım olarak lgs_kazanim_tahmini'ye yazıldı. YAPILABILIR İŞ: basılı s.28-29 bir PDF görüntüleyicide gözle okunursa bu sütun kaynağa dayalı doldurulabilir. ÖRNEKLEM: Çalışma grubu 150; analiz N'i üslü ölçekte 148, kareköklü ölçekte 135 (fark: soruyu boş bırakan/unutulan öğrenciler). Uygulama 2022-2023 ve 2023-2024 eğitim öğretim yıllarında Kayseri'ye bağlı üç ortaokulda yapıldı. D7: PDF'in metin katmanı bozuk (ş/Ş/İ harfleri hatalı kodlanmış); sayfa_anahtar_dogrula.py'nin norm() fonksiyonu bu eşlemeyi zaten içeriyor. Tezin KY6 kodu. LEMMA: Tez sebebi doğrudan kural ezberine bağlıyor — öğrenci 'öğrenmiş olduğu ya da duyduğu bir kuralı her üslü ifadede uygulayacağını düşünmüştür' -> basamak 2. Tez ayrıca 1, 2, 6 ve 7. sorularda öğrencilerin 'konuya ilk başladıklarında kuralı ezberlediklerini' yazdığını aktarıyor (s.59).",M.8.1.2.2
941548,"Akdemir Kabalcı, Semanur",2025,Erciyes Üniversitesi,YL,2018,8,150,Kayseri,Kareköklü ifadeler,,Kareköklü sayının sayı doğrusundaki yerini belirleyememe,Öğrenci kareköklü sayının büyüklüğünü ve sayı doğrusundaki yerini belirleyemiyor; kökü dikkate almadan kök içindeki doğal sayının yerini gösteriyor.,Öğrenciler kökü dikkate almadan kök içerisindeki doğal sayının sayı doğrusundaki yerini göstermiş; bazıları kök içindeki sayının hangi tam kare sayılar arasında olduğunu anladığı halde o tam kare sayıların karekökünü almadan cevaplamıştır.,,"Araştırmacı tarafından MEB 2018 öğretim programı, EBA ve 8. sınıf ders kitabı örnekleri temel alınarak geliştirilen “Kavram Yanılgısı Belirleme Ölçeği”; 8 üslü ifadeler + 9 kareköklü ifadeler sorusundan oluşan açık uçlu ölçek, öğrencilerden her soruda çözüm yolunu ve açıklamasını yazması istendi (amaç: yanlış yapan öğrencinin hangi yanılgıya düştüğünü belirlemek). 40 soruluk ilk sürüm 30 öğrencide pilot uygulandıktan sonra uzman görüşüyle kısaltıldı. Bir ders saati (40 dk) süre verildi. Analizde içerik analizi, SPSS ile madde analizi, açımlayıcı ve doğrulayıcı faktör analizi yapıldı. Çalışma grubu 150 öğrenci; analiz N'i üslü ölçekte 148, kareköklü ölçekte 135","Öğrencilerin hazırbulunuşluğu ölçülüp eksik ve yanılgıların önce giderilmesi; kural ve kısa yolları sözlü aktarmak yerine üslü ifadenin açınımından geriye dönerek sıfırıncı ve negatif üssün anlamını fark ettirme; parantez, mutlak değer ve üssün tek/çift olma kavramlarının vurgulanması; ölçmede açık uçlu soru tercih edilerek açıklamalardan yanılgı tespiti ve geri dönüt verilmesi; öğretmenlere kavram yanılgıları üzerine hizmet içi seminer",YOK,1,1,s. 59-60,"D6 BAĞIMSIZLIK UYARISI: parti-01'deki MAKALE:10.33400/kuje.1721508 (Sevgi, Sevim & Akdemir Kabalcı, Semanur; kareköklü, n=135) bu tezden türemiştir; tezin kareköklü ölçeğinde Analiz N=135 yazıyor (Tablo 11, basılı s.38) ve makalenin örneklemiyle birebir örtüşüyor. K4 gereği satırlar ayrı kalır, ancak K4 bağımsız çalışma sayımında ikisi TEK çalışma sayılmalıdır. K1: Tezdeki bütün yüzdeler SORU BAZINDA doğru/yanlış/boş dağılımıdır (Tablo 7 ve Tablo 11), yanılgı bazında oran değildir; bir sorunun yanlış yüzdesi birden çok yanılgı türüne dağılıyor ve tez bazı yanlış cevapları açıkça 'işlem hatası' diye ayırıyor. Tezde yanılgı başına oran verilmemiş -> gorulme_orani boş, K5 gereği guven=1. KAZANIM KODU NEDEN BOŞ: Tez kazanım kodlarını açıkça veriyor (Tablo 2, basılı s.28 ve 4.3/4.4'te her sorunun başında MEB 2018 sayfa atfıyla) ama SORU bazında, yanılgı bazında değil. Yanılgı-soru eşleşmesi Tablo 3 ve Tablo 4'tedir; bu iki tablo onay işareti (tik) tablosudur ve tikler grafik olduğu için metin katmanında çıkmıyor, yani KY-soru bağlantısı makineyle okunamadı. Bu yüzden kazanim_kodu boş, satır bazlı eşleşme çıkarım olarak lgs_kazanim_tahmini'ye yazıldı. YAPILABILIR İŞ: basılı s.28-29 bir PDF görüntüleyicide gözle okunursa bu sütun kaynağa dayalı doldurulabilir. ÖRNEKLEM: Çalışma grubu 150; analiz N'i üslü ölçekte 148, kareköklü ölçekte 135 (fark: soruyu boş bırakan/unutulan öğrenciler). Uygulama 2022-2023 ve 2023-2024 eğitim öğretim yıllarında Kayseri'ye bağlı üç ortaokulda yapıldı. D7: PDF'in metin katmanı bozuk (ş/Ş/İ harfleri hatalı kodlanmış); sayfa_anahtar_dogrula.py'nin norm() fonksiyonu bu eşlemeyi zaten içeriyor. Tezin kareköklü KY5 kodu (Tablo 6, basılı s.30).",M.8.1.3.2
941548,"Akdemir Kabalcı, Semanur",2025,Erciyes Üniversitesi,YL,2018,8,150,Kayseri,Kareköklü ifadeler,,Karekök ile mutlak değer ilişkisini kuramama,Öğrenci √(x²)=x eşitliğini her x sayısının sağladığını düşünüyor; karekök ile mutlak değer arasındaki ilişkiyi göremiyor.,Öğrenciler üslü ifadeler konusunda öğrendikleri bütün tam sayıların karesi pozitiftir kuralını kareköklü ifadelere yanlış genellemişlerdir.,,"Araştırmacı tarafından MEB 2018 öğretim programı, EBA ve 8. sınıf ders kitabı örnekleri temel alınarak geliştirilen “Kavram Yanılgısı Belirleme Ölçeği”; 8 üslü ifadeler + 9 kareköklü ifadeler sorusundan oluşan açık uçlu ölçek, öğrencilerden her soruda çözüm yolunu ve açıklamasını yazması istendi (amaç: yanlış yapan öğrencinin hangi yanılgıya düştüğünü belirlemek). 40 soruluk ilk sürüm 30 öğrencide pilot uygulandıktan sonra uzman görüşüyle kısaltıldı. Bir ders saati (40 dk) süre verildi. Analizde içerik analizi, SPSS ile madde analizi, açımlayıcı ve doğrulayıcı faktör analizi yapıldı. Çalışma grubu 150 öğrenci; analiz N'i üslü ölçekte 148, kareköklü ölçekte 135","Öğrencilerin hazırbulunuşluğu ölçülüp eksik ve yanılgıların önce giderilmesi; kural ve kısa yolları sözlü aktarmak yerine üslü ifadenin açınımından geriye dönerek sıfırıncı ve negatif üssün anlamını fark ettirme; parantez, mutlak değer ve üssün tek/çift olma kavramlarının vurgulanması; ölçmede açık uçlu soru tercih edilerek açıklamalardan yanılgı tespiti ve geri dönüt verilmesi; öğretmenlere kavram yanılgıları üzerine hizmet içi seminer",YOK,3,1,s. 60,"D6 BAĞIMSIZLIK UYARISI: parti-01'deki MAKALE:10.33400/kuje.1721508 (Sevgi, Sevim & Akdemir Kabalcı, Semanur; kareköklü, n=135) bu tezden türemiştir; tezin kareköklü ölçeğinde Analiz N=135 yazıyor (Tablo 11, basılı s.38) ve makalenin örneklemiyle birebir örtüşüyor. K4 gereği satırlar ayrı kalır, ancak K4 bağımsız çalışma sayımında ikisi TEK çalışma sayılmalıdır. K1: Tezdeki bütün yüzdeler SORU BAZINDA doğru/yanlış/boş dağılımıdır (Tablo 7 ve Tablo 11), yanılgı bazında oran değildir; bir sorunun yanlış yüzdesi birden çok yanılgı türüne dağılıyor ve tez bazı yanlış cevapları açıkça 'işlem hatası' diye ayırıyor. Tezde yanılgı başına oran verilmemiş -> gorulme_orani boş, K5 gereği guven=1. KAZANIM KODU NEDEN BOŞ: Tez kazanım kodlarını açıkça veriyor (Tablo 2, basılı s.28 ve 4.3/4.4'te her sorunun başında MEB 2018 sayfa atfıyla) ama SORU bazında, yanılgı bazında değil. Yanılgı-soru eşleşmesi Tablo 3 ve Tablo 4'tedir; bu iki tablo onay işareti (tik) tablosudur ve tikler grafik olduğu için metin katmanında çıkmıyor, yani KY-soru bağlantısı makineyle okunamadı. Bu yüzden kazanim_kodu boş, satır bazlı eşleşme çıkarım olarak lgs_kazanim_tahmini'ye yazıldı. YAPILABILIR İŞ: basılı s.28-29 bir PDF görüntüleyicide gözle okunursa bu sütun kaynağa dayalı doldurulabilir. ÖRNEKLEM: Çalışma grubu 150; analiz N'i üslü ölçekte 148, kareköklü ölçekte 135 (fark: soruyu boş bırakan/unutulan öğrenciler). Uygulama 2022-2023 ve 2023-2024 eğitim öğretim yıllarında Kayseri'ye bağlı üç ortaokulda yapıldı. D7: PDF'in metin katmanı bozuk (ş/Ş/İ harfleri hatalı kodlanmış); sayfa_anahtar_dogrula.py'nin norm() fonksiyonu bu eşlemeyi zaten içeriyor. Tezin kareköklü KY3 kodu. LEMMA: Tez sebebi doğrudan bir ALT KONUNUN (üslü ifadeler ve mutlak değer) oturmamasına bağlıyor — 'karekök ile mutlak değer arasındaki ilişkiyi görememelerinden kavram yanılgısı oluşmaktadır' -> basamak 3.",M.8.1.3.1
941548,"Akdemir Kabalcı, Semanur",2025,Erciyes Üniversitesi,YL,2018,8,150,Kayseri,Kareköklü ifadeler,,Karenin karekökü ile karekökün karesini aynı sanma,Öğrenci herhangi bir sayının karesinin karekökü ile karekökünün karesi alındığında aynı sonucun çıkacağını düşünüyor; negatif bir tam sayının karekök içerisinde olamayacağını bilmiyor.,Öğrenciler negatif bir tam sayının karekök içerisinde olamayacağını bilmedikleri ve mutlak değer konusu ile karekök arasında bağlantı kuramadıkları için bu yanılgıyı yaşamışlardır.,,"Araştırmacı tarafından MEB 2018 öğretim programı, EBA ve 8. sınıf ders kitabı örnekleri temel alınarak geliştirilen “Kavram Yanılgısı Belirleme Ölçeği”; 8 üslü ifadeler + 9 kareköklü ifadeler sorusundan oluşan açık uçlu ölçek, öğrencilerden her soruda çözüm yolunu ve açıklamasını yazması istendi (amaç: yanlış yapan öğrencinin hangi yanılgıya düştüğünü belirlemek). 40 soruluk ilk sürüm 30 öğrencide pilot uygulandıktan sonra uzman görüşüyle kısaltıldı. Bir ders saati (40 dk) süre verildi. Analizde içerik analizi, SPSS ile madde analizi, açımlayıcı ve doğrulayıcı faktör analizi yapıldı. Çalışma grubu 150 öğrenci; analiz N'i üslü ölçekte 148, kareköklü ölçekte 135","Öğrencilerin hazırbulunuşluğu ölçülüp eksik ve yanılgıların önce giderilmesi; kural ve kısa yolları sözlü aktarmak yerine üslü ifadenin açınımından geriye dönerek sıfırıncı ve negatif üssün anlamını fark ettirme; parantez, mutlak değer ve üssün tek/çift olma kavramlarının vurgulanması; ölçmede açık uçlu soru tercih edilerek açıklamalardan yanılgı tespiti ve geri dönüt verilmesi; öğretmenlere kavram yanılgıları üzerine hizmet içi seminer",YOK,3,1,s. 60,"D6 BAĞIMSIZLIK UYARISI: parti-01'deki MAKALE:10.33400/kuje.1721508 (Sevgi, Sevim & Akdemir Kabalcı, Semanur; kareköklü, n=135) bu tezden türemiştir; tezin kareköklü ölçeğinde Analiz N=135 yazıyor (Tablo 11, basılı s.38) ve makalenin örneklemiyle birebir örtüşüyor. K4 gereği satırlar ayrı kalır, ancak K4 bağımsız çalışma sayımında ikisi TEK çalışma sayılmalıdır. K1: Tezdeki bütün yüzdeler SORU BAZINDA doğru/yanlış/boş dağılımıdır (Tablo 7 ve Tablo 11), yanılgı bazında oran değildir; bir sorunun yanlış yüzdesi birden çok yanılgı türüne dağılıyor ve tez bazı yanlış cevapları açıkça 'işlem hatası' diye ayırıyor. Tezde yanılgı başına oran verilmemiş -> gorulme_orani boş, K5 gereği guven=1. KAZANIM KODU NEDEN BOŞ: Tez kazanım kodlarını açıkça veriyor (Tablo 2, basılı s.28 ve 4.3/4.4'te her sorunun başında MEB 2018 sayfa atfıyla) ama SORU bazında, yanılgı bazında değil. Yanılgı-soru eşleşmesi Tablo 3 ve Tablo 4'tedir; bu iki tablo onay işareti (tik) tablosudur ve tikler grafik olduğu için metin katmanında çıkmıyor, yani KY-soru bağlantısı makineyle okunamadı. Bu yüzden kazanim_kodu boş, satır bazlı eşleşme çıkarım olarak lgs_kazanim_tahmini'ye yazıldı. YAPILABILIR İŞ: basılı s.28-29 bir PDF görüntüleyicide gözle okunursa bu sütun kaynağa dayalı doldurulabilir. ÖRNEKLEM: Çalışma grubu 150; analiz N'i üslü ölçekte 148, kareköklü ölçekte 135 (fark: soruyu boş bırakan/unutulan öğrenciler). Uygulama 2022-2023 ve 2023-2024 eğitim öğretim yıllarında Kayseri'ye bağlı üç ortaokulda yapıldı. D7: PDF'in metin katmanı bozuk (ş/Ş/İ harfleri hatalı kodlanmış); sayfa_anahtar_dogrula.py'nin norm() fonksiyonu bu eşlemeyi zaten içeriyor. Tezin kareköklü KY4 kodu. LEMMA: Tez sebebi mutlak değer bağlantısının kurulamamasına bağlıyor -> basamak 3.",M.8.1.3.1
941548,"Akdemir Kabalcı, Semanur",2025,Erciyes Üniversitesi,YL,2018,8,150,Kayseri,Kareköklü ifadeler,,Üslü sayının karekökünde üssün karekökünü alma,Öğrenci üslü bir sayının karekökü alınırken üssün karekökünün alınacağını düşünüyor; kök içindeki üslü ifadeyi kök dışına çıkarırken üssün karekökünü alarak çıkarıyor.,Öğrenciler üslü ifadelerden kareköklü ifadelere geçişte bağlantı kuramadıklarında kök içerisinde üslü ifade gördüklerinde kök dışına çıkarırken üssün karekökünü alarak çıkarmışlardır.,,"Araştırmacı tarafından MEB 2018 öğretim programı, EBA ve 8. sınıf ders kitabı örnekleri temel alınarak geliştirilen “Kavram Yanılgısı Belirleme Ölçeği”; 8 üslü ifadeler + 9 kareköklü ifadeler sorusundan oluşan açık uçlu ölçek, öğrencilerden her soruda çözüm yolunu ve açıklamasını yazması istendi (amaç: yanlış yapan öğrencinin hangi yanılgıya düştüğünü belirlemek). 40 soruluk ilk sürüm 30 öğrencide pilot uygulandıktan sonra uzman görüşüyle kısaltıldı. Bir ders saati (40 dk) süre verildi. Analizde içerik analizi, SPSS ile madde analizi, açımlayıcı ve doğrulayıcı faktör analizi yapıldı. Çalışma grubu 150 öğrenci; analiz N'i üslü ölçekte 148, kareköklü ölçekte 135","Öğrencilerin hazırbulunuşluğu ölçülüp eksik ve yanılgıların önce giderilmesi; kural ve kısa yolları sözlü aktarmak yerine üslü ifadenin açınımından geriye dönerek sıfırıncı ve negatif üssün anlamını fark ettirme; parantez, mutlak değer ve üssün tek/çift olma kavramlarının vurgulanması; ölçmede açık uçlu soru tercih edilerek açıklamalardan yanılgı tespiti ve geri dönüt verilmesi; öğretmenlere kavram yanılgıları üzerine hizmet içi seminer",YOK,3,1,s. 60,"D6 BAĞIMSIZLIK UYARISI: parti-01'deki MAKALE:10.33400/kuje.1721508 (Sevgi, Sevim & Akdemir Kabalcı, Semanur; kareköklü, n=135) bu tezden türemiştir; tezin kareköklü ölçeğinde Analiz N=135 yazıyor (Tablo 11, basılı s.38) ve makalenin örneklemiyle birebir örtüşüyor. K4 gereği satırlar ayrı kalır, ancak K4 bağımsız çalışma sayımında ikisi TEK çalışma sayılmalıdır. K1: Tezdeki bütün yüzdeler SORU BAZINDA doğru/yanlış/boş dağılımıdır (Tablo 7 ve Tablo 11), yanılgı bazında oran değildir; bir sorunun yanlış yüzdesi birden çok yanılgı türüne dağılıyor ve tez bazı yanlış cevapları açıkça 'işlem hatası' diye ayırıyor. Tezde yanılgı başına oran verilmemiş -> gorulme_orani boş, K5 gereği guven=1. KAZANIM KODU NEDEN BOŞ: Tez kazanım kodlarını açıkça veriyor (Tablo 2, basılı s.28 ve 4.3/4.4'te her sorunun başında MEB 2018 sayfa atfıyla) ama SORU bazında, yanılgı bazında değil. Yanılgı-soru eşleşmesi Tablo 3 ve Tablo 4'tedir; bu iki tablo onay işareti (tik) tablosudur ve tikler grafik olduğu için metin katmanında çıkmıyor, yani KY-soru bağlantısı makineyle okunamadı. Bu yüzden kazanim_kodu boş, satır bazlı eşleşme çıkarım olarak lgs_kazanim_tahmini'ye yazıldı. YAPILABILIR İŞ: basılı s.28-29 bir PDF görüntüleyicide gözle okunursa bu sütun kaynağa dayalı doldurulabilir. ÖRNEKLEM: Çalışma grubu 150; analiz N'i üslü ölçekte 148, kareköklü ölçekte 135 (fark: soruyu boş bırakan/unutulan öğrenciler). Uygulama 2022-2023 ve 2023-2024 eğitim öğretim yıllarında Kayseri'ye bağlı üç ortaokulda yapıldı. D7: PDF'in metin katmanı bozuk (ş/Ş/İ harfleri hatalı kodlanmış); sayfa_anahtar_dogrula.py'nin norm() fonksiyonu bu eşlemeyi zaten içeriyor. Tezin kareköklü KY1 kodu. LEMMA: Tez sebebi açıkça 'üslü ifadelerden kareköklü ifadelere geçişte bağlantı kuramama' diyor, yani bir alt kazanım oturmadan üste geçilmesi -> basamak 3.",M.8.1.3.1
941548,"Akdemir Kabalcı, Semanur",2025,Erciyes Üniversitesi,YL,2018,8,150,Kayseri,Kareköklü ifadeler,,Karekök çarpımını ayrı ayrı köke dağıtma,Öğrenci her x ve y gerçek sayıları için karekök çarpımı eşitliği sağlanır diye düşünüyor; tez bu kavram yanılgısını yaşama sebepleri arasında kök içerisinin negatif olamayacağını göz ardı etmelerini gösteriyor.,"Öğrenciler bu kavram yanılgısını, kök içerisinin negatif olamayacağını göz ardı etmeleri sebebiyle yaşamışlardır.",,"Araştırmacı tarafından MEB 2018 öğretim programı, EBA ve 8. sınıf ders kitabı örnekleri temel alınarak geliştirilen “Kavram Yanılgısı Belirleme Ölçeği”; 8 üslü ifadeler + 9 kareköklü ifadeler sorusundan oluşan açık uçlu ölçek, öğrencilerden her soruda çözüm yolunu ve açıklamasını yazması istendi (amaç: yanlış yapan öğrencinin hangi yanılgıya düştüğünü belirlemek). 40 soruluk ilk sürüm 30 öğrencide pilot uygulandıktan sonra uzman görüşüyle kısaltıldı. Bir ders saati (40 dk) süre verildi. Analizde içerik analizi, SPSS ile madde analizi, açımlayıcı ve doğrulayıcı faktör analizi yapıldı. Çalışma grubu 150 öğrenci; analiz N'i üslü ölçekte 148, kareköklü ölçekte 135","Öğrencilerin hazırbulunuşluğu ölçülüp eksik ve yanılgıların önce giderilmesi; kural ve kısa yolları sözlü aktarmak yerine üslü ifadenin açınımından geriye dönerek sıfırıncı ve negatif üssün anlamını fark ettirme; parantez, mutlak değer ve üssün tek/çift olma kavramlarının vurgulanması; ölçmede açık uçlu soru tercih edilerek açıklamalardan yanılgı tespiti ve geri dönüt verilmesi; öğretmenlere kavram yanılgıları üzerine hizmet içi seminer",YOK,1,1,s. 60,"D6 BAĞIMSIZLIK UYARISI: parti-01'deki MAKALE:10.33400/kuje.1721508 (Sevgi, Sevim & Akdemir Kabalcı, Semanur; kareköklü, n=135) bu tezden türemiştir; tezin kareköklü ölçeğinde Analiz N=135 yazıyor (Tablo 11, basılı s.38) ve makalenin örneklemiyle birebir örtüşüyor. K4 gereği satırlar ayrı kalır, ancak K4 bağımsız çalışma sayımında ikisi TEK çalışma sayılmalıdır. K1: Tezdeki bütün yüzdeler SORU BAZINDA doğru/yanlış/boş dağılımıdır (Tablo 7 ve Tablo 11), yanılgı bazında oran değildir; bir sorunun yanlış yüzdesi birden çok yanılgı türüne dağılıyor ve tez bazı yanlış cevapları açıkça 'işlem hatası' diye ayırıyor. Tezde yanılgı başına oran verilmemiş -> gorulme_orani boş, K5 gereği guven=1. KAZANIM KODU NEDEN BOŞ: Tez kazanım kodlarını açıkça veriyor (Tablo 2, basılı s.28 ve 4.3/4.4'te her sorunun başında MEB 2018 sayfa atfıyla) ama SORU bazında, yanılgı bazında değil. Yanılgı-soru eşleşmesi Tablo 3 ve Tablo 4'tedir; bu iki tablo onay işareti (tik) tablosudur ve tikler grafik olduğu için metin katmanında çıkmıyor, yani KY-soru bağlantısı makineyle okunamadı. Bu yüzden kazanim_kodu boş, satır bazlı eşleşme çıkarım olarak lgs_kazanim_tahmini'ye yazıldı. YAPILABILIR İŞ: basılı s.28-29 bir PDF görüntüleyicide gözle okunursa bu sütun kaynağa dayalı doldurulabilir. ÖRNEKLEM: Çalışma grubu 150; analiz N'i üslü ölçekte 148, kareköklü ölçekte 135 (fark: soruyu boş bırakan/unutulan öğrenciler). Uygulama 2022-2023 ve 2023-2024 eğitim öğretim yıllarında Kayseri'ye bağlı üç ortaokulda yapıldı. D7: PDF'in metin katmanı bozuk (ş/Ş/İ harfleri hatalı kodlanmış); sayfa_anahtar_dogrula.py'nin norm() fonksiyonu bu eşlemeyi zaten içeriyor. Tezin kareköklü KY8 kodu.",M.8.1.3.4
941548,"Akdemir Kabalcı, Semanur",2025,Erciyes Üniversitesi,YL,2018,8,150,Kayseri,Kareköklü ifadeler,,Kök içindeki kareli terimleri ayrı ayrı dışarı çıkarma,"Öğrenci √(x²+y²) ifadesinde kök içerisindeki kareli ifadeleri ayrı ayrı kök dışına çıkarıp topluyor; iki sayının karelerinin toplamını, o iki sayının toplamının karesi sanıyor.",Öğrenciler kök içerisinde kareleri alınmış iki sayının toplamını gördüklerinde sanki o iki sayının kareleri alınmadan önceki hallerini toplayıp karelerinin alındığını düşünerek kök dışına o iki sayının toplamı olarak çıkarmışlardır.,,"Araştırmacı tarafından MEB 2018 öğretim programı, EBA ve 8. sınıf ders kitabı örnekleri temel alınarak geliştirilen “Kavram Yanılgısı Belirleme Ölçeği”; 8 üslü ifadeler + 9 kareköklü ifadeler sorusundan oluşan açık uçlu ölçek, öğrencilerden her soruda çözüm yolunu ve açıklamasını yazması istendi (amaç: yanlış yapan öğrencinin hangi yanılgıya düştüğünü belirlemek). 40 soruluk ilk sürüm 30 öğrencide pilot uygulandıktan sonra uzman görüşüyle kısaltıldı. Bir ders saati (40 dk) süre verildi. Analizde içerik analizi, SPSS ile madde analizi, açımlayıcı ve doğrulayıcı faktör analizi yapıldı. Çalışma grubu 150 öğrenci; analiz N'i üslü ölçekte 148, kareköklü ölçekte 135","Öğrencilerin hazırbulunuşluğu ölçülüp eksik ve yanılgıların önce giderilmesi; kural ve kısa yolları sözlü aktarmak yerine üslü ifadenin açınımından geriye dönerek sıfırıncı ve negatif üssün anlamını fark ettirme; parantez, mutlak değer ve üssün tek/çift olma kavramlarının vurgulanması; ölçmede açık uçlu soru tercih edilerek açıklamalardan yanılgı tespiti ve geri dönüt verilmesi; öğretmenlere kavram yanılgıları üzerine hizmet içi seminer",YOK,1,1,s. 60,"D6 BAĞIMSIZLIK UYARISI: parti-01'deki MAKALE:10.33400/kuje.1721508 (Sevgi, Sevim & Akdemir Kabalcı, Semanur; kareköklü, n=135) bu tezden türemiştir; tezin kareköklü ölçeğinde Analiz N=135 yazıyor (Tablo 11, basılı s.38) ve makalenin örneklemiyle birebir örtüşüyor. K4 gereği satırlar ayrı kalır, ancak K4 bağımsız çalışma sayımında ikisi TEK çalışma sayılmalıdır. K1: Tezdeki bütün yüzdeler SORU BAZINDA doğru/yanlış/boş dağılımıdır (Tablo 7 ve Tablo 11), yanılgı bazında oran değildir; bir sorunun yanlış yüzdesi birden çok yanılgı türüne dağılıyor ve tez bazı yanlış cevapları açıkça 'işlem hatası' diye ayırıyor. Tezde yanılgı başına oran verilmemiş -> gorulme_orani boş, K5 gereği guven=1. KAZANIM KODU NEDEN BOŞ: Tez kazanım kodlarını açıkça veriyor (Tablo 2, basılı s.28 ve 4.3/4.4'te her sorunun başında MEB 2018 sayfa atfıyla) ama SORU bazında, yanılgı bazında değil. Yanılgı-soru eşleşmesi Tablo 3 ve Tablo 4'tedir; bu iki tablo onay işareti (tik) tablosudur ve tikler grafik olduğu için metin katmanında çıkmıyor, yani KY-soru bağlantısı makineyle okunamadı. Bu yüzden kazanim_kodu boş, satır bazlı eşleşme çıkarım olarak lgs_kazanim_tahmini'ye yazıldı. YAPILABILIR İŞ: basılı s.28-29 bir PDF görüntüleyicide gözle okunursa bu sütun kaynağa dayalı doldurulabilir. ÖRNEKLEM: Çalışma grubu 150; analiz N'i üslü ölçekte 148, kareköklü ölçekte 135 (fark: soruyu boş bırakan/unutulan öğrenciler). Uygulama 2022-2023 ve 2023-2024 eğitim öğretim yıllarında Kayseri'ye bağlı üç ortaokulda yapıldı. D7: PDF'in metin katmanı bozuk (ş/Ş/İ harfleri hatalı kodlanmış); sayfa_anahtar_dogrula.py'nin norm() fonksiyonu bu eşlemeyi zaten içeriyor. Tezin kareköklü KY9 kodu. Tez ayrıca bu soruda bazı öğrencilerin işlem hatası yaptığını belirtiyor; o cevaplar K2 gereği bu satırın kapsamı dışındadır.",M.8.1.3.5
941548,"Akdemir Kabalcı, Semanur",2025,Erciyes Üniversitesi,YL,2018,8,150,Kayseri,Kareköklü ifadeler,,Kök içindeki toplamı ayrı ayrı köke alma,Öğrenci √(x+y) ifadesinde sayıları ayrı ayrı kök içine alıp işlem yapılacağını düşünüyor; kök içindeki tam kareleri ayrı ayrı kökten çıkarıp topluyor ya da çıkarıyor.,Öğrenciler kök içerisinde tam kare sayıların toplamını gördüğünde o tam kareleri ayrı ayrı kök içerisinde yazıp o şekilde kökten çıkararak toplama ya da çıkarma işlemlerini yapmışlardır.,,"Araştırmacı tarafından MEB 2018 öğretim programı, EBA ve 8. sınıf ders kitabı örnekleri temel alınarak geliştirilen “Kavram Yanılgısı Belirleme Ölçeği”; 8 üslü ifadeler + 9 kareköklü ifadeler sorusundan oluşan açık uçlu ölçek, öğrencilerden her soruda çözüm yolunu ve açıklamasını yazması istendi (amaç: yanlış yapan öğrencinin hangi yanılgıya düştüğünü belirlemek). 40 soruluk ilk sürüm 30 öğrencide pilot uygulandıktan sonra uzman görüşüyle kısaltıldı. Bir ders saati (40 dk) süre verildi. Analizde içerik analizi, SPSS ile madde analizi, açımlayıcı ve doğrulayıcı faktör analizi yapıldı. Çalışma grubu 150 öğrenci; analiz N'i üslü ölçekte 148, kareköklü ölçekte 135","Öğrencilerin hazırbulunuşluğu ölçülüp eksik ve yanılgıların önce giderilmesi; kural ve kısa yolları sözlü aktarmak yerine üslü ifadenin açınımından geriye dönerek sıfırıncı ve negatif üssün anlamını fark ettirme; parantez, mutlak değer ve üssün tek/çift olma kavramlarının vurgulanması; ölçmede açık uçlu soru tercih edilerek açıklamalardan yanılgı tespiti ve geri dönüt verilmesi; öğretmenlere kavram yanılgıları üzerine hizmet içi seminer",YOK,1,1,s. 60-61,"D6 BAĞIMSIZLIK UYARISI: parti-01'deki MAKALE:10.33400/kuje.1721508 (Sevgi, Sevim & Akdemir Kabalcı, Semanur; kareköklü, n=135) bu tezden türemiştir; tezin kareköklü ölçeğinde Analiz N=135 yazıyor (Tablo 11, basılı s.38) ve makalenin örneklemiyle birebir örtüşüyor. K4 gereği satırlar ayrı kalır, ancak K4 bağımsız çalışma sayımında ikisi TEK çalışma sayılmalıdır. K1: Tezdeki bütün yüzdeler SORU BAZINDA doğru/yanlış/boş dağılımıdır (Tablo 7 ve Tablo 11), yanılgı bazında oran değildir; bir sorunun yanlış yüzdesi birden çok yanılgı türüne dağılıyor ve tez bazı yanlış cevapları açıkça 'işlem hatası' diye ayırıyor. Tezde yanılgı başına oran verilmemiş -> gorulme_orani boş, K5 gereği guven=1. KAZANIM KODU NEDEN BOŞ: Tez kazanım kodlarını açıkça veriyor (Tablo 2, basılı s.28 ve 4.3/4.4'te her sorunun başında MEB 2018 sayfa atfıyla) ama SORU bazında, yanılgı bazında değil. Yanılgı-soru eşleşmesi Tablo 3 ve Tablo 4'tedir; bu iki tablo onay işareti (tik) tablosudur ve tikler grafik olduğu için metin katmanında çıkmıyor, yani KY-soru bağlantısı makineyle okunamadı. Bu yüzden kazanim_kodu boş, satır bazlı eşleşme çıkarım olarak lgs_kazanim_tahmini'ye yazıldı. YAPILABILIR İŞ: basılı s.28-29 bir PDF görüntüleyicide gözle okunursa bu sütun kaynağa dayalı doldurulabilir. ÖRNEKLEM: Çalışma grubu 150; analiz N'i üslü ölçekte 148, kareköklü ölçekte 135 (fark: soruyu boş bırakan/unutulan öğrenciler). Uygulama 2022-2023 ve 2023-2024 eğitim öğretim yıllarında Kayseri'ye bağlı üç ortaokulda yapıldı. D7: PDF'in metin katmanı bozuk (ş/Ş/İ harfleri hatalı kodlanmış); sayfa_anahtar_dogrula.py'nin norm() fonksiyonu bu eşlemeyi zaten içeriyor. Tezin kareköklü KY6 kodu.",M.8.1.3.5
941548,"Akdemir Kabalcı, Semanur",2025,Erciyes Üniversitesi,YL,2018,8,150,Kayseri,Kareköklü ifadeler,,Kareköklülerde toplama çıkarmayı doğal sayı gibi yapma,Öğrenci kök içleri farklı kareköklü ifadeleri toplarken doğal sayılardaki toplama ve çıkarma adımlarını buraya genelliyor; sayıları aynı kök içinde toplayıp sonra kök dışına çıkarıyor.,"Kök içleri farklı olduğunda öğrenciler doğal sayılarda toplama ve çıkarma işlemi adımlarını buraya yanlış genellemiş, aynı kök içinde toplayarak kök dışına daha sonra çıkarmışlardır.",,"Araştırmacı tarafından MEB 2018 öğretim programı, EBA ve 8. sınıf ders kitabı örnekleri temel alınarak geliştirilen “Kavram Yanılgısı Belirleme Ölçeği”; 8 üslü ifadeler + 9 kareköklü ifadeler sorusundan oluşan açık uçlu ölçek, öğrencilerden her soruda çözüm yolunu ve açıklamasını yazması istendi (amaç: yanlış yapan öğrencinin hangi yanılgıya düştüğünü belirlemek). 40 soruluk ilk sürüm 30 öğrencide pilot uygulandıktan sonra uzman görüşüyle kısaltıldı. Bir ders saati (40 dk) süre verildi. Analizde içerik analizi, SPSS ile madde analizi, açımlayıcı ve doğrulayıcı faktör analizi yapıldı. Çalışma grubu 150 öğrenci; analiz N'i üslü ölçekte 148, kareköklü ölçekte 135","Öğrencilerin hazırbulunuşluğu ölçülüp eksik ve yanılgıların önce giderilmesi; kural ve kısa yolları sözlü aktarmak yerine üslü ifadenin açınımından geriye dönerek sıfırıncı ve negatif üssün anlamını fark ettirme; parantez, mutlak değer ve üssün tek/çift olma kavramlarının vurgulanması; ölçmede açık uçlu soru tercih edilerek açıklamalardan yanılgı tespiti ve geri dönüt verilmesi; öğretmenlere kavram yanılgıları üzerine hizmet içi seminer",YOK,3,1,s. 61,"D6 BAĞIMSIZLIK UYARISI: parti-01'deki MAKALE:10.33400/kuje.1721508 (Sevgi, Sevim & Akdemir Kabalcı, Semanur; kareköklü, n=135) bu tezden türemiştir; tezin kareköklü ölçeğinde Analiz N=135 yazıyor (Tablo 11, basılı s.38) ve makalenin örneklemiyle birebir örtüşüyor. K4 gereği satırlar ayrı kalır, ancak K4 bağımsız çalışma sayımında ikisi TEK çalışma sayılmalıdır. K1: Tezdeki bütün yüzdeler SORU BAZINDA doğru/yanlış/boş dağılımıdır (Tablo 7 ve Tablo 11), yanılgı bazında oran değildir; bir sorunun yanlış yüzdesi birden çok yanılgı türüne dağılıyor ve tez bazı yanlış cevapları açıkça 'işlem hatası' diye ayırıyor. Tezde yanılgı başına oran verilmemiş -> gorulme_orani boş, K5 gereği guven=1. KAZANIM KODU NEDEN BOŞ: Tez kazanım kodlarını açıkça veriyor (Tablo 2, basılı s.28 ve 4.3/4.4'te her sorunun başında MEB 2018 sayfa atfıyla) ama SORU bazında, yanılgı bazında değil. Yanılgı-soru eşleşmesi Tablo 3 ve Tablo 4'tedir; bu iki tablo onay işareti (tik) tablosudur ve tikler grafik olduğu için metin katmanında çıkmıyor, yani KY-soru bağlantısı makineyle okunamadı. Bu yüzden kazanim_kodu boş, satır bazlı eşleşme çıkarım olarak lgs_kazanim_tahmini'ye yazıldı. YAPILABILIR İŞ: basılı s.28-29 bir PDF görüntüleyicide gözle okunursa bu sütun kaynağa dayalı doldurulabilir. ÖRNEKLEM: Çalışma grubu 150; analiz N'i üslü ölçekte 148, kareköklü ölçekte 135 (fark: soruyu boş bırakan/unutulan öğrenciler). Uygulama 2022-2023 ve 2023-2024 eğitim öğretim yıllarında Kayseri'ye bağlı üç ortaokulda yapıldı. D7: PDF'in metin katmanı bozuk (ş/Ş/İ harfleri hatalı kodlanmış); sayfa_anahtar_dogrula.py'nin norm() fonksiyonu bu eşlemeyi zaten içeriyor. Tezin kareköklü KY2 kodu. LEMMA: Tez sebebi doğal sayılardaki işlem adımlarının yanlış genellenmesine, yani bir alt konunun kuralının yerleşik kalmasına bağlıyor -> basamak 3.",M.8.1.3.5
941548,"Akdemir Kabalcı, Semanur",2025,Erciyes Üniversitesi,YL,2018,8,150,Kayseri,Kareköklü ifadeler,,Kareköklülerde çarpma bölmeyi doğal sayı gibi yapma,Öğrenci kareköklü ifadelerde çarpma ve bölme yaparken doğal sayılardaki işlem adımlarını buraya genelliyor; köklü ifadeyi görmezden gelip sadece katsayılarla işlem yapıyor.,"Öğrenciler kareköklü ifadelerde işlem yaparken doğal sayılardaki işlem adımlarını buraya yanlış genellemiş, köklü ifadeyi görmezden gelerek sadece köklü ifadelerin katsayıları ile işlem yapmışlardır.",,"Araştırmacı tarafından MEB 2018 öğretim programı, EBA ve 8. sınıf ders kitabı örnekleri temel alınarak geliştirilen “Kavram Yanılgısı Belirleme Ölçeği”; 8 üslü ifadeler + 9 kareköklü ifadeler sorusundan oluşan açık uçlu ölçek, öğrencilerden her soruda çözüm yolunu ve açıklamasını yazması istendi (amaç: yanlış yapan öğrencinin hangi yanılgıya düştüğünü belirlemek). 40 soruluk ilk sürüm 30 öğrencide pilot uygulandıktan sonra uzman görüşüyle kısaltıldı. Bir ders saati (40 dk) süre verildi. Analizde içerik analizi, SPSS ile madde analizi, açımlayıcı ve doğrulayıcı faktör analizi yapıldı. Çalışma grubu 150 öğrenci; analiz N'i üslü ölçekte 148, kareköklü ölçekte 135","Öğrencilerin hazırbulunuşluğu ölçülüp eksik ve yanılgıların önce giderilmesi; kural ve kısa yolları sözlü aktarmak yerine üslü ifadenin açınımından geriye dönerek sıfırıncı ve negatif üssün anlamını fark ettirme; parantez, mutlak değer ve üssün tek/çift olma kavramlarının vurgulanması; ölçmede açık uçlu soru tercih edilerek açıklamalardan yanılgı tespiti ve geri dönüt verilmesi; öğretmenlere kavram yanılgıları üzerine hizmet içi seminer",YOK,3,1,s. 61,"D6 BAĞIMSIZLIK UYARISI: parti-01'deki MAKALE:10.33400/kuje.1721508 (Sevgi, Sevim & Akdemir Kabalcı, Semanur; kareköklü, n=135) bu tezden türemiştir; tezin kareköklü ölçeğinde Analiz N=135 yazıyor (Tablo 11, basılı s.38) ve makalenin örneklemiyle birebir örtüşüyor. K4 gereği satırlar ayrı kalır, ancak K4 bağımsız çalışma sayımında ikisi TEK çalışma sayılmalıdır. K1: Tezdeki bütün yüzdeler SORU BAZINDA doğru/yanlış/boş dağılımıdır (Tablo 7 ve Tablo 11), yanılgı bazında oran değildir; bir sorunun yanlış yüzdesi birden çok yanılgı türüne dağılıyor ve tez bazı yanlış cevapları açıkça 'işlem hatası' diye ayırıyor. Tezde yanılgı başına oran verilmemiş -> gorulme_orani boş, K5 gereği guven=1. KAZANIM KODU NEDEN BOŞ: Tez kazanım kodlarını açıkça veriyor (Tablo 2, basılı s.28 ve 4.3/4.4'te her sorunun başında MEB 2018 sayfa atfıyla) ama SORU bazında, yanılgı bazında değil. Yanılgı-soru eşleşmesi Tablo 3 ve Tablo 4'tedir; bu iki tablo onay işareti (tik) tablosudur ve tikler grafik olduğu için metin katmanında çıkmıyor, yani KY-soru bağlantısı makineyle okunamadı. Bu yüzden kazanim_kodu boş, satır bazlı eşleşme çıkarım olarak lgs_kazanim_tahmini'ye yazıldı. YAPILABILIR İŞ: basılı s.28-29 bir PDF görüntüleyicide gözle okunursa bu sütun kaynağa dayalı doldurulabilir. ÖRNEKLEM: Çalışma grubu 150; analiz N'i üslü ölçekte 148, kareköklü ölçekte 135 (fark: soruyu boş bırakan/unutulan öğrenciler). Uygulama 2022-2023 ve 2023-2024 eğitim öğretim yıllarında Kayseri'ye bağlı üç ortaokulda yapıldı. D7: PDF'in metin katmanı bozuk (ş/Ş/İ harfleri hatalı kodlanmış); sayfa_anahtar_dogrula.py'nin norm() fonksiyonu bu eşlemeyi zaten içeriyor. Tezin kareköklü KY7 kodu. LEMMA: Doğal sayı işlem kuralının yanlış genellenmesi -> basamak 3.",M.8.1.3.4
252911,"Dereli, Ayşe",2009,Eskişehir Osmangazi Üniversitesi,YL,2005,8,349,Manisa (Alaşehir),DİĞER: Olasılık çeşitleri (deneysel/teorik/öznel),,Öznel olasılığı deneysel olasılık sanma,Öğrenci kişiden kişiye değişen bir durumu öznel olasılık yerine deneysel olasılık sayıyor; soruda yüzde verilmesini deney yapıldığının kanıtı olarak okuyor.,Elektrik kesilme olasılığı sorusuna “deneysel olasılık” cevabı; görüşmede öğrenci “olasılığın yüzdesi verildiğinden 100 kere deney yapıldığını” belirtiyor.,,"Araştırmacı tarafından geliştirilen 25 açık uçlu sorudan oluşan veri toplama aracı (7 matematik öğretmeniyle nitel görüşmeyle oluşturuldu, 3 uzman görüşü alındı, 31 öğrencide pilot uygulandı); her kâğıt 5 kademeli rubriğe göre (0 boş / 1 kavram hatası / 2 kavram yanılgısı / 3 işlem hatası / 4 doğru) iki matematik öğretmenince puanlandı, Miles ve Huberman (1994) formülüyle güvenirlik katsayısı 0,83; ayrıca yanılgıya düşen 14 öğrenciyle görüşme yapıldı (n=349)","Olasılık çeşitlerinin tanımdan değil etkinlikten başlatılması; bağımlı-bağımsız olayların ezberden uzak, çözümlemeye dayalı öğretimi; sarmal yapının 6. sınıf ön bilgileri tam oturtularak uygulanması; permütasyon-kombinasyonda formül ezberi yerine kavramı sezdirici etkinlikler",YOK,1,1,s. 41,"K1: Tez oranları SORU BAZINDA ve rubrik kategorisi düzeyinde veriyor (boş / kavram hatası / kavram yanılgısı / işlem hatası / doğru); bir sorunun kavram yanılgısı yüzdesi o soruda görülen birden çok yanılgı türüne dağılıyor, bu yüzden tezde yanılgı başına oran verilmemiş sayıldı — gorulme_orani boş, K5 gereği guven=1. K2: Tez 'kavram hatası' (konuyu bilmeme) ve 'işlem hatası' (dikkatsizlik) kategorilerini kavram yanılgısından ayırıyor; yalnız rubrik puanı 2 = kavram yanılgısı etiketli bulgular satır oldu. KAPSAM: uygulama 2008-2009, yani 2005 İlköğretim Matematik Programı dönemi; protokolün 2013/2018/Maarif kümesinde karşılığı olmadığı için mufredat_donemi TEYİT GEREKLİ. LGS: Deneysel/teorik/öznel olasılık ayrımı MEB 2018 ortaokul programında yok (8. sınıf olasılık kazanımları yalnız M.8.5.1.1-M.8.5.1.5); lgs_kazanim_tahmini boş. | KAPSAM SAPMASI (LGS): Deneysel/teorik/öznel olasılık ayrımı MEB 2018 6-8 kazanım listesinde (kazanim-listesi.txt) hiç geçmiyor. Satır literatür kaydı olarak kalır; LGS konu sayfasında bulgu olarak KULLANILAMAZ. lgs_kazanim_tahmini bu yüzden boş. | mufredat_donemi (2026-08-27 denetiminde dolduruldu): 2005. Dayanak KAYNAGIN KENDI CUMLESI: ""Arastirmanin verileri 2008-2009 ogretim yili II. [donem]"" — 8. sinif 2005 programina 2008-2009'da gectigi icin ornekleme veri toplandigi yil 2005 programiyla okuyordu.",
252911,"Dereli, Ayşe",2009,Eskişehir Osmangazi Üniversitesi,YL,2005,8,349,Manisa (Alaşehir),DİĞER: Olasılık çeşitleri (deneysel/teorik/öznel),,Deneysel olasılığı teorik olasılık sanma,Öğrenci deney belirten bir seçim durumunu teorik olasılık sayıyor; örnek uzayı ve istenen sayıyı belirleyip olasılık formülünü uygulayabildiği için sorunun teorik olduğunu düşünüyor.,"1000 kişilik gruptan rastgele seçim sorusuna “teorik olasılık” cevabı; görüşmede öğrenci “örnek uzayı 1000, istenen sayıyı 460 olarak düşündüğü için olasılık formülünün uygulandığını” belirtiyor.",,"Araştırmacı tarafından geliştirilen 25 açık uçlu sorudan oluşan veri toplama aracı (7 matematik öğretmeniyle nitel görüşmeyle oluşturuldu, 3 uzman görüşü alındı, 31 öğrencide pilot uygulandı); her kâğıt 5 kademeli rubriğe göre (0 boş / 1 kavram hatası / 2 kavram yanılgısı / 3 işlem hatası / 4 doğru) iki matematik öğretmenince puanlandı, Miles ve Huberman (1994) formülüyle güvenirlik katsayısı 0,83; ayrıca yanılgıya düşen 14 öğrenciyle görüşme yapıldı (n=349)","Olasılık çeşitlerinin tanımdan değil etkinlikten başlatılması; bağımlı-bağımsız olayların ezberden uzak, çözümlemeye dayalı öğretimi; sarmal yapının 6. sınıf ön bilgileri tam oturtularak uygulanması; permütasyon-kombinasyonda formül ezberi yerine kavramı sezdirici etkinlikler",YOK,1,1,s. 41,"K1: Tez oranları SORU BAZINDA ve rubrik kategorisi düzeyinde veriyor (boş / kavram hatası / kavram yanılgısı / işlem hatası / doğru); bir sorunun kavram yanılgısı yüzdesi o soruda görülen birden çok yanılgı türüne dağılıyor, bu yüzden tezde yanılgı başına oran verilmemiş sayıldı — gorulme_orani boş, K5 gereği guven=1. K2: Tez 'kavram hatası' (konuyu bilmeme) ve 'işlem hatası' (dikkatsizlik) kategorilerini kavram yanılgısından ayırıyor; yalnız rubrik puanı 2 = kavram yanılgısı etiketli bulgular satır oldu. KAPSAM: uygulama 2008-2009, yani 2005 İlköğretim Matematik Programı dönemi; protokolün 2013/2018/Maarif kümesinde karşılığı olmadığı için mufredat_donemi TEYİT GEREKLİ. LGS: Deneysel/teorik/öznel olasılık ayrımı MEB 2018 ortaokul programında yok (8. sınıf olasılık kazanımları yalnız M.8.5.1.1-M.8.5.1.5); lgs_kazanim_tahmini boş. Tezin özet ve sonuç bölümlerindeki başlık bulgusu da bu: öğrenciler öznel olasılığı ayırt edebiliyor, teorik ile deneysel olasılığı ayırt etmede zorlanıyor (s. 42, s. 59). | KAPSAM SAPMASI (LGS): Deneysel/teorik/öznel olasılık ayrımı MEB 2018 6-8 kazanım listesinde (kazanim-listesi.txt) hiç geçmiyor. Satır literatür kaydı olarak kalır; LGS konu sayfasında bulgu olarak KULLANILAMAZ. lgs_kazanim_tahmini bu yüzden boş. | mufredat_donemi (2026-08-27 denetiminde dolduruldu): 2005. Dayanak KAYNAGIN KENDI CUMLESI: ""Arastirmanin verileri 2008-2009 ogretim yili II. [donem]"" — 8. sinif 2005 programina 2008-2009'da gectigi icin ornekleme veri toplandigi yil 2005 programiyla okuyordu.",
252911,"Dereli, Ayşe",2009,Eskişehir Osmangazi Üniversitesi,YL,2005,8,349,Manisa (Alaşehir),DİĞER: Bağımlı ve bağımsız olaylar,,Geri konmama şartını bağımsız olay sanma,Soruda “geriye konmamak üzere” ifadesi geçtiğinde öğrenci olayı bağımsız olay olarak sınıflandırıyor; iki olayın birbirini etkilediğini görmüyor.,Ampul sorusunda öğrenci “seçilen ampul geriye konmamak üzere” dediği için “bağımsız olay” şeklinde düşündüğünü belirtiyor.,,"Araştırmacı tarafından geliştirilen 25 açık uçlu sorudan oluşan veri toplama aracı (7 matematik öğretmeniyle nitel görüşmeyle oluşturuldu, 3 uzman görüşü alındı, 31 öğrencide pilot uygulandı); her kâğıt 5 kademeli rubriğe göre (0 boş / 1 kavram hatası / 2 kavram yanılgısı / 3 işlem hatası / 4 doğru) iki matematik öğretmenince puanlandı, Miles ve Huberman (1994) formülüyle güvenirlik katsayısı 0,83; ayrıca yanılgıya düşen 14 öğrenciyle görüşme yapıldı (n=349)","Olasılık çeşitlerinin tanımdan değil etkinlikten başlatılması; bağımlı-bağımsız olayların ezberden uzak, çözümlemeye dayalı öğretimi; sarmal yapının 6. sınıf ön bilgileri tam oturtularak uygulanması; permütasyon-kombinasyonda formül ezberi yerine kavramı sezdirici etkinlikler",YOK,1,1,s. 43,"K1: Tez oranları SORU BAZINDA ve rubrik kategorisi düzeyinde veriyor (boş / kavram hatası / kavram yanılgısı / işlem hatası / doğru); bir sorunun kavram yanılgısı yüzdesi o soruda görülen birden çok yanılgı türüne dağılıyor, bu yüzden tezde yanılgı başına oran verilmemiş sayıldı — gorulme_orani boş, K5 gereği guven=1. K2: Tez 'kavram hatası' (konuyu bilmeme) ve 'işlem hatası' (dikkatsizlik) kategorilerini kavram yanılgısından ayırıyor; yalnız rubrik puanı 2 = kavram yanılgısı etiketli bulgular satır oldu. KAPSAM: uygulama 2008-2009, yani 2005 İlköğretim Matematik Programı dönemi; protokolün 2013/2018/Maarif kümesinde karşılığı olmadığı için mufredat_donemi TEYİT GEREKLİ. LGS: M.8.5.1.5 açıklaması 'bağımlı ve bağımsız olayların olasılığına girilmez' ve 'birden fazla olayın olma olasılığı ele alınmaz' diyor; bu yanılgının MEB 2018 programında karşılığı yok, lgs_kazanim_tahmini boş. | KAPSAM SAPMASI (LGS): MEB 2018 M.8.5.1.5 açıklaması: ""Ayrık olan ve olmayan, bağımlı ve bağımsız olayların olasılığına girilmez; birden fazla olayın olma olasılığı ele alınmaz."" Satır literatür kaydı olarak kalır; LGS konu sayfasında bulgu olarak KULLANILAMAZ. lgs_kazanim_tahmini bu yüzden boş. | mufredat_donemi (2026-08-27 denetiminde dolduruldu): 2005. Dayanak KAYNAGIN KENDI CUMLESI: ""Arastirmanin verileri 2008-2009 ogretim yili II. [donem]"" — 8. sinif 2005 programina 2008-2009'da gectigi icin ornekleme veri toplandigi yil 2005 programiyla okuyordu.",
252911,"Dereli, Ayşe",2009,Eskişehir Osmangazi Üniversitesi,YL,2005,8,349,Manisa (Alaşehir),DİĞER: Bağımlı ve bağımsız olaylar,,Şart yoksa nesnenin geri konduğunu varsayma,Soruda geri konma şartı hiç belirtilmediğinde öğrenci çekilen nesnenin geri konduğunu varsayıp olayı bağımsız olay olarak cevaplıyor; birinci seçimden sonra örnek uzayın eksileceğini düşünemiyor.,Erik sorusunda öğrenci “geri konmamak” ya da “geri konmak” gibi şart söz konusu olmadığı için çekilen eriğin geri konduğunu düşündüğünü açıklıyor ve “bağımsız olay” cevabı veriyor.,,"Araştırmacı tarafından geliştirilen 25 açık uçlu sorudan oluşan veri toplama aracı (7 matematik öğretmeniyle nitel görüşmeyle oluşturuldu, 3 uzman görüşü alındı, 31 öğrencide pilot uygulandı); her kâğıt 5 kademeli rubriğe göre (0 boş / 1 kavram hatası / 2 kavram yanılgısı / 3 işlem hatası / 4 doğru) iki matematik öğretmenince puanlandı, Miles ve Huberman (1994) formülüyle güvenirlik katsayısı 0,83; ayrıca yanılgıya düşen 14 öğrenciyle görüşme yapıldı (n=349)","Olasılık çeşitlerinin tanımdan değil etkinlikten başlatılması; bağımlı-bağımsız olayların ezberden uzak, çözümlemeye dayalı öğretimi; sarmal yapının 6. sınıf ön bilgileri tam oturtularak uygulanması; permütasyon-kombinasyonda formül ezberi yerine kavramı sezdirici etkinlikler",YOK,1,1,s. 44,"K1: Tez oranları SORU BAZINDA ve rubrik kategorisi düzeyinde veriyor (boş / kavram hatası / kavram yanılgısı / işlem hatası / doğru); bir sorunun kavram yanılgısı yüzdesi o soruda görülen birden çok yanılgı türüne dağılıyor, bu yüzden tezde yanılgı başına oran verilmemiş sayıldı — gorulme_orani boş, K5 gereği guven=1. K2: Tez 'kavram hatası' (konuyu bilmeme) ve 'işlem hatası' (dikkatsizlik) kategorilerini kavram yanılgısından ayırıyor; yalnız rubrik puanı 2 = kavram yanılgısı etiketli bulgular satır oldu. KAPSAM: uygulama 2008-2009, yani 2005 İlköğretim Matematik Programı dönemi; protokolün 2013/2018/Maarif kümesinde karşılığı olmadığı için mufredat_donemi TEYİT GEREKLİ. LGS: M.8.5.1.5 açıklaması 'bağımlı ve bağımsız olayların olasılığına girilmez' ve 'birden fazla olayın olma olasılığı ele alınmaz' diyor; bu yanılgının MEB 2018 programında karşılığı yok, lgs_kazanim_tahmini boş. | KAPSAM SAPMASI (LGS): MEB 2018 M.8.5.1.5 açıklaması: ""Ayrık olan ve olmayan, bağımlı ve bağımsız olayların olasılığına girilmez; birden fazla olayın olma olasılığı ele alınmaz."" Satır literatür kaydı olarak kalır; LGS konu sayfasında bulgu olarak KULLANILAMAZ. lgs_kazanim_tahmini bu yüzden boş. | mufredat_donemi (2026-08-27 denetiminde dolduruldu): 2005. Dayanak KAYNAGIN KENDI CUMLESI: ""Arastirmanin verileri 2008-2009 ogretim yili II. [donem]"" — 8. sinif 2005 programina 2008-2009'da gectigi icin ornekleme veri toplandigi yil 2005 programiyla okuyordu.",
252911,"Dereli, Ayşe",2009,Eskişehir Osmangazi Üniversitesi,YL,2005,8,349,Manisa (Alaşehir),DİĞER: Bağımlı ve bağımsız olaylar,,Rakamlar tekrar ettiğinde bağımlı olay deme,"Soruda şifredeki rakamlar tekrar ettiğinden bağımsız olay olması gerekirken öğrenci bağımlı olay olarak cevaplıyor; rakamların tekrar edildiği için bağımlı olay dediğini belirtiyor, yani tekrarı bağımlılık göstergesi sayıyor.",Şifre sorusunda rakamlar tekrar ettiğinden “bağımsız olay” olması gerekirken öğrenci “bağımlı olay” olarak cevaplıyor.,,"Araştırmacı tarafından geliştirilen 25 açık uçlu sorudan oluşan veri toplama aracı (7 matematik öğretmeniyle nitel görüşmeyle oluşturuldu, 3 uzman görüşü alındı, 31 öğrencide pilot uygulandı); her kâğıt 5 kademeli rubriğe göre (0 boş / 1 kavram hatası / 2 kavram yanılgısı / 3 işlem hatası / 4 doğru) iki matematik öğretmenince puanlandı, Miles ve Huberman (1994) formülüyle güvenirlik katsayısı 0,83; ayrıca yanılgıya düşen 14 öğrenciyle görüşme yapıldı (n=349)","Olasılık çeşitlerinin tanımdan değil etkinlikten başlatılması; bağımlı-bağımsız olayların ezberden uzak, çözümlemeye dayalı öğretimi; sarmal yapının 6. sınıf ön bilgileri tam oturtularak uygulanması; permütasyon-kombinasyonda formül ezberi yerine kavramı sezdirici etkinlikler",YOK,1,1,s. 44,"K1: Tez oranları SORU BAZINDA ve rubrik kategorisi düzeyinde veriyor (boş / kavram hatası / kavram yanılgısı / işlem hatası / doğru); bir sorunun kavram yanılgısı yüzdesi o soruda görülen birden çok yanılgı türüne dağılıyor, bu yüzden tezde yanılgı başına oran verilmemiş sayıldı — gorulme_orani boş, K5 gereği guven=1. K2: Tez 'kavram hatası' (konuyu bilmeme) ve 'işlem hatası' (dikkatsizlik) kategorilerini kavram yanılgısından ayırıyor; yalnız rubrik puanı 2 = kavram yanılgısı etiketli bulgular satır oldu. KAPSAM: uygulama 2008-2009, yani 2005 İlköğretim Matematik Programı dönemi; protokolün 2013/2018/Maarif kümesinde karşılığı olmadığı için mufredat_donemi TEYİT GEREKLİ. LGS: M.8.5.1.5 açıklaması 'bağımlı ve bağımsız olayların olasılığına girilmez' ve 'birden fazla olayın olma olasılığı ele alınmaz' diyor; bu yanılgının MEB 2018 programında karşılığı yok, lgs_kazanim_tahmini boş. | KAPSAM SAPMASI (LGS): MEB 2018 M.8.5.1.5 açıklaması: ""Ayrık olan ve olmayan, bağımlı ve bağımsız olayların olasılığına girilmez; birden fazla olayın olma olasılığı ele alınmaz."" Satır literatür kaydı olarak kalır; LGS konu sayfasında bulgu olarak KULLANILAMAZ. lgs_kazanim_tahmini bu yüzden boş. | mufredat_donemi (2026-08-27 denetiminde dolduruldu): 2005. Dayanak KAYNAGIN KENDI CUMLESI: ""Arastirmanin verileri 2008-2009 ogretim yili II. [donem]"" — 8. sinif 2005 programina 2008-2009'da gectigi icin ornekleme veri toplandigi yil 2005 programiyla okuyordu.",
252911,"Dereli, Ayşe",2009,Eskişehir Osmangazi Üniversitesi,YL,2005,8,349,Manisa (Alaşehir),Basit olayların olma olasılığı,,Örnek uzay için sayıları toplamama,Öğrenci paydaya örnek uzay için sayıları toplayıp yazması gerekirken sayıları ayrı ayrı yazıyor; örnek uzayın tek bir sayı olduğunu görmüyor.,4 kırmızı ve 6 sarı kalem sorusunda paydaya 10 yazmaları gerekirken sayıları ayrı ayrı yazmışlardır.,,"Araştırmacı tarafından geliştirilen 25 açık uçlu sorudan oluşan veri toplama aracı (7 matematik öğretmeniyle nitel görüşmeyle oluşturuldu, 3 uzman görüşü alındı, 31 öğrencide pilot uygulandı); her kâğıt 5 kademeli rubriğe göre (0 boş / 1 kavram hatası / 2 kavram yanılgısı / 3 işlem hatası / 4 doğru) iki matematik öğretmenince puanlandı, Miles ve Huberman (1994) formülüyle güvenirlik katsayısı 0,83; ayrıca yanılgıya düşen 14 öğrenciyle görüşme yapıldı (n=349)","Olasılık çeşitlerinin tanımdan değil etkinlikten başlatılması; bağımlı-bağımsız olayların ezberden uzak, çözümlemeye dayalı öğretimi; sarmal yapının 6. sınıf ön bilgileri tam oturtularak uygulanması; permütasyon-kombinasyonda formül ezberi yerine kavramı sezdirici etkinlikler",YOK,1,1,s. 46,"K1: Tez oranları SORU BAZINDA ve rubrik kategorisi düzeyinde veriyor (boş / kavram hatası / kavram yanılgısı / işlem hatası / doğru); bir sorunun kavram yanılgısı yüzdesi o soruda görülen birden çok yanılgı türüne dağılıyor, bu yüzden tezde yanılgı başına oran verilmemiş sayıldı — gorulme_orani boş, K5 gereği guven=1. K2: Tez 'kavram hatası' (konuyu bilmeme) ve 'işlem hatası' (dikkatsizlik) kategorilerini kavram yanılgısından ayırıyor; yalnız rubrik puanı 2 = kavram yanılgısı etiketli bulgular satır oldu. KAPSAM: uygulama 2008-2009, yani 2005 İlköğretim Matematik Programı dönemi; protokolün 2013/2018/Maarif kümesinde karşılığı olmadığı için mufredat_donemi TEYİT GEREKLİ. KAPSAM: Bu yanılgı tezde bağımlı/bağımsız olay sorularının (7-11) içinde gözlenmiş, ancak yanılgının kendisi örnek uzay kurmaya ait olduğu için LGS başlığı 'Basit olayların olma olasılığı' seçildi. | mufredat_donemi (2026-08-27 denetiminde dolduruldu): 2005. Dayanak KAYNAGIN KENDI CUMLESI: ""Arastirmanin verileri 2008-2009 ogretim yili II. [donem]"" — 8. sinif 2005 programina 2008-2009'da gectigi icin ornekleme veri toplandigi yil 2005 programiyla okuyordu.",M.8.5.1.1; M.8.5.1.5
252911,"Dereli, Ayşe",2009,Eskişehir Osmangazi Üniversitesi,YL,2005,8,349,Manisa (Alaşehir),Basit olayların olma olasılığı,,İstenen durum sayısını daima bir alma,Öğrenci paya istenen durum sayısı yerine her zaman 1 yazıyor; seçilen kalemin 4 kırmızıdan veya 6 sarıdan olabileceğini düşünmüyor.,Öğrenci “10 kalemden 1’i seçildiği için kesri 1/10 şeklinde ve 1 kalem eksilince geriye 9 kalemden 1’i seçildiği için 1/9 şeklinde yazdığını” belirtiyor; halbuki kırmızı kalemler 1 tane değil 4 tanedir.,,"Araştırmacı tarafından geliştirilen 25 açık uçlu sorudan oluşan veri toplama aracı (7 matematik öğretmeniyle nitel görüşmeyle oluşturuldu, 3 uzman görüşü alındı, 31 öğrencide pilot uygulandı); her kâğıt 5 kademeli rubriğe göre (0 boş / 1 kavram hatası / 2 kavram yanılgısı / 3 işlem hatası / 4 doğru) iki matematik öğretmenince puanlandı, Miles ve Huberman (1994) formülüyle güvenirlik katsayısı 0,83; ayrıca yanılgıya düşen 14 öğrenciyle görüşme yapıldı (n=349)","Olasılık çeşitlerinin tanımdan değil etkinlikten başlatılması; bağımlı-bağımsız olayların ezberden uzak, çözümlemeye dayalı öğretimi; sarmal yapının 6. sınıf ön bilgileri tam oturtularak uygulanması; permütasyon-kombinasyonda formül ezberi yerine kavramı sezdirici etkinlikler",YOK,1,1,s. 46-47,"K1: Tez oranları SORU BAZINDA ve rubrik kategorisi düzeyinde veriyor (boş / kavram hatası / kavram yanılgısı / işlem hatası / doğru); bir sorunun kavram yanılgısı yüzdesi o soruda görülen birden çok yanılgı türüne dağılıyor, bu yüzden tezde yanılgı başına oran verilmemiş sayıldı — gorulme_orani boş, K5 gereği guven=1. K2: Tez 'kavram hatası' (konuyu bilmeme) ve 'işlem hatası' (dikkatsizlik) kategorilerini kavram yanılgısından ayırıyor; yalnız rubrik puanı 2 = kavram yanılgısı etiketli bulgular satır oldu. KAPSAM: uygulama 2008-2009, yani 2005 İlköğretim Matematik Programı dönemi; protokolün 2013/2018/Maarif kümesinde karşılığı olmadığı için mufredat_donemi TEYİT GEREKLİ. KAPSAM: Bu yanılgı tezde bağımlı/bağımsız olay sorularının (7-11) içinde gözlenmiş, ancak yanılgının kendisi olasılık kesrinin payını kurmaya ait olduğu için LGS başlığı 'Basit olayların olma olasılığı' seçildi. Tez bu cevabı veren öğrenci sayısının 'fazla' olduğunu yazıyor ama sayı vermiyor — K1 gereği oran boş. | mufredat_donemi (2026-08-27 denetiminde dolduruldu): 2005. Dayanak KAYNAGIN KENDI CUMLESI: ""Arastirmanin verileri 2008-2009 ogretim yili II. [donem]"" — 8. sinif 2005 programina 2008-2009'da gectigi icin ornekleme veri toplandigi yil 2005 programiyla okuyordu.",M.8.5.1.5
252911,"Dereli, Ayşe",2009,Eskişehir Osmangazi Üniversitesi,YL,2005,8,349,Manisa (Alaşehir),DİĞER: Bağımlı ve bağımsız olaylar,,Bağımlı olayda olasılıkları çarpmak yerine toplama,Öğrenci bağımlı olayda olasılık değerlerini çarpması gerekirken topluyor; bunu 6. sınıfta bu şekilde öğrendiğini söylüyor.,Öğrenci bu olayı bağımlı olay olarak düşünmesi ve çarpma işlemi yapması gerekirken toplama işlemi yapmıştır; görüşmede “6. sınıfta bu şekilde öğrendiklerini” dile getiriyor.,,"Araştırmacı tarafından geliştirilen 25 açık uçlu sorudan oluşan veri toplama aracı (7 matematik öğretmeniyle nitel görüşmeyle oluşturuldu, 3 uzman görüşü alındı, 31 öğrencide pilot uygulandı); her kâğıt 5 kademeli rubriğe göre (0 boş / 1 kavram hatası / 2 kavram yanılgısı / 3 işlem hatası / 4 doğru) iki matematik öğretmenince puanlandı, Miles ve Huberman (1994) formülüyle güvenirlik katsayısı 0,83; ayrıca yanılgıya düşen 14 öğrenciyle görüşme yapıldı (n=349)","Olasılık çeşitlerinin tanımdan değil etkinlikten başlatılması; bağımlı-bağımsız olayların ezberden uzak, çözümlemeye dayalı öğretimi; sarmal yapının 6. sınıf ön bilgileri tam oturtularak uygulanması; permütasyon-kombinasyonda formül ezberi yerine kavramı sezdirici etkinlikler",YOK,2,1,s. 47,"K1: Tez oranları SORU BAZINDA ve rubrik kategorisi düzeyinde veriyor (boş / kavram hatası / kavram yanılgısı / işlem hatası / doğru); bir sorunun kavram yanılgısı yüzdesi o soruda görülen birden çok yanılgı türüne dağılıyor, bu yüzden tezde yanılgı başına oran verilmemiş sayıldı — gorulme_orani boş, K5 gereği guven=1. K2: Tez 'kavram hatası' (konuyu bilmeme) ve 'işlem hatası' (dikkatsizlik) kategorilerini kavram yanılgısından ayırıyor; yalnız rubrik puanı 2 = kavram yanılgısı etiketli bulgular satır oldu. KAPSAM: uygulama 2008-2009, yani 2005 İlköğretim Matematik Programı dönemi; protokolün 2013/2018/Maarif kümesinde karşılığı olmadığı için mufredat_donemi TEYİT GEREKLİ. LGS: M.8.5.1.5 açıklaması 'bağımlı ve bağımsız olayların olasılığına girilmez' ve 'birden fazla olayın olma olasılığı ele alınmaz' diyor; bu yanılgının MEB 2018 programında karşılığı yok, lgs_kazanim_tahmini boş. LEMMA: Tez yanılgının sebebini doğrudan önceki sınıflardaki öğretime bağlıyor (6. sınıfta toplayarak öğrenme, s. 47 ve s. 60) -> basamak 2. Tez ayrıca 4-5. sınıf ön bilgilerinin eksik olduğunu söylüyor; bu yönüyle basamak 3 de savunulabilir, en erken basamak kuralı gereği 2 yazıldı. | KAPSAM SAPMASI (LGS): MEB 2018 M.8.5.1.5 açıklaması: ""Ayrık olan ve olmayan, bağımlı ve bağımsız olayların olasılığına girilmez; birden fazla olayın olma olasılığı ele alınmaz."" Satır literatür kaydı olarak kalır; LGS konu sayfasında bulgu olarak KULLANILAMAZ. lgs_kazanim_tahmini bu yüzden boş. | mufredat_donemi (2026-08-27 denetiminde dolduruldu): 2005. Dayanak KAYNAGIN KENDI CUMLESI: ""Arastirmanin verileri 2008-2009 ogretim yili II. [donem]"" — 8. sinif 2005 programina 2008-2009'da gectigi icin ornekleme veri toplandigi yil 2005 programiyla okuyordu.",
252911,"Dereli, Ayşe",2009,Eskişehir Osmangazi Üniversitesi,YL,2005,8,349,Manisa (Alaşehir),DİĞER: Bağımlı ve bağımsız olaylar,,Bağımlı olayda örnek uzayı eksiltmeme,Öğrenci ikinci seçimde örnek uzayı 1 eksiltmeden işlem yapıyor; olayı bağımsız saydığı için eksiltmediğini ifade ediyor.,Öğrenci torbadan bir top seçtikten sonra örnek uzayı 1 eksiltmeden işlem yapmış; görüşmede burada bağımsız olay olduğu için örnek uzayı eksiltmediğini ifade ediyor.,,"Araştırmacı tarafından geliştirilen 25 açık uçlu sorudan oluşan veri toplama aracı (7 matematik öğretmeniyle nitel görüşmeyle oluşturuldu, 3 uzman görüşü alındı, 31 öğrencide pilot uygulandı); her kâğıt 5 kademeli rubriğe göre (0 boş / 1 kavram hatası / 2 kavram yanılgısı / 3 işlem hatası / 4 doğru) iki matematik öğretmenince puanlandı, Miles ve Huberman (1994) formülüyle güvenirlik katsayısı 0,83; ayrıca yanılgıya düşen 14 öğrenciyle görüşme yapıldı (n=349)","Olasılık çeşitlerinin tanımdan değil etkinlikten başlatılması; bağımlı-bağımsız olayların ezberden uzak, çözümlemeye dayalı öğretimi; sarmal yapının 6. sınıf ön bilgileri tam oturtularak uygulanması; permütasyon-kombinasyonda formül ezberi yerine kavramı sezdirici etkinlikler",YOK,1,1,s. 47,"K1: Tez oranları SORU BAZINDA ve rubrik kategorisi düzeyinde veriyor (boş / kavram hatası / kavram yanılgısı / işlem hatası / doğru); bir sorunun kavram yanılgısı yüzdesi o soruda görülen birden çok yanılgı türüne dağılıyor, bu yüzden tezde yanılgı başına oran verilmemiş sayıldı — gorulme_orani boş, K5 gereği guven=1. K2: Tez 'kavram hatası' (konuyu bilmeme) ve 'işlem hatası' (dikkatsizlik) kategorilerini kavram yanılgısından ayırıyor; yalnız rubrik puanı 2 = kavram yanılgısı etiketli bulgular satır oldu. KAPSAM: uygulama 2008-2009, yani 2005 İlköğretim Matematik Programı dönemi; protokolün 2013/2018/Maarif kümesinde karşılığı olmadığı için mufredat_donemi TEYİT GEREKLİ. LGS: M.8.5.1.5 açıklaması 'bağımlı ve bağımsız olayların olasılığına girilmez' ve 'birden fazla olayın olma olasılığı ele alınmaz' diyor; bu yanılgının MEB 2018 programında karşılığı yok, lgs_kazanim_tahmini boş. | KAPSAM SAPMASI (LGS): MEB 2018 M.8.5.1.5 açıklaması: ""Ayrık olan ve olmayan, bağımlı ve bağımsız olayların olasılığına girilmez; birden fazla olayın olma olasılığı ele alınmaz."" Satır literatür kaydı olarak kalır; LGS konu sayfasında bulgu olarak KULLANILAMAZ. lgs_kazanim_tahmini bu yüzden boş. | mufredat_donemi (2026-08-27 denetiminde dolduruldu): 2005. Dayanak KAYNAGIN KENDI CUMLESI: ""Arastirmanin verileri 2008-2009 ogretim yili II. [donem]"" — 8. sinif 2005 programina 2008-2009'da gectigi icin ornekleme veri toplandigi yil 2005 programiyla okuyordu.",
252911,"Dereli, Ayşe",2009,Eskişehir Osmangazi Üniversitesi,YL,2005,8,349,Manisa (Alaşehir),DİĞER: Bağımlı ve bağımsız olaylar,,Bağımsız olayda örnek uzayı eksiltme,Soruda çekilen bilyenin kutuya tekrar atıldığı belirtildiği halde öğrenci örnek uzayı 1 eksiltiyor.,Bazı sorularda öğrenciler “çekilen bilye kutuya tekrar atılmak” dediği için örnek uzayı 1 eksiltmişlerdir.,,"Araştırmacı tarafından geliştirilen 25 açık uçlu sorudan oluşan veri toplama aracı (7 matematik öğretmeniyle nitel görüşmeyle oluşturuldu, 3 uzman görüşü alındı, 31 öğrencide pilot uygulandı); her kâğıt 5 kademeli rubriğe göre (0 boş / 1 kavram hatası / 2 kavram yanılgısı / 3 işlem hatası / 4 doğru) iki matematik öğretmenince puanlandı, Miles ve Huberman (1994) formülüyle güvenirlik katsayısı 0,83; ayrıca yanılgıya düşen 14 öğrenciyle görüşme yapıldı (n=349)","Olasılık çeşitlerinin tanımdan değil etkinlikten başlatılması; bağımlı-bağımsız olayların ezberden uzak, çözümlemeye dayalı öğretimi; sarmal yapının 6. sınıf ön bilgileri tam oturtularak uygulanması; permütasyon-kombinasyonda formül ezberi yerine kavramı sezdirici etkinlikler",YOK,1,1,s. 48,"K1: Tez oranları SORU BAZINDA ve rubrik kategorisi düzeyinde veriyor (boş / kavram hatası / kavram yanılgısı / işlem hatası / doğru); bir sorunun kavram yanılgısı yüzdesi o soruda görülen birden çok yanılgı türüne dağılıyor, bu yüzden tezde yanılgı başına oran verilmemiş sayıldı — gorulme_orani boş, K5 gereği guven=1. K2: Tez 'kavram hatası' (konuyu bilmeme) ve 'işlem hatası' (dikkatsizlik) kategorilerini kavram yanılgısından ayırıyor; yalnız rubrik puanı 2 = kavram yanılgısı etiketli bulgular satır oldu. KAPSAM: uygulama 2008-2009, yani 2005 İlköğretim Matematik Programı dönemi; protokolün 2013/2018/Maarif kümesinde karşılığı olmadığı için mufredat_donemi TEYİT GEREKLİ. LGS: M.8.5.1.5 açıklaması 'bağımlı ve bağımsız olayların olasılığına girilmez' ve 'birden fazla olayın olma olasılığı ele alınmaz' diyor; bu yanılgının MEB 2018 programında karşılığı yok, lgs_kazanim_tahmini boş. | KAPSAM SAPMASI (LGS): MEB 2018 M.8.5.1.5 açıklaması: ""Ayrık olan ve olmayan, bağımlı ve bağımsız olayların olasılığına girilmez; birden fazla olayın olma olasılığı ele alınmaz."" Satır literatür kaydı olarak kalır; LGS konu sayfasında bulgu olarak KULLANILAMAZ. lgs_kazanim_tahmini bu yüzden boş. | mufredat_donemi (2026-08-27 denetiminde dolduruldu): 2005. Dayanak KAYNAGIN KENDI CUMLESI: ""Arastirmanin verileri 2008-2009 ogretim yili II. [donem]"" — 8. sinif 2005 programina 2008-2009'da gectigi icin ornekleme veri toplandigi yil 2005 programiyla okuyordu.",
252911,"Dereli, Ayşe",2009,Eskişehir Osmangazi Üniversitesi,YL,2005,8,349,Manisa (Alaşehir),DİĞER: Permütasyon ve kombinasyon,,Sıralamanın önemli olduğu soruda kombinasyon seçme,Sıralamanın önemli olduğu problemde öğrenci kombinasyon seçiyor ve gerekçe olarak sıralamada kombinasyon kullanıldığını söylüyor.,“sıralanabilir” kelimesi geçtiği halde öğrenci soruyu “kombinasyon” şeklinde cevaplıyor; nedenini “sıralamada kombinasyon kullanılır” diye açıklıyor.,,"Araştırmacı tarafından geliştirilen 25 açık uçlu sorudan oluşan veri toplama aracı (7 matematik öğretmeniyle nitel görüşmeyle oluşturuldu, 3 uzman görüşü alındı, 31 öğrencide pilot uygulandı); her kâğıt 5 kademeli rubriğe göre (0 boş / 1 kavram hatası / 2 kavram yanılgısı / 3 işlem hatası / 4 doğru) iki matematik öğretmenince puanlandı, Miles ve Huberman (1994) formülüyle güvenirlik katsayısı 0,83; ayrıca yanılgıya düşen 14 öğrenciyle görüşme yapıldı (n=349)","Olasılık çeşitlerinin tanımdan değil etkinlikten başlatılması; bağımlı-bağımsız olayların ezberden uzak, çözümlemeye dayalı öğretimi; sarmal yapının 6. sınıf ön bilgileri tam oturtularak uygulanması; permütasyon-kombinasyonda formül ezberi yerine kavramı sezdirici etkinlikler",YOK,1,1,s. 50-51,"K1: Tez oranları SORU BAZINDA ve rubrik kategorisi düzeyinde veriyor (boş / kavram hatası / kavram yanılgısı / işlem hatası / doğru); bir sorunun kavram yanılgısı yüzdesi o soruda görülen birden çok yanılgı türüne dağılıyor, bu yüzden tezde yanılgı başına oran verilmemiş sayıldı — gorulme_orani boş, K5 gereği guven=1. K2: Tez 'kavram hatası' (konuyu bilmeme) ve 'işlem hatası' (dikkatsizlik) kategorilerini kavram yanılgısından ayırıyor; yalnız rubrik puanı 2 = kavram yanılgısı etiketli bulgular satır oldu. KAPSAM: uygulama 2008-2009, yani 2005 İlköğretim Matematik Programı dönemi; protokolün 2013/2018/Maarif kümesinde karşılığı olmadığı için mufredat_donemi TEYİT GEREKLİ. LGS: Permütasyon ve kombinasyon MEB 2018 ortaokul matematik programında yok; lgs_kazanim_tahmini boş. | KAPSAM SAPMASI (LGS): Permütasyon/kombinasyon/faktöriyel MEB 2018 6-8 kazanım listesinde (kazanim-listesi.txt) hiç geçmiyor. Satır literatür kaydı olarak kalır; LGS konu sayfasında bulgu olarak KULLANILAMAZ. lgs_kazanim_tahmini bu yüzden boş. | mufredat_donemi (2026-08-27 denetiminde dolduruldu): 2005. Dayanak KAYNAGIN KENDI CUMLESI: ""Arastirmanin verileri 2008-2009 ogretim yili II. [donem]"" — 8. sinif 2005 programina 2008-2009'da gectigi icin ornekleme veri toplandigi yil 2005 programiyla okuyordu.",
252911,"Dereli, Ayşe",2009,Eskişehir Osmangazi Üniversitesi,YL,2005,8,349,Manisa (Alaşehir),DİĞER: Permütasyon ve kombinasyon,,Seçimin önemli olduğu soruda permütasyon seçme,Alt küme sayısı bulurken sıralama önemli olmadığı için soru kombinasyon ile çözülmesi gerekirken öğrenci permütasyon ile çözüleceğini belirtiyor; nedenini de permütasyona uygun olmayacak biçimde açıklıyor.,Alt küme sayısı sorusunda öğrenci kombinasyon yerine permütasyon ile çözüleceğini belirtiyor.,,"Araştırmacı tarafından geliştirilen 25 açık uçlu sorudan oluşan veri toplama aracı (7 matematik öğretmeniyle nitel görüşmeyle oluşturuldu, 3 uzman görüşü alındı, 31 öğrencide pilot uygulandı); her kâğıt 5 kademeli rubriğe göre (0 boş / 1 kavram hatası / 2 kavram yanılgısı / 3 işlem hatası / 4 doğru) iki matematik öğretmenince puanlandı, Miles ve Huberman (1994) formülüyle güvenirlik katsayısı 0,83; ayrıca yanılgıya düşen 14 öğrenciyle görüşme yapıldı (n=349)","Olasılık çeşitlerinin tanımdan değil etkinlikten başlatılması; bağımlı-bağımsız olayların ezberden uzak, çözümlemeye dayalı öğretimi; sarmal yapının 6. sınıf ön bilgileri tam oturtularak uygulanması; permütasyon-kombinasyonda formül ezberi yerine kavramı sezdirici etkinlikler",YOK,1,1,s. 50,"K1: Tez oranları SORU BAZINDA ve rubrik kategorisi düzeyinde veriyor (boş / kavram hatası / kavram yanılgısı / işlem hatası / doğru); bir sorunun kavram yanılgısı yüzdesi o soruda görülen birden çok yanılgı türüne dağılıyor, bu yüzden tezde yanılgı başına oran verilmemiş sayıldı — gorulme_orani boş, K5 gereği guven=1. K2: Tez 'kavram hatası' (konuyu bilmeme) ve 'işlem hatası' (dikkatsizlik) kategorilerini kavram yanılgısından ayırıyor; yalnız rubrik puanı 2 = kavram yanılgısı etiketli bulgular satır oldu. KAPSAM: uygulama 2008-2009, yani 2005 İlköğretim Matematik Programı dönemi; protokolün 2013/2018/Maarif kümesinde karşılığı olmadığı için mufredat_donemi TEYİT GEREKLİ. LGS: Permütasyon ve kombinasyon MEB 2018 ortaokul matematik programında yok; lgs_kazanim_tahmini boş. Tez bu deseni bölüm özetinde de tekrarlıyor: yanılgıya düşen öğrenciler seçimin önemli olduğu sorularda permütasyon, sıralamanın önemli olduğu sorularda kombinasyon diyor (s. 55). | KAPSAM SAPMASI (LGS): Permütasyon/kombinasyon/faktöriyel MEB 2018 6-8 kazanım listesinde (kazanim-listesi.txt) hiç geçmiyor. Satır literatür kaydı olarak kalır; LGS konu sayfasında bulgu olarak KULLANILAMAZ. lgs_kazanim_tahmini bu yüzden boş. | mufredat_donemi (2026-08-27 denetiminde dolduruldu): 2005. Dayanak KAYNAGIN KENDI CUMLESI: ""Arastirmanin verileri 2008-2009 ogretim yili II. [donem]"" — 8. sinif 2005 programina 2008-2009'da gectigi icin ornekleme veri toplandigi yil 2005 programiyla okuyordu.",
252911,"Dereli, Ayşe",2009,Eskişehir Osmangazi Üniversitesi,YL,2005,8,349,Manisa (Alaşehir),DİĞER: Permütasyon ve kombinasyon,,Kombinasyonda sıralamanın önemli olduğunu sanma,Öğrenci doğru cevabı verse bile gerekçesinde kombinasyonda sıralamanın önemli olduğunu belirtiyor.,"“seçilebilir” kelimesi geçtiği için öğrenci “kombinasyon” doğru cevabını veriyor, ancak nedenini açıklarken kombinasyonda sıralamanın önemli olduğunu belirtiyor.",,"Araştırmacı tarafından geliştirilen 25 açık uçlu sorudan oluşan veri toplama aracı (7 matematik öğretmeniyle nitel görüşmeyle oluşturuldu, 3 uzman görüşü alındı, 31 öğrencide pilot uygulandı); her kâğıt 5 kademeli rubriğe göre (0 boş / 1 kavram hatası / 2 kavram yanılgısı / 3 işlem hatası / 4 doğru) iki matematik öğretmenince puanlandı, Miles ve Huberman (1994) formülüyle güvenirlik katsayısı 0,83; ayrıca yanılgıya düşen 14 öğrenciyle görüşme yapıldı (n=349)","Olasılık çeşitlerinin tanımdan değil etkinlikten başlatılması; bağımlı-bağımsız olayların ezberden uzak, çözümlemeye dayalı öğretimi; sarmal yapının 6. sınıf ön bilgileri tam oturtularak uygulanması; permütasyon-kombinasyonda formül ezberi yerine kavramı sezdirici etkinlikler",YOK,1,1,s. 51,"K1: Tez oranları SORU BAZINDA ve rubrik kategorisi düzeyinde veriyor (boş / kavram hatası / kavram yanılgısı / işlem hatası / doğru); bir sorunun kavram yanılgısı yüzdesi o soruda görülen birden çok yanılgı türüne dağılıyor, bu yüzden tezde yanılgı başına oran verilmemiş sayıldı — gorulme_orani boş, K5 gereği guven=1. K2: Tez 'kavram hatası' (konuyu bilmeme) ve 'işlem hatası' (dikkatsizlik) kategorilerini kavram yanılgısından ayırıyor; yalnız rubrik puanı 2 = kavram yanılgısı etiketli bulgular satır oldu. KAPSAM: uygulama 2008-2009, yani 2005 İlköğretim Matematik Programı dönemi; protokolün 2013/2018/Maarif kümesinde karşılığı olmadığı için mufredat_donemi TEYİT GEREKLİ. LGS: Permütasyon ve kombinasyon MEB 2018 ortaokul matematik programında yok; lgs_kazanim_tahmini boş. | KAPSAM SAPMASI (LGS): Permütasyon/kombinasyon/faktöriyel MEB 2018 6-8 kazanım listesinde (kazanim-listesi.txt) hiç geçmiyor. Satır literatür kaydı olarak kalır; LGS konu sayfasında bulgu olarak KULLANILAMAZ. lgs_kazanim_tahmini bu yüzden boş. | mufredat_donemi (2026-08-27 denetiminde dolduruldu): 2005. Dayanak KAYNAGIN KENDI CUMLESI: ""Arastirmanin verileri 2008-2009 ogretim yili II. [donem]"" — 8. sinif 2005 programina 2008-2009'da gectigi icin ornekleme veri toplandigi yil 2005 programiyla okuyordu.",
252911,"Dereli, Ayşe",2009,Eskişehir Osmangazi Üniversitesi,YL,2005,8,349,Manisa (Alaşehir),DİĞER: Permütasyon ve kombinasyon,,Anahtar kelime yoksa seçim sıralama ayrımını yapamama,Öğrencinin cevabı doğru olmasına karşın nedeni yanlış; soruda “seçilebilir” ya da “sıralanabilir” gibi kelimeler geçmediği için yanılgıları ortaya çıkmaktadır — yani öğrenci kararı kavramdan değil anahtar kelimeden veriyor.,En çok bu soruda öğrenciler yanılgıya düşmüştür; cevabı doğru olan öğrenci bile nedenini yanlış açıklamıştır.,,"Araştırmacı tarafından geliştirilen 25 açık uçlu sorudan oluşan veri toplama aracı (7 matematik öğretmeniyle nitel görüşmeyle oluşturuldu, 3 uzman görüşü alındı, 31 öğrencide pilot uygulandı); her kâğıt 5 kademeli rubriğe göre (0 boş / 1 kavram hatası / 2 kavram yanılgısı / 3 işlem hatası / 4 doğru) iki matematik öğretmenince puanlandı, Miles ve Huberman (1994) formülüyle güvenirlik katsayısı 0,83; ayrıca yanılgıya düşen 14 öğrenciyle görüşme yapıldı (n=349)","Olasılık çeşitlerinin tanımdan değil etkinlikten başlatılması; bağımlı-bağımsız olayların ezberden uzak, çözümlemeye dayalı öğretimi; sarmal yapının 6. sınıf ön bilgileri tam oturtularak uygulanması; permütasyon-kombinasyonda formül ezberi yerine kavramı sezdirici etkinlikler",YOK,1,1,s. 51,"K1: Tez oranları SORU BAZINDA ve rubrik kategorisi düzeyinde veriyor (boş / kavram hatası / kavram yanılgısı / işlem hatası / doğru); bir sorunun kavram yanılgısı yüzdesi o soruda görülen birden çok yanılgı türüne dağılıyor, bu yüzden tezde yanılgı başına oran verilmemiş sayıldı — gorulme_orani boş, K5 gereği guven=1. K2: Tez 'kavram hatası' (konuyu bilmeme) ve 'işlem hatası' (dikkatsizlik) kategorilerini kavram yanılgısından ayırıyor; yalnız rubrik puanı 2 = kavram yanılgısı etiketli bulgular satır oldu. KAPSAM: uygulama 2008-2009, yani 2005 İlköğretim Matematik Programı dönemi; protokolün 2013/2018/Maarif kümesinde karşılığı olmadığı için mufredat_donemi TEYİT GEREKLİ. LGS: Permütasyon ve kombinasyon MEB 2018 ortaokul matematik programında yok; lgs_kazanim_tahmini boş. Tez bu bulguyu sonuç bölümünde de tekrarlıyor: ayırt edebilen öğrenciler de kararı anahtar kelimeden veriyor (s. 60), yani doğru cevap kavramı bildiğinin kanıtı değil. | KAPSAM SAPMASI (LGS): Permütasyon/kombinasyon/faktöriyel MEB 2018 6-8 kazanım listesinde (kazanim-listesi.txt) hiç geçmiyor. Satır literatür kaydı olarak kalır; LGS konu sayfasında bulgu olarak KULLANILAMAZ. lgs_kazanim_tahmini bu yüzden boş. | mufredat_donemi (2026-08-27 denetiminde dolduruldu): 2005. Dayanak KAYNAGIN KENDI CUMLESI: ""Arastirmanin verileri 2008-2009 ogretim yili II. [donem]"" — 8. sinif 2005 programina 2008-2009'da gectigi icin ornekleme veri toplandigi yil 2005 programiyla okuyordu.",
252911,"Dereli, Ayşe",2009,Eskişehir Osmangazi Üniversitesi,YL,2005,8,349,Manisa (Alaşehir),DİĞER: Permütasyon ve kombinasyon,,Permütasyon ve kombinasyon formülünü karıştırma,Öğrenci permütasyon ile çözmeye başlıyor ama kullandığı yol kombinasyonun pratik çözümü oluyor; iki formülü ayırt edemiyor.,Öğrenci permütasyon ile çözmeye başlamış fakat çözümü yanlış olmuştur; o çözüm kombinasyonun pratik şekildeki çözümüdür.,,"Araştırmacı tarafından geliştirilen 25 açık uçlu sorudan oluşan veri toplama aracı (7 matematik öğretmeniyle nitel görüşmeyle oluşturuldu, 3 uzman görüşü alındı, 31 öğrencide pilot uygulandı); her kâğıt 5 kademeli rubriğe göre (0 boş / 1 kavram hatası / 2 kavram yanılgısı / 3 işlem hatası / 4 doğru) iki matematik öğretmenince puanlandı, Miles ve Huberman (1994) formülüyle güvenirlik katsayısı 0,83; ayrıca yanılgıya düşen 14 öğrenciyle görüşme yapıldı (n=349)","Olasılık çeşitlerinin tanımdan değil etkinlikten başlatılması; bağımlı-bağımsız olayların ezberden uzak, çözümlemeye dayalı öğretimi; sarmal yapının 6. sınıf ön bilgileri tam oturtularak uygulanması; permütasyon-kombinasyonda formül ezberi yerine kavramı sezdirici etkinlikler",YOK,2,1,s. 54,"K1: Tez oranları SORU BAZINDA ve rubrik kategorisi düzeyinde veriyor (boş / kavram hatası / kavram yanılgısı / işlem hatası / doğru); bir sorunun kavram yanılgısı yüzdesi o soruda görülen birden çok yanılgı türüne dağılıyor, bu yüzden tezde yanılgı başına oran verilmemiş sayıldı — gorulme_orani boş, K5 gereği guven=1. K2: Tez 'kavram hatası' (konuyu bilmeme) ve 'işlem hatası' (dikkatsizlik) kategorilerini kavram yanılgısından ayırıyor; yalnız rubrik puanı 2 = kavram yanılgısı etiketli bulgular satır oldu. KAPSAM: uygulama 2008-2009, yani 2005 İlköğretim Matematik Programı dönemi; protokolün 2013/2018/Maarif kümesinde karşılığı olmadığı için mufredat_donemi TEYİT GEREKLİ. LGS: Permütasyon ve kombinasyon MEB 2018 ortaokul matematik programında yok; lgs_kazanim_tahmini boş. LEMMA: Tez sebebi doğrudan öğretime bağlıyor — 'Formüller ezberletildiği için bu tür yanılgılar oluşmaktadır' (s. 60) -> basamak 2. | KAPSAM SAPMASI (LGS): Permütasyon/kombinasyon/faktöriyel MEB 2018 6-8 kazanım listesinde (kazanim-listesi.txt) hiç geçmiyor. Satır literatür kaydı olarak kalır; LGS konu sayfasında bulgu olarak KULLANILAMAZ. lgs_kazanim_tahmini bu yüzden boş. | mufredat_donemi (2026-08-27 denetiminde dolduruldu): 2005. Dayanak KAYNAGIN KENDI CUMLESI: ""Arastirmanin verileri 2008-2009 ogretim yili II. [donem]"" — 8. sinif 2005 programina 2008-2009'da gectigi icin ornekleme veri toplandigi yil 2005 programiyla okuyordu.",
252911,"Dereli, Ayşe",2009,Eskişehir Osmangazi Üniversitesi,YL,2005,8,349,Manisa (Alaşehir),DİĞER: Permütasyon ve kombinasyon,,Seçim öncesi eksiltme yapmadan işlem yapma,Ekipte 2 kişi belli olduğu için 12 kişiden 2 kişi çıkarılarak 10 kişi içinden 3 kişi seçilmesi gerekirken öğrenci sayılarda hiçbir eksiltme yapmadan işlem yapıyor; belli olan elemanları seçim havuzundan düşürmüyor.,Öğrenci kombinasyon ile doğru çözüm yapıyor ama sayılarda hiçbir eksiltme yapmıyor; görüşmede 5 kişinin seçiminden bahsedildiğini belirtiyor.,,"Araştırmacı tarafından geliştirilen 25 açık uçlu sorudan oluşan veri toplama aracı (7 matematik öğretmeniyle nitel görüşmeyle oluşturuldu, 3 uzman görüşü alındı, 31 öğrencide pilot uygulandı); her kâğıt 5 kademeli rubriğe göre (0 boş / 1 kavram hatası / 2 kavram yanılgısı / 3 işlem hatası / 4 doğru) iki matematik öğretmenince puanlandı, Miles ve Huberman (1994) formülüyle güvenirlik katsayısı 0,83; ayrıca yanılgıya düşen 14 öğrenciyle görüşme yapıldı (n=349)","Olasılık çeşitlerinin tanımdan değil etkinlikten başlatılması; bağımlı-bağımsız olayların ezberden uzak, çözümlemeye dayalı öğretimi; sarmal yapının 6. sınıf ön bilgileri tam oturtularak uygulanması; permütasyon-kombinasyonda formül ezberi yerine kavramı sezdirici etkinlikler",YOK,1,1,s. 53-54,"K1: Tez oranları SORU BAZINDA ve rubrik kategorisi düzeyinde veriyor (boş / kavram hatası / kavram yanılgısı / işlem hatası / doğru); bir sorunun kavram yanılgısı yüzdesi o soruda görülen birden çok yanılgı türüne dağılıyor, bu yüzden tezde yanılgı başına oran verilmemiş sayıldı — gorulme_orani boş, K5 gereği guven=1. K2: Tez 'kavram hatası' (konuyu bilmeme) ve 'işlem hatası' (dikkatsizlik) kategorilerini kavram yanılgısından ayırıyor; yalnız rubrik puanı 2 = kavram yanılgısı etiketli bulgular satır oldu. KAPSAM: uygulama 2008-2009, yani 2005 İlköğretim Matematik Programı dönemi; protokolün 2013/2018/Maarif kümesinde karşılığı olmadığı için mufredat_donemi TEYİT GEREKLİ. LGS: Permütasyon ve kombinasyon MEB 2018 ortaokul matematik programında yok; lgs_kazanim_tahmini boş. | KAPSAM SAPMASI (LGS): Permütasyon/kombinasyon/faktöriyel MEB 2018 6-8 kazanım listesinde (kazanim-listesi.txt) hiç geçmiyor. Satır literatür kaydı olarak kalır; LGS konu sayfasında bulgu olarak KULLANILAMAZ. lgs_kazanim_tahmini bu yüzden boş. | mufredat_donemi (2026-08-27 denetiminde dolduruldu): 2005. Dayanak KAYNAGIN KENDI CUMLESI: ""Arastirmanin verileri 2008-2009 ogretim yili II. [donem]"" — 8. sinif 2005 programina 2008-2009'da gectigi icin ornekleme veri toplandigi yil 2005 programiyla okuyordu.",
252911,"Dereli, Ayşe",2009,Eskişehir Osmangazi Üniversitesi,YL,2005,8,349,Manisa (Alaşehir),DİĞER: Permütasyon ve kombinasyon,,Saymada çarpma yerine toplama ilkesini kullanma,Öğrenci doğru problem kursa da çözümün sonunda saymanın çarpma ilkesi yerine toplama ilkesini kullanıyor.,"Öğrenci doğru bir kombinasyon sorusu kurmuş, fakat çözümün sonunda saymanın çarpma ilkesini kullanarak 27 bulması gerekirken saymanın toplama ilkesini kullanarak 9 buluyor.",,"Araştırmacı tarafından geliştirilen 25 açık uçlu sorudan oluşan veri toplama aracı (7 matematik öğretmeniyle nitel görüşmeyle oluşturuldu, 3 uzman görüşü alındı, 31 öğrencide pilot uygulandı); her kâğıt 5 kademeli rubriğe göre (0 boş / 1 kavram hatası / 2 kavram yanılgısı / 3 işlem hatası / 4 doğru) iki matematik öğretmenince puanlandı, Miles ve Huberman (1994) formülüyle güvenirlik katsayısı 0,83; ayrıca yanılgıya düşen 14 öğrenciyle görüşme yapıldı (n=349)","Olasılık çeşitlerinin tanımdan değil etkinlikten başlatılması; bağımlı-bağımsız olayların ezberden uzak, çözümlemeye dayalı öğretimi; sarmal yapının 6. sınıf ön bilgileri tam oturtularak uygulanması; permütasyon-kombinasyonda formül ezberi yerine kavramı sezdirici etkinlikler",YOK,2,1,s. 57,"K1: Tez oranları SORU BAZINDA ve rubrik kategorisi düzeyinde veriyor (boş / kavram hatası / kavram yanılgısı / işlem hatası / doğru); bir sorunun kavram yanılgısı yüzdesi o soruda görülen birden çok yanılgı türüne dağılıyor, bu yüzden tezde yanılgı başına oran verilmemiş sayıldı — gorulme_orani boş, K5 gereği guven=1. K2: Tez 'kavram hatası' (konuyu bilmeme) ve 'işlem hatası' (dikkatsizlik) kategorilerini kavram yanılgısından ayırıyor; yalnız rubrik puanı 2 = kavram yanılgısı etiketli bulgular satır oldu. KAPSAM: uygulama 2008-2009, yani 2005 İlköğretim Matematik Programı dönemi; protokolün 2013/2018/Maarif kümesinde karşılığı olmadığı için mufredat_donemi TEYİT GEREKLİ. LGS: Permütasyon ve kombinasyon MEB 2018 ortaokul matematik programında yok; lgs_kazanim_tahmini boş. LEMMA: Tez sebebi 6. sınıftan gelen yanlış öğrenmelere bağlıyor (s. 57) -> basamak 2. | KAPSAM SAPMASI (LGS): Permütasyon/kombinasyon/faktöriyel MEB 2018 6-8 kazanım listesinde (kazanim-listesi.txt) hiç geçmiyor. Satır literatür kaydı olarak kalır; LGS konu sayfasında bulgu olarak KULLANILAMAZ. lgs_kazanim_tahmini bu yüzden boş. | mufredat_donemi (2026-08-27 denetiminde dolduruldu): 2005. Dayanak KAYNAGIN KENDI CUMLESI: ""Arastirmanin verileri 2008-2009 ogretim yili II. [donem]"" — 8. sinif 2005 programina 2008-2009'da gectigi icin ornekleme veri toplandigi yil 2005 programiyla okuyordu.",
252911,"Dereli, Ayşe",2009,Eskişehir Osmangazi Üniversitesi,YL,2005,8,349,Manisa (Alaşehir),DİĞER: Permütasyon ve kombinasyon,,Kombinasyon yerine permütasyon problemi kurma,Öğrenci kombinasyon yerine permütasyon sorusu kurarak kavram yanılgısına düşüyor; sayı oluşturmada rakamların sırası önemli olduğu için kurduğu soru permütasyon ile çözülmesi gereken bir sorudur.,"Öğrenciden kombinasyon problemi kurması istenmiş; kurduğu soru permütasyon sorusudur, soruda verilen işlem ise kombinasyon işlemidir.",,"Araştırmacı tarafından geliştirilen 25 açık uçlu sorudan oluşan veri toplama aracı (7 matematik öğretmeniyle nitel görüşmeyle oluşturuldu, 3 uzman görüşü alındı, 31 öğrencide pilot uygulandı); her kâğıt 5 kademeli rubriğe göre (0 boş / 1 kavram hatası / 2 kavram yanılgısı / 3 işlem hatası / 4 doğru) iki matematik öğretmenince puanlandı, Miles ve Huberman (1994) formülüyle güvenirlik katsayısı 0,83; ayrıca yanılgıya düşen 14 öğrenciyle görüşme yapıldı (n=349)","Olasılık çeşitlerinin tanımdan değil etkinlikten başlatılması; bağımlı-bağımsız olayların ezberden uzak, çözümlemeye dayalı öğretimi; sarmal yapının 6. sınıf ön bilgileri tam oturtularak uygulanması; permütasyon-kombinasyonda formül ezberi yerine kavramı sezdirici etkinlikler",YOK,1,1,s. 57,"K1: Tez oranları SORU BAZINDA ve rubrik kategorisi düzeyinde veriyor (boş / kavram hatası / kavram yanılgısı / işlem hatası / doğru); bir sorunun kavram yanılgısı yüzdesi o soruda görülen birden çok yanılgı türüne dağılıyor, bu yüzden tezde yanılgı başına oran verilmemiş sayıldı — gorulme_orani boş, K5 gereği guven=1. K2: Tez 'kavram hatası' (konuyu bilmeme) ve 'işlem hatası' (dikkatsizlik) kategorilerini kavram yanılgısından ayırıyor; yalnız rubrik puanı 2 = kavram yanılgısı etiketli bulgular satır oldu. KAPSAM: uygulama 2008-2009, yani 2005 İlköğretim Matematik Programı dönemi; protokolün 2013/2018/Maarif kümesinde karşılığı olmadığı için mufredat_donemi TEYİT GEREKLİ. LGS: Permütasyon ve kombinasyon MEB 2018 ortaokul matematik programında yok; lgs_kazanim_tahmini boş. | KAPSAM SAPMASI (LGS): Permütasyon/kombinasyon/faktöriyel MEB 2018 6-8 kazanım listesinde (kazanim-listesi.txt) hiç geçmiyor. Satır literatür kaydı olarak kalır; LGS konu sayfasında bulgu olarak KULLANILAMAZ. lgs_kazanim_tahmini bu yüzden boş. | mufredat_donemi (2026-08-27 denetiminde dolduruldu): 2005. Dayanak KAYNAGIN KENDI CUMLESI: ""Arastirmanin verileri 2008-2009 ogretim yili II. [donem]"" — 8. sinif 2005 programina 2008-2009'da gectigi icin ornekleme veri toplandigi yil 2005 programiyla okuyordu.",
MAKALE:AIBUEFD-15-2-2015,"Çakmak, Zübeyde Tuba; Durmuş, Soner",2015,Abant İzzet Baysal Üniversitesi,MAKALE,TEYİT GEREKLİ,6,418,Bolu,Basit olayların olma olasılığı,,Renk sayısına göre eşit olasılık atfetme,Öğrenci bilyelerin miktarına göre değil renk sayısına göre bir oranlama yapıyor; paranın yazı-tura durumundaki 1/2 mantığını üç renkli duruma taşıyıp her renk için 1/3 olasılık olduğunu düşünüyor.,"3 mavi, 9 yeşil ve 8 kırmızı bilye sorusunda öğrenci “Mavi, yeşil ve kırmızı top vardı. Üç renk varsa olasılık 3'te 1'dir” diyor; sayıların eşit olmamasının şansı neden değiştirmediği sorulunca “Neden değiştirsin ki sonuçta üç farklı renk var” diye ısrar ediyor.",,"İstatistik ve Olasılık Öğrenme Zorluk Anket Formu (İOZA) — 6. sınıfta 26, 7. sınıfta 52, 8. sınıfta 64 kavramdan oluşan, on yılın üzerinde deneyimli üç öğretmen ve uzman görüşüyle geliştirilmiş anlama düzeyi anketi (n=418); ardından her sınıf düzeyinden akademik başarısı düşük 4, orta 4 ve yüksek 2 olmak üzere toplam 30 öğrenciyle yarı yapılandırılmış mülakat (görüşme formunda iki uzman arasında %90 uyum). Karma (nicel + nitel) yöntem","Kavramsal anlamayı esas alan öğretim uygulamaları; işbirlikli öğrenme, bilgisayar destekli öğrenme ve dramatizasyon gibi yaklaşımlar; matematiksel kavramların günlük dildeki karşılıklarıyla ilişkilendirilip benzerlik ve farklılıklarının kavratılması; deneysel olasılıkta 'bir sonraki denemede neden pay ve payda artırılmıyor' sorusunun sınıf içi tartışmayla açılması",YOK,1,1,s. 35-36,"K1: Makalenin tek nicel verisi ZORLUK İNDEKSİ'dir (bir kavrama 'hiç anlamadım' / 'biraz anladım' diyen öğrenci yüzdesi). Bu öz bildirimdir, bir yanılgının görülme oranı değildir; Tablo 1-3'teki hiçbir yüzde gorulme_orani sütununa yazılmadı — makalede yanılgı başına oran verilmemiş. K5 gereği guven=1. ÖRNEKLEM: orneklem_n=418 anketin örneklemidir (6. sınıf 148, 7. sınıf 150, 8. sınıf 120). Ancak buradaki yanılgılar anketten DEĞİL, her sınıf düzeyinden 10, toplam 30 öğrenciyle yapılan mülakatlardan çıkarıldı — bir yanılgının arkasında n=418 değil, o sınıf düzeyinden 10 kişilik mülakat grubu vardır. K2: Makale bir 'kavram yanılgısı' değil 'zorlanılan kavram' çalışmasıdır; mülakatlarda bilgi boşluğu (unutma, hiç görmeme), zorlanma ve kavram yanılgısı iç içe anlatılıyor. Yalnız öğrencinin doğru sandığı, gerekçelendirdiği tutarlı yanlış anlayışlar satır oldu; 'unuttum', 'formülü hatırlamıyorum', 'nerede kullanılacağını bilmiyorum' türü bulgular ENVANTERE ALINMADI. MÜFREDAT: makalede veri toplama yılı yazmıyor, mufredat_donemi TEYİT GEREKLİ; ancak anketteki kavram listesi (7. sınıfta permütasyon/faktöriyel/ayrık olay, 8. sınıfta kombinasyon/deneysel-öznel olasılık/standart sapma) 2013 öncesi programa işaret ediyor. KÜNYE: makale metninde DOI geçmiyor; tez_id dergi künyesinden (AİBÜ Eğitim Fak. Dergisi 15(2), 27-58) türetildi. DergiPark dosya adındaki DOI: 10.17240/aibuefd.2015.15.2-5000161312. Makale bu bulguyu açıkça 'kavram yanılgısı' diye adlandırıyor (s. 36) ve tartışmada tekrarlıyor (s. 49). | mufredat_donemi TEYIT GEREKLI gerekcesi (2026-08-27): veri toplama yili makalede YAZILI DEGIL. Ornekleme 6. sinif; 6. sinif 2013 programina 2014-2015'te gecti. Yayin 2015 oldugundan veri 2013-14 (2005 programi) veya 2014-15 (2013 programi) olabilir — ayirt edilemedi, tahmin edilmedi. 2013 ogretim programi ortaokula kademeli girdi: 5. sinif 2013-2014, 8. sinif 2016-2017.",M.8.5.1.3; M.8.5.1.5
MAKALE:AIBUEFD-15-2-2015,"Çakmak, Zübeyde Tuba; Durmuş, Soner",2015,Abant İzzet Baysal Üniversitesi,MAKALE,TEYİT GEREKLİ,6,418,Bolu,Basit olayların olma olasılığı,,Küçüktür ifadesine sınır değeri dahil etme,Öğrenci “2'den küçük” ifadesinde 2'nin de alınıp alınmayacağını bilemiyor ve sınır değeri çıktıların içine katıyor; matematiksel ifadeyle günlük dildeki kullanım birbirine karışıyor.,"Çekilen topun 2'den küçük olma olasılığı sorulduğunda öğrenci çıktıları (2,2,2,1,1,1,1) diye yazıyor, sonra “2'den küçük dediğimiz zaman 2'yi de alacak mıydık?” diye soruyor.",,"İstatistik ve Olasılık Öğrenme Zorluk Anket Formu (İOZA) — 6. sınıfta 26, 7. sınıfta 52, 8. sınıfta 64 kavramdan oluşan, on yılın üzerinde deneyimli üç öğretmen ve uzman görüşüyle geliştirilmiş anlama düzeyi anketi (n=418); ardından her sınıf düzeyinden akademik başarısı düşük 4, orta 4 ve yüksek 2 olmak üzere toplam 30 öğrenciyle yarı yapılandırılmış mülakat (görüşme formunda iki uzman arasında %90 uyum). Karma (nicel + nitel) yöntem","Kavramsal anlamayı esas alan öğretim uygulamaları; işbirlikli öğrenme, bilgisayar destekli öğrenme ve dramatizasyon gibi yaklaşımlar; matematiksel kavramların günlük dildeki karşılıklarıyla ilişkilendirilip benzerlik ve farklılıklarının kavratılması; deneysel olasılıkta 'bir sonraki denemede neden pay ve payda artırılmıyor' sorusunun sınıf içi tartışmayla açılması",YOK,1,1,s. 35,"K1: Makalenin tek nicel verisi ZORLUK İNDEKSİ'dir (bir kavrama 'hiç anlamadım' / 'biraz anladım' diyen öğrenci yüzdesi). Bu öz bildirimdir, bir yanılgının görülme oranı değildir; Tablo 1-3'teki hiçbir yüzde gorulme_orani sütununa yazılmadı — makalede yanılgı başına oran verilmemiş. K5 gereği guven=1. ÖRNEKLEM: orneklem_n=418 anketin örneklemidir (6. sınıf 148, 7. sınıf 150, 8. sınıf 120). Ancak buradaki yanılgılar anketten DEĞİL, her sınıf düzeyinden 10, toplam 30 öğrenciyle yapılan mülakatlardan çıkarıldı — bir yanılgının arkasında n=418 değil, o sınıf düzeyinden 10 kişilik mülakat grubu vardır. K2: Makale bir 'kavram yanılgısı' değil 'zorlanılan kavram' çalışmasıdır; mülakatlarda bilgi boşluğu (unutma, hiç görmeme), zorlanma ve kavram yanılgısı iç içe anlatılıyor. Yalnız öğrencinin doğru sandığı, gerekçelendirdiği tutarlı yanlış anlayışlar satır oldu; 'unuttum', 'formülü hatırlamıyorum', 'nerede kullanılacağını bilmiyorum' türü bulgular ENVANTERE ALINMADI. MÜFREDAT: makalede veri toplama yılı yazmıyor, mufredat_donemi TEYİT GEREKLİ; ancak anketteki kavram listesi (7. sınıfta permütasyon/faktöriyel/ayrık olay, 8. sınıfta kombinasyon/deneysel-öznel olasılık/standart sapma) 2013 öncesi programa işaret ediyor. KÜNYE: makale metninde DOI geçmiyor; tez_id dergi künyesinden (AİBÜ Eğitim Fak. Dergisi 15(2), 27-58) türetildi. DergiPark dosya adındaki DOI: 10.17240/aibuefd.2015.15.2-5000161312. Makale bunu açıkça 'doğal sayılar konusunda da bazı kavram yanılgıları' diye adlandırıyor (s. 35). K2 sınır durumu: yanılgının kendisi olasılıkta değil doğal sayılarda, ama olasılık sorusunda görünür oluyor — konu sütunu bu yüzden olasılık. | mufredat_donemi TEYIT GEREKLI gerekcesi (2026-08-27): veri toplama yili makalede YAZILI DEGIL. Ornekleme 6. sinif; 6. sinif 2013 programina 2014-2015'te gecti. Yayin 2015 oldugundan veri 2013-14 (2005 programi) veya 2014-15 (2013 programi) olabilir — ayirt edilemedi, tahmin edilmedi. 2013 ogretim programi ortaokula kademeli girdi: 5. sinif 2013-2014, 8. sinif 2016-2017.",M.8.5.1.1
MAKALE:AIBUEFD-15-2-2015,"Çakmak, Zübeyde Tuba; Durmuş, Soner",2015,Abant İzzet Baysal Üniversitesi,MAKALE,TEYİT GEREKLİ,6,418,Bolu,Basit olayların olma olasılığı,,Tek yüzdeki sayıyı çıktı sayısı sanma,"Öğrenci zarın bir yüzünde bulunan 5 sayısı için çıktı sayısını 1 alması gerekirken, istenen sayı 5 olduğu için çıktıyı 5 olarak alıyor ve olasılığı 5/6 buluyor; aynı hatayı teklik-çiftlik gibi birden fazla çıktılı olaylarda yapmıyor.","Öğrenci “Benden 5 gelme olasılığını istiyordu. Olayın çıktısı 5, tüm durumlar zarın altı yüzü olduğu için 6, oranlarım: 5/6” diyor.",,"İstatistik ve Olasılık Öğrenme Zorluk Anket Formu (İOZA) — 6. sınıfta 26, 7. sınıfta 52, 8. sınıfta 64 kavramdan oluşan, on yılın üzerinde deneyimli üç öğretmen ve uzman görüşüyle geliştirilmiş anlama düzeyi anketi (n=418); ardından her sınıf düzeyinden akademik başarısı düşük 4, orta 4 ve yüksek 2 olmak üzere toplam 30 öğrenciyle yarı yapılandırılmış mülakat (görüşme formunda iki uzman arasında %90 uyum). Karma (nicel + nitel) yöntem","Kavramsal anlamayı esas alan öğretim uygulamaları; işbirlikli öğrenme, bilgisayar destekli öğrenme ve dramatizasyon gibi yaklaşımlar; matematiksel kavramların günlük dildeki karşılıklarıyla ilişkilendirilip benzerlik ve farklılıklarının kavratılması; deneysel olasılıkta 'bir sonraki denemede neden pay ve payda artırılmıyor' sorusunun sınıf içi tartışmayla açılması",YOK,1,1,s. 36,"K1: Makalenin tek nicel verisi ZORLUK İNDEKSİ'dir (bir kavrama 'hiç anlamadım' / 'biraz anladım' diyen öğrenci yüzdesi). Bu öz bildirimdir, bir yanılgının görülme oranı değildir; Tablo 1-3'teki hiçbir yüzde gorulme_orani sütununa yazılmadı — makalede yanılgı başına oran verilmemiş. K5 gereği guven=1. ÖRNEKLEM: orneklem_n=418 anketin örneklemidir (6. sınıf 148, 7. sınıf 150, 8. sınıf 120). Ancak buradaki yanılgılar anketten DEĞİL, her sınıf düzeyinden 10, toplam 30 öğrenciyle yapılan mülakatlardan çıkarıldı — bir yanılgının arkasında n=418 değil, o sınıf düzeyinden 10 kişilik mülakat grubu vardır. K2: Makale bir 'kavram yanılgısı' değil 'zorlanılan kavram' çalışmasıdır; mülakatlarda bilgi boşluğu (unutma, hiç görmeme), zorlanma ve kavram yanılgısı iç içe anlatılıyor. Yalnız öğrencinin doğru sandığı, gerekçelendirdiği tutarlı yanlış anlayışlar satır oldu; 'unuttum', 'formülü hatırlamıyorum', 'nerede kullanılacağını bilmiyorum' türü bulgular ENVANTERE ALINMADI. MÜFREDAT: makalede veri toplama yılı yazmıyor, mufredat_donemi TEYİT GEREKLİ; ancak anketteki kavram listesi (7. sınıfta permütasyon/faktöriyel/ayrık olay, 8. sınıfta kombinasyon/deneysel-öznel olasılık/standart sapma) 2013 öncesi programa işaret ediyor. KÜNYE: makale metninde DOI geçmiyor; tez_id dergi künyesinden (AİBÜ Eğitim Fak. Dergisi 15(2), 27-58) türetildi. DergiPark dosya adındaki DOI: 10.17240/aibuefd.2015.15.2-5000161312. Makale bu bulguyu tartışma bölümünde de tekrarlıyor (s. 49) ve çıktı kavramındaki eksikliğe bağlıyor. | mufredat_donemi TEYIT GEREKLI gerekcesi (2026-08-27): veri toplama yili makalede YAZILI DEGIL. Ornekleme 6. sinif; 6. sinif 2013 programina 2014-2015'te gecti. Yayin 2015 oldugundan veri 2013-14 (2005 programi) veya 2014-15 (2013 programi) olabilir — ayirt edilemedi, tahmin edilmedi. 2013 ogretim programi ortaokula kademeli girdi: 5. sinif 2013-2014, 8. sinif 2016-2017.",M.8.5.1.1; M.8.5.1.5
MAKALE:AIBUEFD-15-2-2015,"Çakmak, Zübeyde Tuba; Durmuş, Soner",2015,Abant İzzet Baysal Üniversitesi,MAKALE,TEYİT GEREKLİ,6,418,Bolu,Basit olayların olma olasılığı,,Her olayı olur olmaz diye ikiye indirgeme,Öğrenci bazı durumları yalnızca olma ya da olmama diye iki eşit duruma indiriyor ve olasılığı etkileyebilecek diğer etkenleri görmezden geliyor; verilen yüzdeyi reddedip sonucun yarı yarıya olması gerektiğini savunuyor.,"Hedefi vurma olasılığı %60 verilen okçu sorusunda öğrenci “Nasıl hedefi vurma olasılığı %60 olmuş ki, yarı yarıya olmaz mı? Ya vurur ya da vuramaz. Bence cevap %50 olmalı” diyor.",,"İstatistik ve Olasılık Öğrenme Zorluk Anket Formu (İOZA) — 6. sınıfta 26, 7. sınıfta 52, 8. sınıfta 64 kavramdan oluşan, on yılın üzerinde deneyimli üç öğretmen ve uzman görüşüyle geliştirilmiş anlama düzeyi anketi (n=418); ardından her sınıf düzeyinden akademik başarısı düşük 4, orta 4 ve yüksek 2 olmak üzere toplam 30 öğrenciyle yarı yapılandırılmış mülakat (görüşme formunda iki uzman arasında %90 uyum). Karma (nicel + nitel) yöntem","Kavramsal anlamayı esas alan öğretim uygulamaları; işbirlikli öğrenme, bilgisayar destekli öğrenme ve dramatizasyon gibi yaklaşımlar; matematiksel kavramların günlük dildeki karşılıklarıyla ilişkilendirilip benzerlik ve farklılıklarının kavratılması; deneysel olasılıkta 'bir sonraki denemede neden pay ve payda artırılmıyor' sorusunun sınıf içi tartışmayla açılması",YOK,1,1,s. 36,"K1: Makalenin tek nicel verisi ZORLUK İNDEKSİ'dir (bir kavrama 'hiç anlamadım' / 'biraz anladım' diyen öğrenci yüzdesi). Bu öz bildirimdir, bir yanılgının görülme oranı değildir; Tablo 1-3'teki hiçbir yüzde gorulme_orani sütununa yazılmadı — makalede yanılgı başına oran verilmemiş. K5 gereği guven=1. ÖRNEKLEM: orneklem_n=418 anketin örneklemidir (6. sınıf 148, 7. sınıf 150, 8. sınıf 120). Ancak buradaki yanılgılar anketten DEĞİL, her sınıf düzeyinden 10, toplam 30 öğrenciyle yapılan mülakatlardan çıkarıldı — bir yanılgının arkasında n=418 değil, o sınıf düzeyinden 10 kişilik mülakat grubu vardır. K2: Makale bir 'kavram yanılgısı' değil 'zorlanılan kavram' çalışmasıdır; mülakatlarda bilgi boşluğu (unutma, hiç görmeme), zorlanma ve kavram yanılgısı iç içe anlatılıyor. Yalnız öğrencinin doğru sandığı, gerekçelendirdiği tutarlı yanlış anlayışlar satır oldu; 'unuttum', 'formülü hatırlamıyorum', 'nerede kullanılacağını bilmiyorum' türü bulgular ENVANTERE ALINMADI. MÜFREDAT: makalede veri toplama yılı yazmıyor, mufredat_donemi TEYİT GEREKLİ; ancak anketteki kavram listesi (7. sınıfta permütasyon/faktöriyel/ayrık olay, 8. sınıfta kombinasyon/deneysel-öznel olasılık/standart sapma) 2013 öncesi programa işaret ediyor. KÜNYE: makale metninde DOI geçmiyor; tez_id dergi künyesinden (AİBÜ Eğitim Fak. Dergisi 15(2), 27-58) türetildi. DergiPark dosya adındaki DOI: 10.17240/aibuefd.2015.15.2-5000161312. Makale tartışmada bunu ayrı bir bulgu olarak tekrar ediyor (s. 49). | mufredat_donemi TEYIT GEREKLI gerekcesi (2026-08-27): veri toplama yili makalede YAZILI DEGIL. Ornekleme 6. sinif; 6. sinif 2013 programina 2014-2015'te gecti. Yayin 2015 oldugundan veri 2013-14 (2005 programi) veya 2014-15 (2013 programi) olabilir — ayirt edilemedi, tahmin edilmedi. 2013 ogretim programi ortaokula kademeli girdi: 5. sinif 2013-2014, 8. sinif 2016-2017.",M.8.5.1.3; M.8.5.1.4
MAKALE:AIBUEFD-15-2-2015,"Çakmak, Zübeyde Tuba; Durmuş, Soner",2015,Abant İzzet Baysal Üniversitesi,MAKALE,TEYİT GEREKLİ,6,418,Bolu,Basit olayların olma olasılığı,,Olmama olasılığı için ayrı formül arama,Öğrenci olayın olmama olasılığının ayrı bir formülle bulunması gerektiğini düşünüyor; olma olasılığı ile olmama olasılığının toplamının 1 olduğunu bilmiyor.,"Öğrenciler olayın olma olasılığı ile olmama olasılığının aynı şekilde bulunabileceğini, bunun için de ayrı bir formül olması gerektiğini düşünüyor.",,"İstatistik ve Olasılık Öğrenme Zorluk Anket Formu (İOZA) — 6. sınıfta 26, 7. sınıfta 52, 8. sınıfta 64 kavramdan oluşan, on yılın üzerinde deneyimli üç öğretmen ve uzman görüşüyle geliştirilmiş anlama düzeyi anketi (n=418); ardından her sınıf düzeyinden akademik başarısı düşük 4, orta 4 ve yüksek 2 olmak üzere toplam 30 öğrenciyle yarı yapılandırılmış mülakat (görüşme formunda iki uzman arasında %90 uyum). Karma (nicel + nitel) yöntem","Kavramsal anlamayı esas alan öğretim uygulamaları; işbirlikli öğrenme, bilgisayar destekli öğrenme ve dramatizasyon gibi yaklaşımlar; matematiksel kavramların günlük dildeki karşılıklarıyla ilişkilendirilip benzerlik ve farklılıklarının kavratılması; deneysel olasılıkta 'bir sonraki denemede neden pay ve payda artırılmıyor' sorusunun sınıf içi tartışmayla açılması",YOK,1,1,s. 36,"K1: Makalenin tek nicel verisi ZORLUK İNDEKSİ'dir (bir kavrama 'hiç anlamadım' / 'biraz anladım' diyen öğrenci yüzdesi). Bu öz bildirimdir, bir yanılgının görülme oranı değildir; Tablo 1-3'teki hiçbir yüzde gorulme_orani sütununa yazılmadı — makalede yanılgı başına oran verilmemiş. K5 gereği guven=1. ÖRNEKLEM: orneklem_n=418 anketin örneklemidir (6. sınıf 148, 7. sınıf 150, 8. sınıf 120). Ancak buradaki yanılgılar anketten DEĞİL, her sınıf düzeyinden 10, toplam 30 öğrenciyle yapılan mülakatlardan çıkarıldı — bir yanılgının arkasında n=418 değil, o sınıf düzeyinden 10 kişilik mülakat grubu vardır. K2: Makale bir 'kavram yanılgısı' değil 'zorlanılan kavram' çalışmasıdır; mülakatlarda bilgi boşluğu (unutma, hiç görmeme), zorlanma ve kavram yanılgısı iç içe anlatılıyor. Yalnız öğrencinin doğru sandığı, gerekçelendirdiği tutarlı yanlış anlayışlar satır oldu; 'unuttum', 'formülü hatırlamıyorum', 'nerede kullanılacağını bilmiyorum' türü bulgular ENVANTERE ALINMADI. MÜFREDAT: makalede veri toplama yılı yazmıyor, mufredat_donemi TEYİT GEREKLİ; ancak anketteki kavram listesi (7. sınıfta permütasyon/faktöriyel/ayrık olay, 8. sınıfta kombinasyon/deneysel-öznel olasılık/standart sapma) 2013 öncesi programa işaret ediyor. KÜNYE: makale metninde DOI geçmiyor; tez_id dergi künyesinden (AİBÜ Eğitim Fak. Dergisi 15(2), 27-58) türetildi. DergiPark dosya adındaki DOI: 10.17240/aibuefd.2015.15.2-5000161312. M.8.5.1.4 açıklaması 'bir olayın olma olasılığı ile olmama olasılığının toplamının 1 olduğu fark ettirilir' diyor — yanılgı doğrudan bu kazanımı vuruyor. | mufredat_donemi TEYIT GEREKLI gerekcesi (2026-08-27): veri toplama yili makalede YAZILI DEGIL. Ornekleme 6. sinif; 6. sinif 2013 programina 2014-2015'te gecti. Yayin 2015 oldugundan veri 2013-14 (2005 programi) veya 2014-15 (2013 programi) olabilir — ayirt edilemedi, tahmin edilmedi. 2013 ogretim programi ortaokula kademeli girdi: 5. sinif 2013-2014, 8. sinif 2016-2017.",M.8.5.1.4
MAKALE:AIBUEFD-15-2-2015,"Çakmak, Zübeyde Tuba; Durmuş, Soner",2015,Abant İzzet Baysal Üniversitesi,MAKALE,TEYİT GEREKLİ,7,418,Bolu,DİĞER: Ayrık olmayan olayların olasılığı,,Ayrık olmayan olayda kesişimi iki kez sayma,Öğrenci ayrık olmayan olayların olasılığını hesaplarken kesişimdeki kişileri iki kez sayıyor; istenen durum sayısı tüm durumlardan büyük çıkıyor ve bunu yadırgamıyor.,"24 öğrencili sınıf sorusunda öğrenci 24−10=14, 5+6=11, 14+11=25 yapıp 25/24 buluyor; yönlendirme sonrası “Erkek öğrencilerin içerisinde gözlüklüler vardı zaten. Ben aynı öğrenciyi iki kere saymış oldum” diyor.",,"İstatistik ve Olasılık Öğrenme Zorluk Anket Formu (İOZA) — 6. sınıfta 26, 7. sınıfta 52, 8. sınıfta 64 kavramdan oluşan, on yılın üzerinde deneyimli üç öğretmen ve uzman görüşüyle geliştirilmiş anlama düzeyi anketi (n=418); ardından her sınıf düzeyinden akademik başarısı düşük 4, orta 4 ve yüksek 2 olmak üzere toplam 30 öğrenciyle yarı yapılandırılmış mülakat (görüşme formunda iki uzman arasında %90 uyum). Karma (nicel + nitel) yöntem","Kavramsal anlamayı esas alan öğretim uygulamaları; işbirlikli öğrenme, bilgisayar destekli öğrenme ve dramatizasyon gibi yaklaşımlar; matematiksel kavramların günlük dildeki karşılıklarıyla ilişkilendirilip benzerlik ve farklılıklarının kavratılması; deneysel olasılıkta 'bir sonraki denemede neden pay ve payda artırılmıyor' sorusunun sınıf içi tartışmayla açılması",YOK,1,1,s. 40,"K1: Makalenin tek nicel verisi ZORLUK İNDEKSİ'dir (bir kavrama 'hiç anlamadım' / 'biraz anladım' diyen öğrenci yüzdesi). Bu öz bildirimdir, bir yanılgının görülme oranı değildir; Tablo 1-3'teki hiçbir yüzde gorulme_orani sütununa yazılmadı — makalede yanılgı başına oran verilmemiş. K5 gereği guven=1. ÖRNEKLEM: orneklem_n=418 anketin örneklemidir (6. sınıf 148, 7. sınıf 150, 8. sınıf 120). Ancak buradaki yanılgılar anketten DEĞİL, her sınıf düzeyinden 10, toplam 30 öğrenciyle yapılan mülakatlardan çıkarıldı — bir yanılgının arkasında n=418 değil, o sınıf düzeyinden 10 kişilik mülakat grubu vardır. K2: Makale bir 'kavram yanılgısı' değil 'zorlanılan kavram' çalışmasıdır; mülakatlarda bilgi boşluğu (unutma, hiç görmeme), zorlanma ve kavram yanılgısı iç içe anlatılıyor. Yalnız öğrencinin doğru sandığı, gerekçelendirdiği tutarlı yanlış anlayışlar satır oldu; 'unuttum', 'formülü hatırlamıyorum', 'nerede kullanılacağını bilmiyorum' türü bulgular ENVANTERE ALINMADI. MÜFREDAT: makalede veri toplama yılı yazmıyor, mufredat_donemi TEYİT GEREKLİ; ancak anketteki kavram listesi (7. sınıfta permütasyon/faktöriyel/ayrık olay, 8. sınıfta kombinasyon/deneysel-öznel olasılık/standart sapma) 2013 öncesi programa işaret ediyor. KÜNYE: makale metninde DOI geçmiyor; tez_id dergi künyesinden (AİBÜ Eğitim Fak. Dergisi 15(2), 27-58) türetildi. DergiPark dosya adındaki DOI: 10.17240/aibuefd.2015.15.2-5000161312. LGS: M.8.5.1.5 açıklaması 'Ayrık olan ve olmayan, bağımlı ve bağımsız olayların olasılığına girilmez' ve 'Birden fazla olayın olma olasılığı ele alınmaz' diyor; ayrık olmayan olayların olasılığının MEB 2018 ortaokul programında karşılığı yok, lgs_kazanim_tahmini boş. K4: Aynı yanılgı 8. sınıfta da ayrıca belgelenmiş (s. 42), o satır ayrı açıldı. | KAPSAM SAPMASI (LGS): MEB 2018 M.8.5.1.5 açıklaması: ""Ayrık olan ve olmayan, bağımlı ve bağımsız olayların olasılığına girilmez; birden fazla olayın olma olasılığı ele alınmaz."" Satır literatür kaydı olarak kalır; LGS konu sayfasında bulgu olarak KULLANILAMAZ. lgs_kazanim_tahmini bu yüzden boş. | mufredat_donemi TEYIT GEREKLI gerekcesi (2026-08-27): veri toplama yili makalede YAZILI DEGIL. Ornekleme 6. sinif; 6. sinif 2013 programina 2014-2015'te gecti. Yayin 2015 oldugundan veri 2013-14 (2005 programi) veya 2014-15 (2013 programi) olabilir — ayirt edilemedi, tahmin edilmedi. 2013 ogretim programi ortaokula kademeli girdi: 5. sinif 2013-2014, 8. sinif 2016-2017.",
MAKALE:AIBUEFD-15-2-2015,"Çakmak, Zübeyde Tuba; Durmuş, Soner",2015,Abant İzzet Baysal Üniversitesi,MAKALE,TEYİT GEREKLİ,8,418,Bolu,DİĞER: Ayrık olmayan olayların olasılığı,,Ayrık olmayan olayda kesişimi iki kez sayma,Öğrenci ayrık olmayan olayların olasılığında kesişimdeki öğrencileri iki kez sayıyor; sonucun 1'den büyük çıktığını ancak hatırlatıldığında fark ediyor ve aynı hatayı önceki yıl da yaptığını söylüyor.,"Aynı 24 öğrencili sınıf sorusunda öğrenci 25/24 buluyor; olasılığın 0 ile 1 arasında olduğu hatırlatılınca “Erkeklerdeki gözlüklüleri tekrar yazmamam gerekirdi” deyip 19/24'e düzeltiyor, ardından “Geçen sene de aynı hatayı yapardım” diyor.",,"İstatistik ve Olasılık Öğrenme Zorluk Anket Formu (İOZA) — 6. sınıfta 26, 7. sınıfta 52, 8. sınıfta 64 kavramdan oluşan, on yılın üzerinde deneyimli üç öğretmen ve uzman görüşüyle geliştirilmiş anlama düzeyi anketi (n=418); ardından her sınıf düzeyinden akademik başarısı düşük 4, orta 4 ve yüksek 2 olmak üzere toplam 30 öğrenciyle yarı yapılandırılmış mülakat (görüşme formunda iki uzman arasında %90 uyum). Karma (nicel + nitel) yöntem","Kavramsal anlamayı esas alan öğretim uygulamaları; işbirlikli öğrenme, bilgisayar destekli öğrenme ve dramatizasyon gibi yaklaşımlar; matematiksel kavramların günlük dildeki karşılıklarıyla ilişkilendirilip benzerlik ve farklılıklarının kavratılması; deneysel olasılıkta 'bir sonraki denemede neden pay ve payda artırılmıyor' sorusunun sınıf içi tartışmayla açılması",YOK,1,1,s. 42,"K1: Makalenin tek nicel verisi ZORLUK İNDEKSİ'dir (bir kavrama 'hiç anlamadım' / 'biraz anladım' diyen öğrenci yüzdesi). Bu öz bildirimdir, bir yanılgının görülme oranı değildir; Tablo 1-3'teki hiçbir yüzde gorulme_orani sütununa yazılmadı — makalede yanılgı başına oran verilmemiş. K5 gereği guven=1. ÖRNEKLEM: orneklem_n=418 anketin örneklemidir (6. sınıf 148, 7. sınıf 150, 8. sınıf 120). Ancak buradaki yanılgılar anketten DEĞİL, her sınıf düzeyinden 10, toplam 30 öğrenciyle yapılan mülakatlardan çıkarıldı — bir yanılgının arkasında n=418 değil, o sınıf düzeyinden 10 kişilik mülakat grubu vardır. K2: Makale bir 'kavram yanılgısı' değil 'zorlanılan kavram' çalışmasıdır; mülakatlarda bilgi boşluğu (unutma, hiç görmeme), zorlanma ve kavram yanılgısı iç içe anlatılıyor. Yalnız öğrencinin doğru sandığı, gerekçelendirdiği tutarlı yanlış anlayışlar satır oldu; 'unuttum', 'formülü hatırlamıyorum', 'nerede kullanılacağını bilmiyorum' türü bulgular ENVANTERE ALINMADI. MÜFREDAT: makalede veri toplama yılı yazmıyor, mufredat_donemi TEYİT GEREKLİ; ancak anketteki kavram listesi (7. sınıfta permütasyon/faktöriyel/ayrık olay, 8. sınıfta kombinasyon/deneysel-öznel olasılık/standart sapma) 2013 öncesi programa işaret ediyor. KÜNYE: makale metninde DOI geçmiyor; tez_id dergi künyesinden (AİBÜ Eğitim Fak. Dergisi 15(2), 27-58) türetildi. DergiPark dosya adındaki DOI: 10.17240/aibuefd.2015.15.2-5000161312. LGS: M.8.5.1.5 açıklaması 'Ayrık olan ve olmayan, bağımlı ve bağımsız olayların olasılığına girilmez' ve 'Birden fazla olayın olma olasılığı ele alınmaz' diyor; ayrık olmayan olayların olasılığının MEB 2018 ortaokul programında karşılığı yok, lgs_kazanim_tahmini boş. K4: Aynı yanılgı 7. sınıfta da ayrıca belgelenmiş (s. 40), o satır ayrı açıldı. Öğrencinin 'geçen sene de aynı hatayı yapardım' demesi yanılgının sınıf düzeyleri arasında taşındığını gösteriyor. | KAPSAM SAPMASI (LGS): MEB 2018 M.8.5.1.5 açıklaması: ""Ayrık olan ve olmayan, bağımlı ve bağımsız olayların olasılığına girilmez; birden fazla olayın olma olasılığı ele alınmaz."" Satır literatür kaydı olarak kalır; LGS konu sayfasında bulgu olarak KULLANILAMAZ. lgs_kazanim_tahmini bu yüzden boş. | mufredat_donemi TEYIT GEREKLI gerekcesi (2026-08-27): veri toplama yili makalede YAZILI DEGIL. Ornekleme 6. sinif; 6. sinif 2013 programina 2014-2015'te gecti. Yayin 2015 oldugundan veri 2013-14 (2005 programi) veya 2014-15 (2013 programi) olabilir — ayirt edilemedi, tahmin edilmedi. 2013 ogretim programi ortaokula kademeli girdi: 5. sinif 2013-2014, 8. sinif 2016-2017.",
MAKALE:AIBUEFD-15-2-2015,"Çakmak, Zübeyde Tuba; Durmuş, Soner",2015,Abant İzzet Baysal Üniversitesi,MAKALE,TEYİT GEREKLİ,karma,418,Bolu,Basit olayların olma olasılığı,,Olasılığın birden büyük çıkmasını olağan sayma,"Öğrenci hesap sonucu olasılık değerinin 1'den büyük çıkmasını yadırgamıyor; olasılık değerinin 0 ile 1 arasında olduğu, 1'den büyük olamayacağı bilgisini kullanmıyor.",Mülakatta bazı öğrenciler olasılık değerinin 1'den büyük çıkmasını normal karşılamıştır.,,"İstatistik ve Olasılık Öğrenme Zorluk Anket Formu (İOZA) — 6. sınıfta 26, 7. sınıfta 52, 8. sınıfta 64 kavramdan oluşan, on yılın üzerinde deneyimli üç öğretmen ve uzman görüşüyle geliştirilmiş anlama düzeyi anketi (n=418); ardından her sınıf düzeyinden akademik başarısı düşük 4, orta 4 ve yüksek 2 olmak üzere toplam 30 öğrenciyle yarı yapılandırılmış mülakat (görüşme formunda iki uzman arasında %90 uyum). Karma (nicel + nitel) yöntem","Kavramsal anlamayı esas alan öğretim uygulamaları; işbirlikli öğrenme, bilgisayar destekli öğrenme ve dramatizasyon gibi yaklaşımlar; matematiksel kavramların günlük dildeki karşılıklarıyla ilişkilendirilip benzerlik ve farklılıklarının kavratılması; deneysel olasılıkta 'bir sonraki denemede neden pay ve payda artırılmıyor' sorusunun sınıf içi tartışmayla açılması",YOK,1,1,s. 48,"K1: Makalenin tek nicel verisi ZORLUK İNDEKSİ'dir (bir kavrama 'hiç anlamadım' / 'biraz anladım' diyen öğrenci yüzdesi). Bu öz bildirimdir, bir yanılgının görülme oranı değildir; Tablo 1-3'teki hiçbir yüzde gorulme_orani sütununa yazılmadı — makalede yanılgı başına oran verilmemiş. K5 gereği guven=1. ÖRNEKLEM: orneklem_n=418 anketin örneklemidir (6. sınıf 148, 7. sınıf 150, 8. sınıf 120). Ancak buradaki yanılgılar anketten DEĞİL, her sınıf düzeyinden 10, toplam 30 öğrenciyle yapılan mülakatlardan çıkarıldı — bir yanılgının arkasında n=418 değil, o sınıf düzeyinden 10 kişilik mülakat grubu vardır. K2: Makale bir 'kavram yanılgısı' değil 'zorlanılan kavram' çalışmasıdır; mülakatlarda bilgi boşluğu (unutma, hiç görmeme), zorlanma ve kavram yanılgısı iç içe anlatılıyor. Yalnız öğrencinin doğru sandığı, gerekçelendirdiği tutarlı yanlış anlayışlar satır oldu; 'unuttum', 'formülü hatırlamıyorum', 'nerede kullanılacağını bilmiyorum' türü bulgular ENVANTERE ALINMADI. MÜFREDAT: makalede veri toplama yılı yazmıyor, mufredat_donemi TEYİT GEREKLİ; ancak anketteki kavram listesi (7. sınıfta permütasyon/faktöriyel/ayrık olay, 8. sınıfta kombinasyon/deneysel-öznel olasılık/standart sapma) 2013 öncesi programa işaret ediyor. KÜNYE: makale metninde DOI geçmiyor; tez_id dergi künyesinden (AİBÜ Eğitim Fak. Dergisi 15(2), 27-58) türetildi. DergiPark dosya adındaki DOI: 10.17240/aibuefd.2015.15.2-5000161312. Makale bunu O'Connell (1999) bulgusuyla eşleştiriyor. K2 sınır durumu: makale bu bulguyu bir yerde 'unutulduğunu ortaya çıkartmaktadır' diye çerçeveliyor; mülakatta öğrencilerin durumu 'normal karşılaması' bunun bir bilgi boşluğundan çok yerleşik bir kabul olduğunu gösterdiği için satır açıldı. | mufredat_donemi TEYIT GEREKLI gerekcesi (2026-08-27): veri toplama yili makalede YAZILI DEGIL. Ornekleme 6. sinif; 6. sinif 2013 programina 2014-2015'te gecti. Yayin 2015 oldugundan veri 2013-14 (2005 programi) veya 2014-15 (2013 programi) olabilir — ayirt edilemedi, tahmin edilmedi. 2013 ogretim programi ortaokula kademeli girdi: 5. sinif 2013-2014, 8. sinif 2016-2017.",M.8.5.1.4
MAKALE:AIBUEFD-15-2-2015,"Çakmak, Zübeyde Tuba; Durmuş, Soner",2015,Abant İzzet Baysal Üniversitesi,MAKALE,TEYİT GEREKLİ,8,418,Bolu,DİĞER: Olasılık çeşitleri (deneysel/teorik/öznel),,Deneysel olasılık sorusunu teorik olasılıkla çözme,Öğrenci deneysel olasılık sorusunu deneyin sonuçlarına bakmadan teorik olasılıkla çözüyor; deney verisiyle teorik değer çeliştiğinde sorunun yanlış olduğunu düşünüyor.,"20 atışın 14'ünde yazı gelen para sorusunda öğrenci “½'dir. Çok kolay. Paranın iki yüzü var biri yazı, biri tura” diyor; 20 atışta ne beklediği sorulunca “Bence 10 kere yazı, 10 kere de tura gelmeliydi. Soru yanlış olmalı” diye ekliyor.",,"İstatistik ve Olasılık Öğrenme Zorluk Anket Formu (İOZA) — 6. sınıfta 26, 7. sınıfta 52, 8. sınıfta 64 kavramdan oluşan, on yılın üzerinde deneyimli üç öğretmen ve uzman görüşüyle geliştirilmiş anlama düzeyi anketi (n=418); ardından her sınıf düzeyinden akademik başarısı düşük 4, orta 4 ve yüksek 2 olmak üzere toplam 30 öğrenciyle yarı yapılandırılmış mülakat (görüşme formunda iki uzman arasında %90 uyum). Karma (nicel + nitel) yöntem","Kavramsal anlamayı esas alan öğretim uygulamaları; işbirlikli öğrenme, bilgisayar destekli öğrenme ve dramatizasyon gibi yaklaşımlar; matematiksel kavramların günlük dildeki karşılıklarıyla ilişkilendirilip benzerlik ve farklılıklarının kavratılması; deneysel olasılıkta 'bir sonraki denemede neden pay ve payda artırılmıyor' sorusunun sınıf içi tartışmayla açılması",YOK,1,1,s. 43,"K1: Makalenin tek nicel verisi ZORLUK İNDEKSİ'dir (bir kavrama 'hiç anlamadım' / 'biraz anladım' diyen öğrenci yüzdesi). Bu öz bildirimdir, bir yanılgının görülme oranı değildir; Tablo 1-3'teki hiçbir yüzde gorulme_orani sütununa yazılmadı — makalede yanılgı başına oran verilmemiş. K5 gereği guven=1. ÖRNEKLEM: orneklem_n=418 anketin örneklemidir (6. sınıf 148, 7. sınıf 150, 8. sınıf 120). Ancak buradaki yanılgılar anketten DEĞİL, her sınıf düzeyinden 10, toplam 30 öğrenciyle yapılan mülakatlardan çıkarıldı — bir yanılgının arkasında n=418 değil, o sınıf düzeyinden 10 kişilik mülakat grubu vardır. K2: Makale bir 'kavram yanılgısı' değil 'zorlanılan kavram' çalışmasıdır; mülakatlarda bilgi boşluğu (unutma, hiç görmeme), zorlanma ve kavram yanılgısı iç içe anlatılıyor. Yalnız öğrencinin doğru sandığı, gerekçelendirdiği tutarlı yanlış anlayışlar satır oldu; 'unuttum', 'formülü hatırlamıyorum', 'nerede kullanılacağını bilmiyorum' türü bulgular ENVANTERE ALINMADI. MÜFREDAT: makalede veri toplama yılı yazmıyor, mufredat_donemi TEYİT GEREKLİ; ancak anketteki kavram listesi (7. sınıfta permütasyon/faktöriyel/ayrık olay, 8. sınıfta kombinasyon/deneysel-öznel olasılık/standart sapma) 2013 öncesi programa işaret ediyor. KÜNYE: makale metninde DOI geçmiyor; tez_id dergi künyesinden (AİBÜ Eğitim Fak. Dergisi 15(2), 27-58) türetildi. DergiPark dosya adındaki DOI: 10.17240/aibuefd.2015.15.2-5000161312. LGS: Deneysel/teorik/öznel olasılık ayrımı MEB 2018 ortaokul programında yok (8. sınıf olasılık kazanımları yalnız M.8.5.1.1-M.8.5.1.5); lgs_kazanim_tahmini boş. Makale tartışmada bu deseni Dereli (2009) ve Lekesiz (2011) bulgularıyla eşleştiriyor (s. 49). | KAPSAM SAPMASI (LGS): Deneysel/teorik/öznel olasılık ayrımı MEB 2018 6-8 kazanım listesinde (kazanim-listesi.txt) hiç geçmiyor. Satır literatür kaydı olarak kalır; LGS konu sayfasında bulgu olarak KULLANILAMAZ. lgs_kazanim_tahmini bu yüzden boş. | mufredat_donemi TEYIT GEREKLI gerekcesi (2026-08-27): veri toplama yili makalede YAZILI DEGIL. Ornekleme 6. sinif; 6. sinif 2013 programina 2014-2015'te gecti. Yayin 2015 oldugundan veri 2013-14 (2005 programi) veya 2014-15 (2013 programi) olabilir — ayirt edilemedi, tahmin edilmedi. 2013 ogretim programi ortaokula kademeli girdi: 5. sinif 2013-2014, 8. sinif 2016-2017.",
MAKALE:AIBUEFD-15-2-2015,"Çakmak, Zübeyde Tuba; Durmuş, Soner",2015,Abant İzzet Baysal Üniversitesi,MAKALE,TEYİT GEREKLİ,8,418,Bolu,DİĞER: Olasılık çeşitleri (deneysel/teorik/öznel),,Deneysel olasılıkta pay ve paydayı artırma,Öğrenci bir sonraki atışın olasılığını sorarken pay ve paydanın birer artırılması gerektiğini düşünüyor; sonraki atışta atış sayısının da tura sayısının da artacağını savunuyor ve bunu bir çelişki olarak yaşıyor.,"Öğrenci “Normalde ben bu sorunun cevabının 6/20 olduğunu biliyorum. Ama neden 7/21 değil de 6/20 bunu anlayamadım” diyor; “Bir sonraki durumda atış sayısı da artacak, tura sayısı da” diye açıklıyor.",,"İstatistik ve Olasılık Öğrenme Zorluk Anket Formu (İOZA) — 6. sınıfta 26, 7. sınıfta 52, 8. sınıfta 64 kavramdan oluşan, on yılın üzerinde deneyimli üç öğretmen ve uzman görüşüyle geliştirilmiş anlama düzeyi anketi (n=418); ardından her sınıf düzeyinden akademik başarısı düşük 4, orta 4 ve yüksek 2 olmak üzere toplam 30 öğrenciyle yarı yapılandırılmış mülakat (görüşme formunda iki uzman arasında %90 uyum). Karma (nicel + nitel) yöntem","Kavramsal anlamayı esas alan öğretim uygulamaları; işbirlikli öğrenme, bilgisayar destekli öğrenme ve dramatizasyon gibi yaklaşımlar; matematiksel kavramların günlük dildeki karşılıklarıyla ilişkilendirilip benzerlik ve farklılıklarının kavratılması; deneysel olasılıkta 'bir sonraki denemede neden pay ve payda artırılmıyor' sorusunun sınıf içi tartışmayla açılması",YOK,2,1,s. 44,"K1: Makalenin tek nicel verisi ZORLUK İNDEKSİ'dir (bir kavrama 'hiç anlamadım' / 'biraz anladım' diyen öğrenci yüzdesi). Bu öz bildirimdir, bir yanılgının görülme oranı değildir; Tablo 1-3'teki hiçbir yüzde gorulme_orani sütununa yazılmadı — makalede yanılgı başına oran verilmemiş. K5 gereği guven=1. ÖRNEKLEM: orneklem_n=418 anketin örneklemidir (6. sınıf 148, 7. sınıf 150, 8. sınıf 120). Ancak buradaki yanılgılar anketten DEĞİL, her sınıf düzeyinden 10, toplam 30 öğrenciyle yapılan mülakatlardan çıkarıldı — bir yanılgının arkasında n=418 değil, o sınıf düzeyinden 10 kişilik mülakat grubu vardır. K2: Makale bir 'kavram yanılgısı' değil 'zorlanılan kavram' çalışmasıdır; mülakatlarda bilgi boşluğu (unutma, hiç görmeme), zorlanma ve kavram yanılgısı iç içe anlatılıyor. Yalnız öğrencinin doğru sandığı, gerekçelendirdiği tutarlı yanlış anlayışlar satır oldu; 'unuttum', 'formülü hatırlamıyorum', 'nerede kullanılacağını bilmiyorum' türü bulgular ENVANTERE ALINMADI. MÜFREDAT: makalede veri toplama yılı yazmıyor, mufredat_donemi TEYİT GEREKLİ; ancak anketteki kavram listesi (7. sınıfta permütasyon/faktöriyel/ayrık olay, 8. sınıfta kombinasyon/deneysel-öznel olasılık/standart sapma) 2013 öncesi programa işaret ediyor. KÜNYE: makale metninde DOI geçmiyor; tez_id dergi künyesinden (AİBÜ Eğitim Fak. Dergisi 15(2), 27-58) türetildi. DergiPark dosya adındaki DOI: 10.17240/aibuefd.2015.15.2-5000161312. LGS: Deneysel/teorik/öznel olasılık ayrımı MEB 2018 ortaokul programında yok (8. sınıf olasılık kazanımları yalnız M.8.5.1.1-M.8.5.1.5); lgs_kazanim_tahmini boş. LEMMA: Makale sebebi doğrudan öğretime bağlıyor — öğrencilerin bu konuda tam bilgilendirilmemesi ve öğretmene sorulduğunda net anlatılamaması (s. 49-50) -> basamak 2. Yüksek başarılı bir öğrenci de aynı tereddüdü yaşayıp çözümü ezberlediğini söylüyor (s. 44). | KAPSAM SAPMASI (LGS): Deneysel/teorik/öznel olasılık ayrımı MEB 2018 6-8 kazanım listesinde (kazanim-listesi.txt) hiç geçmiyor. Satır literatür kaydı olarak kalır; LGS konu sayfasında bulgu olarak KULLANILAMAZ. lgs_kazanim_tahmini bu yüzden boş. | mufredat_donemi TEYIT GEREKLI gerekcesi (2026-08-27): veri toplama yili makalede YAZILI DEGIL. Ornekleme 6. sinif; 6. sinif 2013 programina 2014-2015'te gecti. Yayin 2015 oldugundan veri 2013-14 (2005 programi) veya 2014-15 (2013 programi) olabilir — ayirt edilemedi, tahmin edilmedi. 2013 ogretim programi ortaokula kademeli girdi: 5. sinif 2013-2014, 8. sinif 2016-2017.",
MAKALE:AIBUEFD-15-2-2015,"Çakmak, Zübeyde Tuba; Durmuş, Soner",2015,Abant İzzet Baysal Üniversitesi,MAKALE,TEYİT GEREKLİ,8,418,Bolu,DİĞER: Geometrik olasılık,,Kesişen alanı olasılıkta iki kez hesaba katma,Öğrenci geometrik olasılıkta kesişen bölgenin alanını hem istenen durumda hem tüm alanda iki kez hesaba katıyor; bu yanlışın farkında olmuyor.,"İç içe geçmiş bahçeler sorusunda öğrenci yeşil ve kırmızı alanları toplayıp 64, tüm alanı 50+56=106 buluyor ve olasılığı 64/106 diye veriyor.",,"İstatistik ve Olasılık Öğrenme Zorluk Anket Formu (İOZA) — 6. sınıfta 26, 7. sınıfta 52, 8. sınıfta 64 kavramdan oluşan, on yılın üzerinde deneyimli üç öğretmen ve uzman görüşüyle geliştirilmiş anlama düzeyi anketi (n=418); ardından her sınıf düzeyinden akademik başarısı düşük 4, orta 4 ve yüksek 2 olmak üzere toplam 30 öğrenciyle yarı yapılandırılmış mülakat (görüşme formunda iki uzman arasında %90 uyum). Karma (nicel + nitel) yöntem","Kavramsal anlamayı esas alan öğretim uygulamaları; işbirlikli öğrenme, bilgisayar destekli öğrenme ve dramatizasyon gibi yaklaşımlar; matematiksel kavramların günlük dildeki karşılıklarıyla ilişkilendirilip benzerlik ve farklılıklarının kavratılması; deneysel olasılıkta 'bir sonraki denemede neden pay ve payda artırılmıyor' sorusunun sınıf içi tartışmayla açılması",YOK,1,1,s. 46,"K1: Makalenin tek nicel verisi ZORLUK İNDEKSİ'dir (bir kavrama 'hiç anlamadım' / 'biraz anladım' diyen öğrenci yüzdesi). Bu öz bildirimdir, bir yanılgının görülme oranı değildir; Tablo 1-3'teki hiçbir yüzde gorulme_orani sütununa yazılmadı — makalede yanılgı başına oran verilmemiş. K5 gereği guven=1. ÖRNEKLEM: orneklem_n=418 anketin örneklemidir (6. sınıf 148, 7. sınıf 150, 8. sınıf 120). Ancak buradaki yanılgılar anketten DEĞİL, her sınıf düzeyinden 10, toplam 30 öğrenciyle yapılan mülakatlardan çıkarıldı — bir yanılgının arkasında n=418 değil, o sınıf düzeyinden 10 kişilik mülakat grubu vardır. K2: Makale bir 'kavram yanılgısı' değil 'zorlanılan kavram' çalışmasıdır; mülakatlarda bilgi boşluğu (unutma, hiç görmeme), zorlanma ve kavram yanılgısı iç içe anlatılıyor. Yalnız öğrencinin doğru sandığı, gerekçelendirdiği tutarlı yanlış anlayışlar satır oldu; 'unuttum', 'formülü hatırlamıyorum', 'nerede kullanılacağını bilmiyorum' türü bulgular ENVANTERE ALINMADI. MÜFREDAT: makalede veri toplama yılı yazmıyor, mufredat_donemi TEYİT GEREKLİ; ancak anketteki kavram listesi (7. sınıfta permütasyon/faktöriyel/ayrık olay, 8. sınıfta kombinasyon/deneysel-öznel olasılık/standart sapma) 2013 öncesi programa işaret ediyor. KÜNYE: makale metninde DOI geçmiyor; tez_id dergi künyesinden (AİBÜ Eğitim Fak. Dergisi 15(2), 27-58) türetildi. DergiPark dosya adındaki DOI: 10.17240/aibuefd.2015.15.2-5000161312. LGS: Geometrik olasılık MEB 2018 ortaokul matematik programında yok; lgs_kazanim_tahmini boş. Makale tartışmada bunu 'bu konuyla ilgili yapılan hatalardan en çok karşımıza çıkanı kesişim halindeki alanın iki kez alınmasıdır' diye genelliyor (s. 50). | KAPSAM SAPMASI (LGS): Geometrik olasılık MEB 2018 6-8 kazanım listesinde (kazanim-listesi.txt) hiç geçmiyor. Satır literatür kaydı olarak kalır; LGS konu sayfasında bulgu olarak KULLANILAMAZ. lgs_kazanim_tahmini bu yüzden boş. | mufredat_donemi TEYIT GEREKLI gerekcesi (2026-08-27): veri toplama yili makalede YAZILI DEGIL. Ornekleme 6. sinif; 6. sinif 2013 programina 2014-2015'te gecti. Yayin 2015 oldugundan veri 2013-14 (2005 programi) veya 2014-15 (2013 programi) olabilir — ayirt edilemedi, tahmin edilmedi. 2013 ogretim programi ortaokula kademeli girdi: 5. sinif 2013-2014, 8. sinif 2016-2017.",
MAKALE:AIBUEFD-15-2-2015,"Çakmak, Zübeyde Tuba; Durmuş, Soner",2015,Abant İzzet Baysal Üniversitesi,MAKALE,TEYİT GEREKLİ,6,418,Bolu,Basit olayların olma olasılığı,,Çıktı kavramını istenilen durumlar sanma,Öğrenci çıktı kavramına karşılık “benden istenilen durumlar” şeklinde bir kavramsallaştırma geliştiriyor; olayın tüm çıktıları ile istenen durumları birbirine karıştırıyor.,"Zarda çift gelme olasılığını doğru bulan öğrenci, 2, 4, 6 sayılarının olayın nesi olduğu sorulunca “Benden istenilen durumlar. Bu şekilde biliyorum” diyor.",,"İstatistik ve Olasılık Öğrenme Zorluk Anket Formu (İOZA) — 6. sınıfta 26, 7. sınıfta 52, 8. sınıfta 64 kavramdan oluşan, on yılın üzerinde deneyimli üç öğretmen ve uzman görüşüyle geliştirilmiş anlama düzeyi anketi (n=418); ardından her sınıf düzeyinden akademik başarısı düşük 4, orta 4 ve yüksek 2 olmak üzere toplam 30 öğrenciyle yarı yapılandırılmış mülakat (görüşme formunda iki uzman arasında %90 uyum). Karma (nicel + nitel) yöntem","Kavramsal anlamayı esas alan öğretim uygulamaları; işbirlikli öğrenme, bilgisayar destekli öğrenme ve dramatizasyon gibi yaklaşımlar; matematiksel kavramların günlük dildeki karşılıklarıyla ilişkilendirilip benzerlik ve farklılıklarının kavratılması; deneysel olasılıkta 'bir sonraki denemede neden pay ve payda artırılmıyor' sorusunun sınıf içi tartışmayla açılması",YOK,2,1,s. 47,"K1: Makalenin tek nicel verisi ZORLUK İNDEKSİ'dir (bir kavrama 'hiç anlamadım' / 'biraz anladım' diyen öğrenci yüzdesi). Bu öz bildirimdir, bir yanılgının görülme oranı değildir; Tablo 1-3'teki hiçbir yüzde gorulme_orani sütununa yazılmadı — makalede yanılgı başına oran verilmemiş. K5 gereği guven=1. ÖRNEKLEM: orneklem_n=418 anketin örneklemidir (6. sınıf 148, 7. sınıf 150, 8. sınıf 120). Ancak buradaki yanılgılar anketten DEĞİL, her sınıf düzeyinden 10, toplam 30 öğrenciyle yapılan mülakatlardan çıkarıldı — bir yanılgının arkasında n=418 değil, o sınıf düzeyinden 10 kişilik mülakat grubu vardır. K2: Makale bir 'kavram yanılgısı' değil 'zorlanılan kavram' çalışmasıdır; mülakatlarda bilgi boşluğu (unutma, hiç görmeme), zorlanma ve kavram yanılgısı iç içe anlatılıyor. Yalnız öğrencinin doğru sandığı, gerekçelendirdiği tutarlı yanlış anlayışlar satır oldu; 'unuttum', 'formülü hatırlamıyorum', 'nerede kullanılacağını bilmiyorum' türü bulgular ENVANTERE ALINMADI. MÜFREDAT: makalede veri toplama yılı yazmıyor, mufredat_donemi TEYİT GEREKLİ; ancak anketteki kavram listesi (7. sınıfta permütasyon/faktöriyel/ayrık olay, 8. sınıfta kombinasyon/deneysel-öznel olasılık/standart sapma) 2013 öncesi programa işaret ediyor. KÜNYE: makale metninde DOI geçmiyor; tez_id dergi künyesinden (AİBÜ Eğitim Fak. Dergisi 15(2), 27-58) türetildi. DergiPark dosya adındaki DOI: 10.17240/aibuefd.2015.15.2-5000161312. LEMMA: Makale sebebi doğrudan öğretime bağlıyor — kavramlar üzerinde durulmayıp işlemsel örnek çözümüne ağırlık verilmesi (s. 47) -> basamak 2. Makale bu yanılgıyı '5 gelme olasılığı 5/6' yanılgısının kökü olarak gösteriyor (s. 49). | mufredat_donemi TEYIT GEREKLI gerekcesi (2026-08-27): veri toplama yili makalede YAZILI DEGIL. Ornekleme 6. sinif; 6. sinif 2013 programina 2014-2015'te gecti. Yayin 2015 oldugundan veri 2013-14 (2005 programi) veya 2014-15 (2013 programi) olabilir — ayirt edilemedi, tahmin edilmedi. 2013 ogretim programi ortaokula kademeli girdi: 5. sinif 2013-2014, 8. sinif 2016-2017.",M.8.5.1.1
MAKALE:AIBUEFD-15-2-2015,"Çakmak, Zübeyde Tuba; Durmuş, Soner",2015,Abant İzzet Baysal Üniversitesi,MAKALE,TEYİT GEREKLİ,karma,418,Bolu,Basit olayların olma olasılığı,,Olay deney tümleyen ve çıktı kavramlarını karıştırma,"Öğrenciler farkında olmadan çıktı, olay, tümleyen ve deney kavramlarına karşılık gelen işlemleri yapabildikleri halde bu kavramları adlandıramıyor ve birbirine karıştırıyor; sözel ifadeler onlar için bir anlam taşımıyor.","Tümleyen olay öğrenciler için bir şey ifade etmezken, “istenilenin dışındakiler” şeklinde ifade edildiğinde anlamlandırabiliyorlar.",,"İstatistik ve Olasılık Öğrenme Zorluk Anket Formu (İOZA) — 6. sınıfta 26, 7. sınıfta 52, 8. sınıfta 64 kavramdan oluşan, on yılın üzerinde deneyimli üç öğretmen ve uzman görüşüyle geliştirilmiş anlama düzeyi anketi (n=418); ardından her sınıf düzeyinden akademik başarısı düşük 4, orta 4 ve yüksek 2 olmak üzere toplam 30 öğrenciyle yarı yapılandırılmış mülakat (görüşme formunda iki uzman arasında %90 uyum). Karma (nicel + nitel) yöntem","Kavramsal anlamayı esas alan öğretim uygulamaları; işbirlikli öğrenme, bilgisayar destekli öğrenme ve dramatizasyon gibi yaklaşımlar; matematiksel kavramların günlük dildeki karşılıklarıyla ilişkilendirilip benzerlik ve farklılıklarının kavratılması; deneysel olasılıkta 'bir sonraki denemede neden pay ve payda artırılmıyor' sorusunun sınıf içi tartışmayla açılması",YOK,1,1,s. 47-48,"K1: Makalenin tek nicel verisi ZORLUK İNDEKSİ'dir (bir kavrama 'hiç anlamadım' / 'biraz anladım' diyen öğrenci yüzdesi). Bu öz bildirimdir, bir yanılgının görülme oranı değildir; Tablo 1-3'teki hiçbir yüzde gorulme_orani sütununa yazılmadı — makalede yanılgı başına oran verilmemiş. K5 gereği guven=1. ÖRNEKLEM: orneklem_n=418 anketin örneklemidir (6. sınıf 148, 7. sınıf 150, 8. sınıf 120). Ancak buradaki yanılgılar anketten DEĞİL, her sınıf düzeyinden 10, toplam 30 öğrenciyle yapılan mülakatlardan çıkarıldı — bir yanılgının arkasında n=418 değil, o sınıf düzeyinden 10 kişilik mülakat grubu vardır. K2: Makale bir 'kavram yanılgısı' değil 'zorlanılan kavram' çalışmasıdır; mülakatlarda bilgi boşluğu (unutma, hiç görmeme), zorlanma ve kavram yanılgısı iç içe anlatılıyor. Yalnız öğrencinin doğru sandığı, gerekçelendirdiği tutarlı yanlış anlayışlar satır oldu; 'unuttum', 'formülü hatırlamıyorum', 'nerede kullanılacağını bilmiyorum' türü bulgular ENVANTERE ALINMADI. MÜFREDAT: makalede veri toplama yılı yazmıyor, mufredat_donemi TEYİT GEREKLİ; ancak anketteki kavram listesi (7. sınıfta permütasyon/faktöriyel/ayrık olay, 8. sınıfta kombinasyon/deneysel-öznel olasılık/standart sapma) 2013 öncesi programa işaret ediyor. KÜNYE: makale metninde DOI geçmiyor; tez_id dergi künyesinden (AİBÜ Eğitim Fak. Dergisi 15(2), 27-58) türetildi. DergiPark dosya adındaki DOI: 10.17240/aibuefd.2015.15.2-5000161312. K2 sınır durumu: makale burada adlandıramama (bilgi boşluğu) ile karıştırma (yanılgı) arasını net ayırmıyor ve kendi kanıtını Tunç (2006) ile destekliyor; satır açıldı ama guven zaten 1. | mufredat_donemi TEYIT GEREKLI gerekcesi (2026-08-27): veri toplama yili makalede YAZILI DEGIL. Ornekleme 6. sinif; 6. sinif 2013 programina 2014-2015'te gecti. Yayin 2015 oldugundan veri 2013-14 (2005 programi) veya 2014-15 (2013 programi) olabilir — ayirt edilemedi, tahmin edilmedi. 2013 ogretim programi ortaokula kademeli girdi: 5. sinif 2013-2014, 8. sinif 2016-2017.",M.8.5.1.1
MAKALE:AIBUEFD-15-2-2015,"Çakmak, Zübeyde Tuba; Durmuş, Soner",2015,Abant İzzet Baysal Üniversitesi,MAKALE,TEYİT GEREKLİ,8,418,Bolu,DİĞER: Permütasyon ve kombinasyon,,Konu adına bakıp soruyu kombinasyon sanma,"Öğrenci sorunun permütasyon mu kombinasyon mu olduğunu düşünmeden, işlenen konunun adı kombinasyon olduğu için soruyu kombinasyon sorusu olarak çözüyor.",Öğrencilerden bazıları konunun adı kombinasyon diye hiç düşünmeden kombinasyon sorusu olarak çözdüklerini söylemiştir.,,"İstatistik ve Olasılık Öğrenme Zorluk Anket Formu (İOZA) — 6. sınıfta 26, 7. sınıfta 52, 8. sınıfta 64 kavramdan oluşan, on yılın üzerinde deneyimli üç öğretmen ve uzman görüşüyle geliştirilmiş anlama düzeyi anketi (n=418); ardından her sınıf düzeyinden akademik başarısı düşük 4, orta 4 ve yüksek 2 olmak üzere toplam 30 öğrenciyle yarı yapılandırılmış mülakat (görüşme formunda iki uzman arasında %90 uyum). Karma (nicel + nitel) yöntem","Kavramsal anlamayı esas alan öğretim uygulamaları; işbirlikli öğrenme, bilgisayar destekli öğrenme ve dramatizasyon gibi yaklaşımlar; matematiksel kavramların günlük dildeki karşılıklarıyla ilişkilendirilip benzerlik ve farklılıklarının kavratılması; deneysel olasılıkta 'bir sonraki denemede neden pay ve payda artırılmıyor' sorusunun sınıf içi tartışmayla açılması",YOK,1,1,s. 46,"K1: Makalenin tek nicel verisi ZORLUK İNDEKSİ'dir (bir kavrama 'hiç anlamadım' / 'biraz anladım' diyen öğrenci yüzdesi). Bu öz bildirimdir, bir yanılgının görülme oranı değildir; Tablo 1-3'teki hiçbir yüzde gorulme_orani sütununa yazılmadı — makalede yanılgı başına oran verilmemiş. K5 gereği guven=1. ÖRNEKLEM: orneklem_n=418 anketin örneklemidir (6. sınıf 148, 7. sınıf 150, 8. sınıf 120). Ancak buradaki yanılgılar anketten DEĞİL, her sınıf düzeyinden 10, toplam 30 öğrenciyle yapılan mülakatlardan çıkarıldı — bir yanılgının arkasında n=418 değil, o sınıf düzeyinden 10 kişilik mülakat grubu vardır. K2: Makale bir 'kavram yanılgısı' değil 'zorlanılan kavram' çalışmasıdır; mülakatlarda bilgi boşluğu (unutma, hiç görmeme), zorlanma ve kavram yanılgısı iç içe anlatılıyor. Yalnız öğrencinin doğru sandığı, gerekçelendirdiği tutarlı yanlış anlayışlar satır oldu; 'unuttum', 'formülü hatırlamıyorum', 'nerede kullanılacağını bilmiyorum' türü bulgular ENVANTERE ALINMADI. MÜFREDAT: makalede veri toplama yılı yazmıyor, mufredat_donemi TEYİT GEREKLİ; ancak anketteki kavram listesi (7. sınıfta permütasyon/faktöriyel/ayrık olay, 8. sınıfta kombinasyon/deneysel-öznel olasılık/standart sapma) 2013 öncesi programa işaret ediyor. KÜNYE: makale metninde DOI geçmiyor; tez_id dergi künyesinden (AİBÜ Eğitim Fak. Dergisi 15(2), 27-58) türetildi. DergiPark dosya adındaki DOI: 10.17240/aibuefd.2015.15.2-5000161312. LGS: Permütasyon ve kombinasyon MEB 2018 ortaokul matematik programında yok; lgs_kazanim_tahmini boş. Makalenin aynı yerdeki 'permütasyon mu kombinasyon mu kullanacaklarını belirlerken zorlandıkları' bulgusu K2 gereği ALINMADI (zorlanma, yanılgı değil); bu satır ise öğrencinin doğru sandığı tutarlı bir stratejiyi anlatıyor. | KAPSAM SAPMASI (LGS): Permütasyon/kombinasyon/faktöriyel MEB 2018 6-8 kazanım listesinde (kazanim-listesi.txt) hiç geçmiyor. Satır literatür kaydı olarak kalır; LGS konu sayfasında bulgu olarak KULLANILAMAZ. lgs_kazanim_tahmini bu yüzden boş. | mufredat_donemi TEYIT GEREKLI gerekcesi (2026-08-27): veri toplama yili makalede YAZILI DEGIL. Ornekleme 6. sinif; 6. sinif 2013 programina 2014-2015'te gecti. Yayin 2015 oldugundan veri 2013-14 (2005 programi) veya 2014-15 (2013 programi) olabilir — ayirt edilemedi, tahmin edilmedi. 2013 ogretim programi ortaokula kademeli girdi: 5. sinif 2013-2014, 8. sinif 2016-2017.",
MAKALE:AIBUEFD-15-2-2015,"Çakmak, Zübeyde Tuba; Durmuş, Soner",2015,Abant İzzet Baysal Üniversitesi,MAKALE,TEYİT GEREKLİ,6,418,Bolu,Veri analizi,,Grafiğin başlangıç değerinin yorumu değiştirmediğini sanma,Öğrenci yanıltıcı bir grafikle normal grafik arasında fark göremiyor; grafiğin sıfırdan başlaması gerektiğini bilse bile başlangıç değerinin yorumu değiştirmeyeceğini savunuyor.,"Grafiğin 50 ile başladığını fark eden öğrenci, bunun yorumları nasıl değiştireceği sorulunca “Değiştirmez ki, sonuçta sayılar belli. Kaçı gösteriyorsa kiloları odur” diyor.",,"İstatistik ve Olasılık Öğrenme Zorluk Anket Formu (İOZA) — 6. sınıfta 26, 7. sınıfta 52, 8. sınıfta 64 kavramdan oluşan, on yılın üzerinde deneyimli üç öğretmen ve uzman görüşüyle geliştirilmiş anlama düzeyi anketi (n=418); ardından her sınıf düzeyinden akademik başarısı düşük 4, orta 4 ve yüksek 2 olmak üzere toplam 30 öğrenciyle yarı yapılandırılmış mülakat (görüşme formunda iki uzman arasında %90 uyum). Karma (nicel + nitel) yöntem","Kavramsal anlamayı esas alan öğretim uygulamaları; işbirlikli öğrenme, bilgisayar destekli öğrenme ve dramatizasyon gibi yaklaşımlar; matematiksel kavramların günlük dildeki karşılıklarıyla ilişkilendirilip benzerlik ve farklılıklarının kavratılması; deneysel olasılıkta 'bir sonraki denemede neden pay ve payda artırılmıyor' sorusunun sınıf içi tartışmayla açılması",YOK,1,1,s. 37,"K1: Makalenin tek nicel verisi ZORLUK İNDEKSİ'dir (bir kavrama 'hiç anlamadım' / 'biraz anladım' diyen öğrenci yüzdesi). Bu öz bildirimdir, bir yanılgının görülme oranı değildir; Tablo 1-3'teki hiçbir yüzde gorulme_orani sütununa yazılmadı — makalede yanılgı başına oran verilmemiş. K5 gereği guven=1. ÖRNEKLEM: orneklem_n=418 anketin örneklemidir (6. sınıf 148, 7. sınıf 150, 8. sınıf 120). Ancak buradaki yanılgılar anketten DEĞİL, her sınıf düzeyinden 10, toplam 30 öğrenciyle yapılan mülakatlardan çıkarıldı — bir yanılgının arkasında n=418 değil, o sınıf düzeyinden 10 kişilik mülakat grubu vardır. K2: Makale bir 'kavram yanılgısı' değil 'zorlanılan kavram' çalışmasıdır; mülakatlarda bilgi boşluğu (unutma, hiç görmeme), zorlanma ve kavram yanılgısı iç içe anlatılıyor. Yalnız öğrencinin doğru sandığı, gerekçelendirdiği tutarlı yanlış anlayışlar satır oldu; 'unuttum', 'formülü hatırlamıyorum', 'nerede kullanılacağını bilmiyorum' türü bulgular ENVANTERE ALINMADI. MÜFREDAT: makalede veri toplama yılı yazmıyor, mufredat_donemi TEYİT GEREKLİ; ancak anketteki kavram listesi (7. sınıfta permütasyon/faktöriyel/ayrık olay, 8. sınıfta kombinasyon/deneysel-öznel olasılık/standart sapma) 2013 öncesi programa işaret ediyor. KÜNYE: makale metninde DOI geçmiyor; tez_id dergi künyesinden (AİBÜ Eğitim Fak. Dergisi 15(2), 27-58) türetildi. DergiPark dosya adındaki DOI: 10.17240/aibuefd.2015.15.2-5000161312. M.7.4.1.1 açıklaması 'Yanlış yorumlamalara yol açan çizgi grafikleri de incelenir' diyor — yanılgı doğrudan bu kazanımı vuruyor. Makale tartışmada öğrencilerin 'sayısal değerlerden çok grafiğe bakarak yorumlama yaptıklarını' ekliyor (s. 50). | mufredat_donemi TEYIT GEREKLI gerekcesi (2026-08-27): veri toplama yili makalede YAZILI DEGIL. Ornekleme 6. sinif; 6. sinif 2013 programina 2014-2015'te gecti. Yayin 2015 oldugundan veri 2013-14 (2005 programi) veya 2014-15 (2013 programi) olabilir — ayirt edilemedi, tahmin edilmedi. 2013 ogretim programi ortaokula kademeli girdi: 5. sinif 2013-2014, 8. sinif 2016-2017.",M.7.4.1.1; M.8.4.1.1
MAKALE:AIBUEFD-15-2-2015,"Çakmak, Zübeyde Tuba; Durmuş, Soner",2015,Abant İzzet Baysal Üniversitesi,MAKALE,TEYİT GEREKLİ,8,418,Bolu,Veri analizi,,Histogramı karışık bir sütun grafiği sanma,"Öğrenci için histogram yalnızca karışık bir sütun grafiği anlamına geliyor; histogramın ne anlattığını ve neden gerekli olduğunu bilmiyor, sütun grafiğiyle aynı işi yaptığını düşünüyor.",Öğrenci “Histogramın neyi anlatmak istediğini anlamıyorum. Benim için hiçbir anlam taşımıyor. Ayrıca çok karışık. Sütun grafiği sorularını yapabiliyorum. Bu daha anlaşılır. Histograma ne gerek var ki?” diyor.,,"İstatistik ve Olasılık Öğrenme Zorluk Anket Formu (İOZA) — 6. sınıfta 26, 7. sınıfta 52, 8. sınıfta 64 kavramdan oluşan, on yılın üzerinde deneyimli üç öğretmen ve uzman görüşüyle geliştirilmiş anlama düzeyi anketi (n=418); ardından her sınıf düzeyinden akademik başarısı düşük 4, orta 4 ve yüksek 2 olmak üzere toplam 30 öğrenciyle yarı yapılandırılmış mülakat (görüşme formunda iki uzman arasında %90 uyum). Karma (nicel + nitel) yöntem","Kavramsal anlamayı esas alan öğretim uygulamaları; işbirlikli öğrenme, bilgisayar destekli öğrenme ve dramatizasyon gibi yaklaşımlar; matematiksel kavramların günlük dildeki karşılıklarıyla ilişkilendirilip benzerlik ve farklılıklarının kavratılması; deneysel olasılıkta 'bir sonraki denemede neden pay ve payda artırılmıyor' sorusunun sınıf içi tartışmayla açılması",YOK,2,1,s. 44,"K1: Makalenin tek nicel verisi ZORLUK İNDEKSİ'dir (bir kavrama 'hiç anlamadım' / 'biraz anladım' diyen öğrenci yüzdesi). Bu öz bildirimdir, bir yanılgının görülme oranı değildir; Tablo 1-3'teki hiçbir yüzde gorulme_orani sütununa yazılmadı — makalede yanılgı başına oran verilmemiş. K5 gereği guven=1. ÖRNEKLEM: orneklem_n=418 anketin örneklemidir (6. sınıf 148, 7. sınıf 150, 8. sınıf 120). Ancak buradaki yanılgılar anketten DEĞİL, her sınıf düzeyinden 10, toplam 30 öğrenciyle yapılan mülakatlardan çıkarıldı — bir yanılgının arkasında n=418 değil, o sınıf düzeyinden 10 kişilik mülakat grubu vardır. K2: Makale bir 'kavram yanılgısı' değil 'zorlanılan kavram' çalışmasıdır; mülakatlarda bilgi boşluğu (unutma, hiç görmeme), zorlanma ve kavram yanılgısı iç içe anlatılıyor. Yalnız öğrencinin doğru sandığı, gerekçelendirdiği tutarlı yanlış anlayışlar satır oldu; 'unuttum', 'formülü hatırlamıyorum', 'nerede kullanılacağını bilmiyorum' türü bulgular ENVANTERE ALINMADI. MÜFREDAT: makalede veri toplama yılı yazmıyor, mufredat_donemi TEYİT GEREKLİ; ancak anketteki kavram listesi (7. sınıfta permütasyon/faktöriyel/ayrık olay, 8. sınıfta kombinasyon/deneysel-öznel olasılık/standart sapma) 2013 öncesi programa işaret ediyor. KÜNYE: makale metninde DOI geçmiyor; tez_id dergi künyesinden (AİBÜ Eğitim Fak. Dergisi 15(2), 27-58) türetildi. DergiPark dosya adındaki DOI: 10.17240/aibuefd.2015.15.2-5000161312. LGS: Histogram MEB 2018 ortaokul programında yok — 8. sınıf veri analizi kazanımları yalnız M.8.4.1.1 ve M.8.4.1.2'dir (çizgi/sütun/daire grafiği); lgs_kazanim_tahmini boş. LEMMA: Makale sebebi doğrudan öğretime bağlıyor — histogram anlatılırken ne işe yaradığı noktasına değinilmemesi, adım adım oluşturmanın bilinçli değil sistematik öğretilmesi (s. 44) -> basamak 2. | KAPSAM SAPMASI (LGS): Histogram MEB 2018 6-8 kazanım listesinde (kazanim-listesi.txt) hiç geçmiyor. Satır literatür kaydı olarak kalır; LGS konu sayfasında bulgu olarak KULLANILAMAZ. lgs_kazanim_tahmini bu yüzden boş. | mufredat_donemi TEYIT GEREKLI gerekcesi (2026-08-27): veri toplama yili makalede YAZILI DEGIL. Ornekleme 6. sinif; 6. sinif 2013 programina 2014-2015'te gecti. Yayin 2015 oldugundan veri 2013-14 (2005 programi) veya 2014-15 (2013 programi) olabilir — ayirt edilemedi, tahmin edilmedi. 2013 ogretim programi ortaokula kademeli girdi: 5. sinif 2013-2014, 8. sinif 2016-2017.",
MAKALE:JMSE-7-4-2023,"Doğdu, Aslıhan; Özcan, Havva; Aliustaoğlu, Feyza",2023,Gazi Üniversitesi; Kastamonu Üniversitesi,MAKALE,2018,8,69,,Veri analizi,,Daire grafiğinde verilerin büyüklüğüne göre alan oluşturma,"Öğrenci daire grafiği oluştururken orantı kurmuyor; verilere bakmadan, kategorilere ait alanları doğrudan verilen sayıların büyüklüğüne göre çiziyor.",Ö2 kodlu öğrenci hem dördüncü hem yedinci soruda orantı kurma metoduna başvurmadan kategorilere ait alanları doğrudan verilerin büyüklüklerine göre oluşturmuştur.,"%8,7","Araştırmacılar tarafından geliştirilen 8 maddelik “Veri İşleme Testi” — açık uçlu maddeler, iki aşamalı teşhis testi ve kavram karikatürü; hata ile kavram yanılgısı ayrımı için aynı kazanımla ilişkili en az iki maddeye verilen cevaplar eşleştirilerek değerlendirildi (ilişkili sorulara sistematik ve sürekli aynı yolla yanlış cevap = kavram yanılgısı; birine doğru birine yanlış, dikkatsizlik veya bilgi eksikliği = hata). Kapsam geçerliği bir matematik eğitimcisi uzmanca incelendi; 10 öğrencinin cevabı üç araştırmacı tarafından kodlanıp Fleiss Kappa uyumu 0,9622 bulundu. Bir ders saatinde (40 dk) uygulandı (n=69)",Öğretim sürecinde işlemsel öğrenmenin yanı sıra kavramsal öğrenmeye ağırlık verilmesi; grafiklerin hangi amaçla kullanıldığının ve grafiklerin doğasına ilişkin kavramsal bilginin özenle öğretilmesi; çizgi grafiğinde ölçeklendirme üzerinde durulması; hangi durumda hangi merkezi eğilim ölçüsünün kullanılacağı bilgisinin iyi kazandırılması,YOK,1,2,s. 149-150,"K1: gorulme_orani, makalenin O YANILGI KATEGORİSİ için verdiği yüzdedir (frekans ve yüzde Tablo 2 ve Tablo 7'de, ayrıca ilgili alt bölümün metninde aynen yazıyor); soru bazlı yanlış oranı değildir. K5: Oran var ve ölçüm aracı açıkça tanımlı, ancak n=69 < 100 olduğu için guven=2 (guven=3 değil). K2: Makale hata ile kavram yanılgısını KENDİSİ ayırıyor — aynı kazanımla ilişkili en az iki soruya sistematik ve sürekli aynı yolla yanlış cevap kavram yanılgısı, birine doğru birine yanlış cevap ya da dikkatsizlik hata sayılmış. Envantere yalnız KAVRAM YANILGISI kategorileri alındı; makalenin açıkça 'dikkatsizlikten kaynaklanan hata' dediği 'veri setini sıralamadan medyan hesaplama' (f=9, %13,04) ve 'daire grafiğinde alanları isimlendirmeme' (f=2, %2,8) kategorileri ALINMADI. KAZANIM: Makale testinin dayandığı kazanımları açıkça yazıyor (M.7.4.1.1, M.7.4.1.2, M.7.4.1.3, M.7.4.1.4 — basılı s.145-146), ancak bunları yanılgı bazında değil test bütünü için veriyor; bu yüzden kazanim_kodu boş, satır bazlı eşleme çıkarım olarak lgs_kazanim_tahmini sütununa yazıldı. KAPSAM: Test 7. sınıf veri işleme kazanımları temel alınarak hazırlanmış, 8. sınıf öğrencilerine uygulanmıştır (sinif=8). İL: Makale uygulama ilini vermiyor, yalnız 'Türkiye'nin kuzeyinde yer alan bir ortaokul' diyor; il sütunu K1 gereği boş. KÜNYE: Makale metninde DOI geçmiyor; tez_id dergi künyesinden (JMSE 7(4), 139-163) türetildi. DergiPark dosya kimlikleri: #1372175-3458290. Dosya adı iş emrindeki Türkçe başlıktan farklı (İngilizce başlıklı sürüm), DergiPark kimlikleri birebir aynı. Aynı kategoride 1 öğrencinin (%1,4) cevabı ise HATA olarak kodlanmış (dördüncü soruda orantı kurup yedinci soruda kurmamış); K2 gereği o frekans satıra yazılmadı. Makale bu yanılgının kökünü Hotmanoğlu (2014)'ya dayanarak daire grafiğinin doğasının ve merkez açı ile veri değeri arasındaki ilişkinin kavranamamasına bağlıyor (s. 157).",M.7.4.1.3; M.7.4.1.4
MAKALE:JMSE-7-4-2023,"Doğdu, Aslıhan; Özcan, Havva; Aliustaoğlu, Feyza",2023,Gazi Üniversitesi; Kastamonu Üniversitesi,MAKALE,2018,8,69,,Veri analizi,,Daire grafiğinde sayıları doğrudan derece olarak aktarma,"Öğrenci verilerdeki sayılar ile 360 derecelik ölçü arasında hiçbir orantı kurmadan, sayıları doğrudan derece değeri olarak grafiğe aktarıyor.",Ö4 kodlu öğrenci dördüncü ve yedinci soruların ikisinde de verilerdeki sayılar ile 360º'lik ölçü arasında orantı kurmadan sayıları doğrudan grafiğe aktarmıştır.,"%5,7","Araştırmacılar tarafından geliştirilen 8 maddelik “Veri İşleme Testi” — açık uçlu maddeler, iki aşamalı teşhis testi ve kavram karikatürü; hata ile kavram yanılgısı ayrımı için aynı kazanımla ilişkili en az iki maddeye verilen cevaplar eşleştirilerek değerlendirildi (ilişkili sorulara sistematik ve sürekli aynı yolla yanlış cevap = kavram yanılgısı; birine doğru birine yanlış, dikkatsizlik veya bilgi eksikliği = hata). Kapsam geçerliği bir matematik eğitimcisi uzmanca incelendi; 10 öğrencinin cevabı üç araştırmacı tarafından kodlanıp Fleiss Kappa uyumu 0,9622 bulundu. Bir ders saatinde (40 dk) uygulandı (n=69)",Öğretim sürecinde işlemsel öğrenmenin yanı sıra kavramsal öğrenmeye ağırlık verilmesi; grafiklerin hangi amaçla kullanıldığının ve grafiklerin doğasına ilişkin kavramsal bilginin özenle öğretilmesi; çizgi grafiğinde ölçeklendirme üzerinde durulması; hangi durumda hangi merkezi eğilim ölçüsünün kullanılacağı bilgisinin iyi kazandırılması,YOK,1,2,s. 150-151,"K1: gorulme_orani, makalenin O YANILGI KATEGORİSİ için verdiği yüzdedir (frekans ve yüzde Tablo 2 ve Tablo 7'de, ayrıca ilgili alt bölümün metninde aynen yazıyor); soru bazlı yanlış oranı değildir. K5: Oran var ve ölçüm aracı açıkça tanımlı, ancak n=69 < 100 olduğu için guven=2 (guven=3 değil). K2: Makale hata ile kavram yanılgısını KENDİSİ ayırıyor — aynı kazanımla ilişkili en az iki soruya sistematik ve sürekli aynı yolla yanlış cevap kavram yanılgısı, birine doğru birine yanlış cevap ya da dikkatsizlik hata sayılmış. Envantere yalnız KAVRAM YANILGISI kategorileri alındı; makalenin açıkça 'dikkatsizlikten kaynaklanan hata' dediği 'veri setini sıralamadan medyan hesaplama' (f=9, %13,04) ve 'daire grafiğinde alanları isimlendirmeme' (f=2, %2,8) kategorileri ALINMADI. KAZANIM: Makale testinin dayandığı kazanımları açıkça yazıyor (M.7.4.1.1, M.7.4.1.2, M.7.4.1.3, M.7.4.1.4 — basılı s.145-146), ancak bunları yanılgı bazında değil test bütünü için veriyor; bu yüzden kazanim_kodu boş, satır bazlı eşleme çıkarım olarak lgs_kazanim_tahmini sütununa yazıldı. KAPSAM: Test 7. sınıf veri işleme kazanımları temel alınarak hazırlanmış, 8. sınıf öğrencilerine uygulanmıştır (sinif=8). İL: Makale uygulama ilini vermiyor, yalnız 'Türkiye'nin kuzeyinde yer alan bir ortaokul' diyor; il sütunu K1 gereği boş. KÜNYE: Makale metninde DOI geçmiyor; tez_id dergi künyesinden (JMSE 7(4), 139-163) türetildi. DergiPark dosya kimlikleri: #1372175-3458290. Dosya adı iş emrindeki Türkçe başlıktan farklı (İngilizce başlıklı sürüm), DergiPark kimlikleri birebir aynı. Aynı kategoride 2 öğrencinin (%2,8) cevabı HATA olarak kodlanmış; K2 gereği o frekans satıra yazılmadı.",M.7.4.1.3; M.7.4.1.4
MAKALE:JMSE-7-4-2023,"Doğdu, Aslıhan; Özcan, Havva; Aliustaoğlu, Feyza",2023,Gazi Üniversitesi; Kastamonu Üniversitesi,MAKALE,2018,8,69,,Veri analizi,,Çizgi grafiğinde ölçeğe dikkat etmeden şekle göre yorumlama,Öğrenci çizgi grafiğini ölçeğe bakmadan yalnız çizginin görünümüne göre yorumluyor ve iki aşamalı teşhis testinin ikinci aşamasında bu yanlış yorumu destekleyen açıklamalar yapıyor.,Ö6 kodlu öğrenci sorunun a maddesine yanlış yanıt verip b maddesindeki açıklamasında da a maddesinde verdiği yanlış yanıtı destekler nitelikte açıklamalar yapmıştır.,"%8,7","Araştırmacılar tarafından geliştirilen 8 maddelik “Veri İşleme Testi” — açık uçlu maddeler, iki aşamalı teşhis testi ve kavram karikatürü; hata ile kavram yanılgısı ayrımı için aynı kazanımla ilişkili en az iki maddeye verilen cevaplar eşleştirilerek değerlendirildi (ilişkili sorulara sistematik ve sürekli aynı yolla yanlış cevap = kavram yanılgısı; birine doğru birine yanlış, dikkatsizlik veya bilgi eksikliği = hata). Kapsam geçerliği bir matematik eğitimcisi uzmanca incelendi; 10 öğrencinin cevabı üç araştırmacı tarafından kodlanıp Fleiss Kappa uyumu 0,9622 bulundu. Bir ders saatinde (40 dk) uygulandı (n=69)",Öğretim sürecinde işlemsel öğrenmenin yanı sıra kavramsal öğrenmeye ağırlık verilmesi; grafiklerin hangi amaçla kullanıldığının ve grafiklerin doğasına ilişkin kavramsal bilginin özenle öğretilmesi; çizgi grafiğinde ölçeklendirme üzerinde durulması; hangi durumda hangi merkezi eğilim ölçüsünün kullanılacağı bilgisinin iyi kazandırılması,YOK,1,2,s. 151,"K1: gorulme_orani, makalenin O YANILGI KATEGORİSİ için verdiği yüzdedir (frekans ve yüzde Tablo 2 ve Tablo 7'de, ayrıca ilgili alt bölümün metninde aynen yazıyor); soru bazlı yanlış oranı değildir. K5: Oran var ve ölçüm aracı açıkça tanımlı, ancak n=69 < 100 olduğu için guven=2 (guven=3 değil). K2: Makale hata ile kavram yanılgısını KENDİSİ ayırıyor — aynı kazanımla ilişkili en az iki soruya sistematik ve sürekli aynı yolla yanlış cevap kavram yanılgısı, birine doğru birine yanlış cevap ya da dikkatsizlik hata sayılmış. Envantere yalnız KAVRAM YANILGISI kategorileri alındı; makalenin açıkça 'dikkatsizlikten kaynaklanan hata' dediği 'veri setini sıralamadan medyan hesaplama' (f=9, %13,04) ve 'daire grafiğinde alanları isimlendirmeme' (f=2, %2,8) kategorileri ALINMADI. KAZANIM: Makale testinin dayandığı kazanımları açıkça yazıyor (M.7.4.1.1, M.7.4.1.2, M.7.4.1.3, M.7.4.1.4 — basılı s.145-146), ancak bunları yanılgı bazında değil test bütünü için veriyor; bu yüzden kazanim_kodu boş, satır bazlı eşleme çıkarım olarak lgs_kazanim_tahmini sütununa yazıldı. KAPSAM: Test 7. sınıf veri işleme kazanımları temel alınarak hazırlanmış, 8. sınıf öğrencilerine uygulanmıştır (sinif=8). İL: Makale uygulama ilini vermiyor, yalnız 'Türkiye'nin kuzeyinde yer alan bir ortaokul' diyor; il sütunu K1 gereği boş. KÜNYE: Makale metninde DOI geçmiyor; tez_id dergi künyesinden (JMSE 7(4), 139-163) türetildi. DergiPark dosya kimlikleri: #1372175-3458290. Dosya adı iş emrindeki Türkçe başlıktan farklı (İngilizce başlıklı sürüm), DergiPark kimlikleri birebir aynı. M.7.4.1.1 açıklaması 'Yanlış yorumlamalara yol açan çizgi grafikleri de incelenir' diyor — yanılgı doğrudan bu kazanımı vuruyor. Aynı kategoride 1 öğrencinin (%1,4) cevabı HATA olarak kodlanmış; K2 gereği o frekans satıra yazılmadı. Makale ölçek değişiminin görsel bir yanılgıya sebep olabileceğini vurguluyor (s. 156-157).",M.7.4.1.1; M.8.4.1.1
MAKALE:JMSE-7-4-2023,"Doğdu, Aslıhan; Özcan, Havva; Aliustaoğlu, Feyza",2023,Gazi Üniversitesi; Kastamonu Üniversitesi,MAKALE,2018,8,69,,Veri analizi,,Daire grafiğinde dereceleri doğrudan sayı olarak aktarma,Öğrenci daire grafiğindeki merkez açı değerini orantı kurmadan doğrudan veri sayısı olarak okuyor; 36 derecelik dilimi 36 kişi olarak alıyor.,"Ö8 kodlu öğrenci beşinci sorunun a maddesinde orantı kullanmadan 36°'yi doğrudan 36 kişi olarak aktarmış, b maddesinde de yine dereceyi kişi sayısı olarak kullanmıştır.","%1,4","Araştırmacılar tarafından geliştirilen 8 maddelik “Veri İşleme Testi” — açık uçlu maddeler, iki aşamalı teşhis testi ve kavram karikatürü; hata ile kavram yanılgısı ayrımı için aynı kazanımla ilişkili en az iki maddeye verilen cevaplar eşleştirilerek değerlendirildi (ilişkili sorulara sistematik ve sürekli aynı yolla yanlış cevap = kavram yanılgısı; birine doğru birine yanlış, dikkatsizlik veya bilgi eksikliği = hata). Kapsam geçerliği bir matematik eğitimcisi uzmanca incelendi; 10 öğrencinin cevabı üç araştırmacı tarafından kodlanıp Fleiss Kappa uyumu 0,9622 bulundu. Bir ders saatinde (40 dk) uygulandı (n=69)",Öğretim sürecinde işlemsel öğrenmenin yanı sıra kavramsal öğrenmeye ağırlık verilmesi; grafiklerin hangi amaçla kullanıldığının ve grafiklerin doğasına ilişkin kavramsal bilginin özenle öğretilmesi; çizgi grafiğinde ölçeklendirme üzerinde durulması; hangi durumda hangi merkezi eğilim ölçüsünün kullanılacağı bilgisinin iyi kazandırılması,YOK,1,2,s. 151-152,"K1: gorulme_orani, makalenin O YANILGI KATEGORİSİ için verdiği yüzdedir (frekans ve yüzde Tablo 2 ve Tablo 7'de, ayrıca ilgili alt bölümün metninde aynen yazıyor); soru bazlı yanlış oranı değildir. K5: Oran var ve ölçüm aracı açıkça tanımlı, ancak n=69 < 100 olduğu için guven=2 (guven=3 değil). K2: Makale hata ile kavram yanılgısını KENDİSİ ayırıyor — aynı kazanımla ilişkili en az iki soruya sistematik ve sürekli aynı yolla yanlış cevap kavram yanılgısı, birine doğru birine yanlış cevap ya da dikkatsizlik hata sayılmış. Envantere yalnız KAVRAM YANILGISI kategorileri alındı; makalenin açıkça 'dikkatsizlikten kaynaklanan hata' dediği 'veri setini sıralamadan medyan hesaplama' (f=9, %13,04) ve 'daire grafiğinde alanları isimlendirmeme' (f=2, %2,8) kategorileri ALINMADI. KAZANIM: Makale testinin dayandığı kazanımları açıkça yazıyor (M.7.4.1.1, M.7.4.1.2, M.7.4.1.3, M.7.4.1.4 — basılı s.145-146), ancak bunları yanılgı bazında değil test bütünü için veriyor; bu yüzden kazanim_kodu boş, satır bazlı eşleme çıkarım olarak lgs_kazanim_tahmini sütununa yazıldı. KAPSAM: Test 7. sınıf veri işleme kazanımları temel alınarak hazırlanmış, 8. sınıf öğrencilerine uygulanmıştır (sinif=8). İL: Makale uygulama ilini vermiyor, yalnız 'Türkiye'nin kuzeyinde yer alan bir ortaokul' diyor; il sütunu K1 gereği boş. KÜNYE: Makale metninde DOI geçmiyor; tez_id dergi künyesinden (JMSE 7(4), 139-163) türetildi. DergiPark dosya kimlikleri: #1372175-3458290. Dosya adı iş emrindeki Türkçe başlıktan farklı (İngilizce başlıklı sürüm), DergiPark kimlikleri birebir aynı. Bu kategoride HATA frekansı (2 öğrenci, %2,8) kavram yanılgısı frekansından (1 öğrenci) yüksek; K2 gereği yalnız yanılgı frekansı satıra yazıldı. Makale birçok çalışmada 8. sınıf öğrencilerinin daire grafiğinde dereceyi veri olarak kabul ettiğini aktarıyor (s. 157).",M.7.4.1.3; M.7.4.1.4
MAKALE:JMSE-7-4-2023,"Doğdu, Aslıhan; Özcan, Havva; Aliustaoğlu, Feyza",2023,Gazi Üniversitesi; Kastamonu Üniversitesi,MAKALE,2018,8,69,,Veri analizi,,Grafiklerin kullanım alanlarını anlamlandıramama,"Öğrenci veri setine uygun grafik türünü, verinin yapısına göre değil kendisine kolay gelen grafiğe göre seçiyor; grafiğin anlaşılmasının kolay olmasını verinin temsili için yeterli bir koşul sayıyor.",Bir şehrin nüfusunun yıllara göre değişimi için Ö9 sütun grafiğini seçip gerekçesini sütun grafiğinin anlaşılmasının kolay olması diye açıklıyor; Ö10 aynı soru için daire grafiğini seçip gerekçesini daire grafiğinin kolay olması diye açıklıyor. Doğru yanıt çizgi grafiğidir.,"%23,1","Araştırmacılar tarafından geliştirilen 8 maddelik “Veri İşleme Testi” — açık uçlu maddeler, iki aşamalı teşhis testi ve kavram karikatürü; hata ile kavram yanılgısı ayrımı için aynı kazanımla ilişkili en az iki maddeye verilen cevaplar eşleştirilerek değerlendirildi (ilişkili sorulara sistematik ve sürekli aynı yolla yanlış cevap = kavram yanılgısı; birine doğru birine yanlış, dikkatsizlik veya bilgi eksikliği = hata). Kapsam geçerliği bir matematik eğitimcisi uzmanca incelendi; 10 öğrencinin cevabı üç araştırmacı tarafından kodlanıp Fleiss Kappa uyumu 0,9622 bulundu. Bir ders saatinde (40 dk) uygulandı (n=69)",Öğretim sürecinde işlemsel öğrenmenin yanı sıra kavramsal öğrenmeye ağırlık verilmesi; grafiklerin hangi amaçla kullanıldığının ve grafiklerin doğasına ilişkin kavramsal bilginin özenle öğretilmesi; çizgi grafiğinde ölçeklendirme üzerinde durulması; hangi durumda hangi merkezi eğilim ölçüsünün kullanılacağı bilgisinin iyi kazandırılması,YOK,1,2,s. 153-154,"K1: gorulme_orani, makalenin O YANILGI KATEGORİSİ için verdiği yüzdedir (frekans ve yüzde Tablo 2 ve Tablo 7'de, ayrıca ilgili alt bölümün metninde aynen yazıyor); soru bazlı yanlış oranı değildir. K5: Oran var ve ölçüm aracı açıkça tanımlı, ancak n=69 < 100 olduğu için guven=2 (guven=3 değil). K2: Makale hata ile kavram yanılgısını KENDİSİ ayırıyor — aynı kazanımla ilişkili en az iki soruya sistematik ve sürekli aynı yolla yanlış cevap kavram yanılgısı, birine doğru birine yanlış cevap ya da dikkatsizlik hata sayılmış. Envantere yalnız KAVRAM YANILGISI kategorileri alındı; makalenin açıkça 'dikkatsizlikten kaynaklanan hata' dediği 'veri setini sıralamadan medyan hesaplama' (f=9, %13,04) ve 'daire grafiğinde alanları isimlendirmeme' (f=2, %2,8) kategorileri ALINMADI. KAZANIM: Makale testinin dayandığı kazanımları açıkça yazıyor (M.7.4.1.1, M.7.4.1.2, M.7.4.1.3, M.7.4.1.4 — basılı s.145-146), ancak bunları yanılgı bazında değil test bütünü için veriyor; bu yüzden kazanim_kodu boş, satır bazlı eşleme çıkarım olarak lgs_kazanim_tahmini sütununa yazıldı. KAPSAM: Test 7. sınıf veri işleme kazanımları temel alınarak hazırlanmış, 8. sınıf öğrencilerine uygulanmıştır (sinif=8). İL: Makale uygulama ilini vermiyor, yalnız 'Türkiye'nin kuzeyinde yer alan bir ortaokul' diyor; il sütunu K1 gereği boş. KÜNYE: Makale metninde DOI geçmiyor; tez_id dergi künyesinden (JMSE 7(4), 139-163) türetildi. DergiPark dosya kimlikleri: #1372175-3458290. Dosya adı iş emrindeki Türkçe başlıktan farklı (İngilizce başlıklı sürüm), DergiPark kimlikleri birebir aynı. Makalenin en sık görülen kavram yanılgısı kategorisi (f=16). Kavram karikatürü tabanlı 8. soruyla tespit edilmiş; bu kategoride hata frekansı yok, kategori tümüyle yanılgı. LEMMA: Makale çözüm olarak grafiklerin hangi amaçla kullanıldığına yönelik öğretimin dikkatli yapılmasını öneriyor (s. 156), ama yanılgının sebebini öğretime doğrudan bağlamıyor — en erken basamak kuralı gereği 1 yazıldı.",M.7.4.1.4; M.8.4.1.2
MAKALE:JMSE-7-4-2023,"Doğdu, Aslıhan; Özcan, Havva; Aliustaoğlu, Feyza",2023,Gazi Üniversitesi; Kastamonu Üniversitesi,MAKALE,2018,8,69,,Veri analizi,,Uç değer varken aritmetik ortalamayı en uygun sanma,Veri setinde uç değer bulunduğunda öğrenci medyanın ve modun kullanılamayacağını düşünüp aritmetik ortalamayı veri setini en iyi temsil eden ölçü olarak seçiyor.,Ö11 birinci soruda “bir veri grubunda aşırı uç değerler varsa ortancayı kullanmak en doğru olanıdır” cümlesini yanlış olarak işaretlemiş; ikinci sorunun b seçeneğinde uç değer içeren veri seti için medyan ve modun kullanılamayacağını belirtip aritmetik ortalamayı seçmiştir.,"%2,8","Araştırmacılar tarafından geliştirilen 8 maddelik “Veri İşleme Testi” — açık uçlu maddeler, iki aşamalı teşhis testi ve kavram karikatürü; hata ile kavram yanılgısı ayrımı için aynı kazanımla ilişkili en az iki maddeye verilen cevaplar eşleştirilerek değerlendirildi (ilişkili sorulara sistematik ve sürekli aynı yolla yanlış cevap = kavram yanılgısı; birine doğru birine yanlış, dikkatsizlik veya bilgi eksikliği = hata). Kapsam geçerliği bir matematik eğitimcisi uzmanca incelendi; 10 öğrencinin cevabı üç araştırmacı tarafından kodlanıp Fleiss Kappa uyumu 0,9622 bulundu. Bir ders saatinde (40 dk) uygulandı (n=69)",Öğretim sürecinde işlemsel öğrenmenin yanı sıra kavramsal öğrenmeye ağırlık verilmesi; grafiklerin hangi amaçla kullanıldığının ve grafiklerin doğasına ilişkin kavramsal bilginin özenle öğretilmesi; çizgi grafiğinde ölçeklendirme üzerinde durulması; hangi durumda hangi merkezi eğilim ölçüsünün kullanılacağı bilgisinin iyi kazandırılması,YOK,1,2,s. 154,"K1: gorulme_orani, makalenin O YANILGI KATEGORİSİ için verdiği yüzdedir (frekans ve yüzde Tablo 2 ve Tablo 7'de, ayrıca ilgili alt bölümün metninde aynen yazıyor); soru bazlı yanlış oranı değildir. K5: Oran var ve ölçüm aracı açıkça tanımlı, ancak n=69 < 100 olduğu için guven=2 (guven=3 değil). K2: Makale hata ile kavram yanılgısını KENDİSİ ayırıyor — aynı kazanımla ilişkili en az iki soruya sistematik ve sürekli aynı yolla yanlış cevap kavram yanılgısı, birine doğru birine yanlış cevap ya da dikkatsizlik hata sayılmış. Envantere yalnız KAVRAM YANILGISI kategorileri alındı; makalenin açıkça 'dikkatsizlikten kaynaklanan hata' dediği 'veri setini sıralamadan medyan hesaplama' (f=9, %13,04) ve 'daire grafiğinde alanları isimlendirmeme' (f=2, %2,8) kategorileri ALINMADI. KAZANIM: Makale testinin dayandığı kazanımları açıkça yazıyor (M.7.4.1.1, M.7.4.1.2, M.7.4.1.3, M.7.4.1.4 — basılı s.145-146), ancak bunları yanılgı bazında değil test bütünü için veriyor; bu yüzden kazanim_kodu boş, satır bazlı eşleme çıkarım olarak lgs_kazanim_tahmini sütununa yazıldı. KAPSAM: Test 7. sınıf veri işleme kazanımları temel alınarak hazırlanmış, 8. sınıf öğrencilerine uygulanmıştır (sinif=8). İL: Makale uygulama ilini vermiyor, yalnız 'Türkiye'nin kuzeyinde yer alan bir ortaokul' diyor; il sütunu K1 gereği boş. KÜNYE: Makale metninde DOI geçmiyor; tez_id dergi künyesinden (JMSE 7(4), 139-163) türetildi. DergiPark dosya kimlikleri: #1372175-3458290. Dosya adı iş emrindeki Türkçe başlıktan farklı (İngilizce başlıklı sürüm), DergiPark kimlikleri birebir aynı. M.7.4.1.2 açıklaması 'Belli bir veri grubu için bu değerlerden hangisinin daha kullanışlı olduğunu anlamaya yönelik çalışmalara yer verilir' diyor — yanılgı doğrudan bu kazanımı vuruyor. Bu kategoride hata frekansı yok, kategori tümüyle yanılgı.",M.7.4.1.2
MAKALE:10.18506/anemon.258539,"Gürbüz, Ramazan; Erdem, Emrullah",2017,Adıyaman Üniversitesi,MAKALE,2013,karma,38,Adıyaman,Basit olayların olma olasılığı,,Zarda büyük sayıların gelmesini daha güçlü sanma,Öğrenci zar atma deneyinde zarın 5 ya da 6 gelme olasılığını 1 ya da 2 gelme olasılığından daha güçlü görüyor; eşit şanslı çıktıların olasılık değerlerinin eşit olduğunu kavramıyor.,M32 (öğretmen): “… bazı öğrenciler okulda olasılık konusuyla tanışmadan önce evde ya da başka bir ortamda oynanan bir tavla oyununun izledikleri oluyor. Buradan hareketle bir zar atma deneyinde zarın 5 ya da 6 gelme olasılığını 1 ya da 2 gelme olasılığından daha güçlü görmektedirler.”,,"İki açık uçlu sorudan oluşan görüşme formu (uzman görüşü alınmış, üç öğretmenle ön görüşme yapılmış); özel durum çalışması, içerik analizi ile tema-kod çıkarımı","Olasılık kavramlarının günlük hayatla ilişkilendirilerek ve somut deneylerle öğretilmesi; küme, kesir ve yüzde ön bilgilerinin önceden sağlamlaştırılması",YOK,1,1,s. 369,"Öğretmen yanılgının kaynağını okul dışı deneyime (tavla) bağlıyor; bu yüzden lemma_basamagi 1 (Göster) seçildi — eşit şansın somut karşılığının kurulmamış olması. || KAYNAK TÜRÜ UYARISI: Bu çalışmanın örneklemi öğrenci değil, 38 ortaokul matematik ÖĞRETMENİDİR (Adıyaman il merkezi, maksimum çeşitlilik örneklemesi). Yanılgı doğrudan öğrenci verisinden değil, öğretmen görüşünden derlenmiştir; öğrenci kâğıdı, test ya da görüşme verisi yoktur. Bu yüzden K5 gereği guven=1 tavanındadır ve bağımsız öğrenci verisiyle teyit gerekir. Makalenin analiz birimi yanılgı değil, 'olasılığın öğrenilmesini zorlaştıran nedenler'dir (Tablo 1, basılı s.367); 12 kodun yalnız biri kavram yanılgısıdır. orneklem_n=38 ÖĞRETMEN sayısıdır, öğrenci sayısı değildir. Makale 27-30 Haziran 2012'de 10. Ulusal Fen Bilimleri ve Matematik Eğitimi Kongresi'nde bildiri olarak sunulan çalışmanın makale hâlidir.",M.8.5.1.3
MAKALE:10.18506/anemon.258539,"Gürbüz, Ramazan; Erdem, Emrullah",2017,Adıyaman Üniversitesi,MAKALE,2013,karma,38,Adıyaman,Basit olayların olma olasılığı,,Önceki doğumların sonraki cinsiyeti etkilediğini sanma,Öğrenci üç kız çocuğu olan bir ailede dördüncü çocuğun cinsiyetini önceki doğumlara bakarak tahmin ediyor; her doğumun eşit şanslı olduğunu ve önceki sonuçların bir sonrakini etkilemediğini görmüyor.,"M18 (öğretmen): “… Öğrencinin günlük yaşamından getirdiği kavram yanılgılı bilgiler bizim öğrettiklerimize ket vurmaktadır. Örneğin, üç kız çocuğu olan bir ailenin dördüncü çocuğunun; ‘ilk üçü kız olduğundan bu kez de kız olacağını ya da ilk üçü kız, bu sefer erkek olur’ şeklinde kavram yanılgılı cevaplar vermektedirler.”",,"İki açık uçlu sorudan oluşan görüşme formu (uzman görüşü alınmış, üç öğretmenle ön görüşme yapılmış); özel durum çalışması, içerik analizi ile tema-kod çıkarımı","Olasılık kavramlarının günlük hayatla ilişkilendirilerek ve somut deneylerle öğretilmesi; küme, kesir ve yüzde ön bilgilerinin önceden sağlamlaştırılması",YOK,1,1,s. 370,"Klasik temsil edilebilirlik / kumarbaz yanılgısı. Öğretmen kaynağı günlük yaşamdan getirilen bilgiye bağlıyor. lgs_kazanim_tahmini M.8.5.1.3 (eşit şanslı olaylarda her çıktının olasılık değeri eşittir) seçildi; bağımsızlık kavramı MEB 2018 6-8 programında YOK, o yüzden bağımsızlığa değil eşit şansa bağlandı. || KAYNAK TÜRÜ UYARISI: Bu çalışmanın örneklemi öğrenci değil, 38 ortaokul matematik ÖĞRETMENİDİR (Adıyaman il merkezi, maksimum çeşitlilik örneklemesi). Yanılgı doğrudan öğrenci verisinden değil, öğretmen görüşünden derlenmiştir; öğrenci kâğıdı, test ya da görüşme verisi yoktur. Bu yüzden K5 gereği guven=1 tavanındadır ve bağımsız öğrenci verisiyle teyit gerekir. Makalenin analiz birimi yanılgı değil, 'olasılığın öğrenilmesini zorlaştıran nedenler'dir (Tablo 1, basılı s.367); 12 kodun yalnız biri kavram yanılgısıdır. orneklem_n=38 ÖĞRETMEN sayısıdır, öğrenci sayısı değildir. Makale 27-30 Haziran 2012'de 10. Ulusal Fen Bilimleri ve Matematik Eğitimi Kongresi'nde bildiri olarak sunulan çalışmanın makale hâlidir.",M.8.5.1.3
439288,"Kanak, Gülsüm",2016,Mersin Üniversitesi,YL,2013,8,283,Şanlıurfa,DİĞER: Olasılık çeşitleri (deneysel/teorik/öznel),,Teorik olasılığı öznel olasılık sanma,"Hesaplama yapılarak bulunan teorik olasılık sorulduğunda öğrenci, sonucun kişiye göre değiştiği öznel olasılık cevabını veriyor; olasılık çeşitlerini birbiriyle karıştırıyor.",,,"Araştırmacı tarafından geliştirilen 25 soruluk Olasılık Başarı Testi; beş bölümlü, her bölüm için 0-1-2-3-4 puanlı değerlendirme rubriği (2 puan = kavram yanılgısı, 1 puan = kavram hatası); ayrıca seçilen öğrencilerin kâğıtları örnek olarak incelenmiş",Olasılık kavramlarının tanım düzeyinde ve karşılaştırmalı olarak çalışılması; geri konma / konmama şartının problem metninde açıkça fark ettirilmesi,YOK,1,1,s. 38,"Şekil 4.1, birinci örnek. | K1: Tez oranları rubrik puanı düzeyinde ve SORU BAZINDA veriyor (0 puan boş, 1 puan kavram hatası, 2 puan kavram yanılgısı, 4 puan tam doğru). Bir sorunun kavram yanılgısı yüzdesi o soruda görülen birden çok ayrı yanılgıya dağılıyor — örneğin 1. sorunun %19,4'ü Şekil 4.1-4.4'teki dört farklı yanılgıyı birden kapsıyor. Bu yüzden yanılgı başına oran çıkarılamadı, gorulme_orani boş bırakıldı ve guven=1 verildi. | KAPSAM SAPMASI (LGS): Deneysel/teorik/öznel olasılık ayrımı MEB 2018 6-8 kazanım listesinde (kazanim-listesi.txt) hiç geçmiyor. Satır literatür kaydı olarak kalır; LGS konu sayfasında bulgu olarak KULLANILAMAZ. lgs_kazanim_tahmini bu yüzden boş.",
439288,"Kanak, Gülsüm",2016,Mersin Üniversitesi,YL,2013,8,283,Şanlıurfa,DİĞER: Olasılık çeşitleri (deneysel/teorik/öznel),,Olasılık çeşidi olmayan adlar uydurma,"Öğrenci olasılık çeşidi sorulduğunda teorik, deneysel ve öznel dışında sayı olasılığı, yüzdelik olasılık, rastgele olasılık gibi var olmayan adlar yazıyor; tez bunu kavram hatası olarak sınıflandırıyor.",,,"Araştırmacı tarafından geliştirilen 25 soruluk Olasılık Başarı Testi; beş bölümlü, her bölüm için 0-1-2-3-4 puanlı değerlendirme rubriği (2 puan = kavram yanılgısı, 1 puan = kavram hatası); ayrıca seçilen öğrencilerin kâğıtları örnek olarak incelenmiş",Olasılık kavramlarının tanım düzeyinde ve karşılaştırmalı olarak çalışılması; geri konma / konmama şartının problem metninde açıkça fark ettirilmesi,YOK,1,1,s. 38,"Şekil 4.2. K2 UYARISI: Tez bu bulguyu KAVRAM YANILGISI değil KAVRAM HATASI diye etiketliyor (öğrenci kavramı hiç bilmiyor, yanlış bilmiyor). Satır tekrar sayımına yanılgı olarak katılmamalıdır. | K1: Tez oranları rubrik puanı düzeyinde ve SORU BAZINDA veriyor (0 puan boş, 1 puan kavram hatası, 2 puan kavram yanılgısı, 4 puan tam doğru). Bir sorunun kavram yanılgısı yüzdesi o soruda görülen birden çok ayrı yanılgıya dağılıyor — örneğin 1. sorunun %19,4'ü Şekil 4.1-4.4'teki dört farklı yanılgıyı birden kapsıyor. Bu yüzden yanılgı başına oran çıkarılamadı, gorulme_orani boş bırakıldı ve guven=1 verildi. | KAPSAM SAPMASI (LGS): Deneysel/teorik/öznel olasılık ayrımı MEB 2018 6-8 kazanım listesinde (kazanim-listesi.txt) hiç geçmiyor. Satır literatür kaydı olarak kalır; LGS konu sayfasında bulgu olarak KULLANILAMAZ. lgs_kazanim_tahmini bu yüzden boş.",
439288,"Kanak, Gülsüm",2016,Mersin Üniversitesi,YL,2013,8,283,Şanlıurfa,DİĞER: Olasılık çeşitleri (deneysel/teorik/öznel),,Deneysel olasılığı teorik olasılık sanma,Cevabı deneysel olasılık olan soruya öğrenci teorik olasılık yanıtını veriyor; özellikle birden çok soruya aynı teorik olasılık cevabını vererek teorik olasılığı diğer çeşitlerin yerine kullanıyor.,,,"Araştırmacı tarafından geliştirilen 25 soruluk Olasılık Başarı Testi; beş bölümlü, her bölüm için 0-1-2-3-4 puanlı değerlendirme rubriği (2 puan = kavram yanılgısı, 1 puan = kavram hatası); ayrıca seçilen öğrencilerin kâğıtları örnek olarak incelenmiş",Olasılık kavramlarının tanım düzeyinde ve karşılaştırmalı olarak çalışılması; geri konma / konmama şartının problem metninde açıkça fark ettirilmesi,YOK,1,1,s. 39,"Şekil 4.3, üçüncü örnek. | K1: Tez oranları rubrik puanı düzeyinde ve SORU BAZINDA veriyor (0 puan boş, 1 puan kavram hatası, 2 puan kavram yanılgısı, 4 puan tam doğru). Bir sorunun kavram yanılgısı yüzdesi o soruda görülen birden çok ayrı yanılgıya dağılıyor — örneğin 1. sorunun %19,4'ü Şekil 4.1-4.4'teki dört farklı yanılgıyı birden kapsıyor. Bu yüzden yanılgı başına oran çıkarılamadı, gorulme_orani boş bırakıldı ve guven=1 verildi. | KAPSAM SAPMASI (LGS): Deneysel/teorik/öznel olasılık ayrımı MEB 2018 6-8 kazanım listesinde (kazanim-listesi.txt) hiç geçmiyor. Satır literatür kaydı olarak kalır; LGS konu sayfasında bulgu olarak KULLANILAMAZ. lgs_kazanim_tahmini bu yüzden boş.",
439288,"Kanak, Gülsüm",2016,Mersin Üniversitesi,YL,2013,8,283,Şanlıurfa,DİĞER: Olasılık çeşitleri (deneysel/teorik/öznel),,Öznel olasılığı teorik olasılık sanma,Sonucun kişiye göre değiştiği öznel olasılık sorulduğunda öğrenci teorik olasılık yanıtını veriyor; var olan iki olasılık çeşidini karıştırıyor.,,,"Araştırmacı tarafından geliştirilen 25 soruluk Olasılık Başarı Testi; beş bölümlü, her bölüm için 0-1-2-3-4 puanlı değerlendirme rubriği (2 puan = kavram yanılgısı, 1 puan = kavram hatası); ayrıca seçilen öğrencilerin kâğıtları örnek olarak incelenmiş",Olasılık kavramlarının tanım düzeyinde ve karşılaştırmalı olarak çalışılması; geri konma / konmama şartının problem metninde açıkça fark ettirilmesi,YOK,1,1,s. 39,"Şekil 4.4, dördüncü örnek. | K1: Tez oranları rubrik puanı düzeyinde ve SORU BAZINDA veriyor (0 puan boş, 1 puan kavram hatası, 2 puan kavram yanılgısı, 4 puan tam doğru). Bir sorunun kavram yanılgısı yüzdesi o soruda görülen birden çok ayrı yanılgıya dağılıyor — örneğin 1. sorunun %19,4'ü Şekil 4.1-4.4'teki dört farklı yanılgıyı birden kapsıyor. Bu yüzden yanılgı başına oran çıkarılamadı, gorulme_orani boş bırakıldı ve guven=1 verildi. | KAPSAM SAPMASI (LGS): Deneysel/teorik/öznel olasılık ayrımı MEB 2018 6-8 kazanım listesinde (kazanim-listesi.txt) hiç geçmiyor. Satır literatür kaydı olarak kalır; LGS konu sayfasında bulgu olarak KULLANILAMAZ. lgs_kazanim_tahmini bu yüzden boş.",
439288,"Kanak, Gülsüm",2016,Mersin Üniversitesi,YL,2013,8,283,Şanlıurfa,DİĞER: Bağımlı ve bağımsız olaylar,,Bağımlı olayı bağımsız olay sanma,Seçilen nesne geriye konmamak üzere alındığında iki olayın sonucu birbirini etkilediği için cevap bağımlı olay olması gerekirken öğrenci bağımsız olay yazıyor; iki olay çeşidini karıştırıyor.,,,"Araştırmacı tarafından geliştirilen 25 soruluk Olasılık Başarı Testi; beş bölümlü, her bölüm için 0-1-2-3-4 puanlı değerlendirme rubriği (2 puan = kavram yanılgısı, 1 puan = kavram hatası); ayrıca seçilen öğrencilerin kâğıtları örnek olarak incelenmiş",Olasılık kavramlarının tanım düzeyinde ve karşılaştırmalı olarak çalışılması; geri konma / konmama şartının problem metninde açıkça fark ettirilmesi,YOK,1,1,s. 43-44,"Şekil 4.8. Tez ayrımı açıkça yapıyor: öğrenci kavramı bilmiyor değil, bildiğini karıştırıyor — yani kavram yanılgısı (2 puan), kavram hatası değil. | K1: Tez oranları rubrik puanı düzeyinde ve SORU BAZINDA veriyor (0 puan boş, 1 puan kavram hatası, 2 puan kavram yanılgısı, 4 puan tam doğru). Bir sorunun kavram yanılgısı yüzdesi o soruda görülen birden çok ayrı yanılgıya dağılıyor — örneğin 1. sorunun %19,4'ü Şekil 4.1-4.4'teki dört farklı yanılgıyı birden kapsıyor. Bu yüzden yanılgı başına oran çıkarılamadı, gorulme_orani boş bırakıldı ve guven=1 verildi. | KAPSAM SAPMASI (LGS): MEB 2018 M.8.5.1.5 açıklaması: “Ayrık olan ve olmayan, bağımlı ve bağımsız olayların olasılığına girilmez; birden fazla olayın olma olasılığı ele alınmaz.” Satır literatür kaydı olarak kalır; LGS konu sayfasında bulgu olarak KULLANILAMAZ. lgs_kazanim_tahmini bu yüzden boş.",
439288,"Kanak, Gülsüm",2016,Mersin Üniversitesi,YL,2013,8,283,Şanlıurfa,DİĞER: Bağımlı ve bağımsız olaylar,,Bağımsız olayı bağımlı olay sanma,Şifredeki rakamlar tekrar edebildiği için birinci seçim ikinciyi etkilemez ve cevap bağımsız olaydır; öğrenci bağımlı olay yazıyor.,,,"Araştırmacı tarafından geliştirilen 25 soruluk Olasılık Başarı Testi; beş bölümlü, her bölüm için 0-1-2-3-4 puanlı değerlendirme rubriği (2 puan = kavram yanılgısı, 1 puan = kavram hatası); ayrıca seçilen öğrencilerin kâğıtları örnek olarak incelenmiş",Olasılık kavramlarının tanım düzeyinde ve karşılaştırmalı olarak çalışılması; geri konma / konmama şartının problem metninde açıkça fark ettirilmesi,YOK,1,1,s. 43,"Şekil 4.7, altıncı soru. | K1: Tez oranları rubrik puanı düzeyinde ve SORU BAZINDA veriyor (0 puan boş, 1 puan kavram hatası, 2 puan kavram yanılgısı, 4 puan tam doğru). Bir sorunun kavram yanılgısı yüzdesi o soruda görülen birden çok ayrı yanılgıya dağılıyor — örneğin 1. sorunun %19,4'ü Şekil 4.1-4.4'teki dört farklı yanılgıyı birden kapsıyor. Bu yüzden yanılgı başına oran çıkarılamadı, gorulme_orani boş bırakıldı ve guven=1 verildi. | KAPSAM SAPMASI (LGS): MEB 2018 M.8.5.1.5 açıklaması: “Ayrık olan ve olmayan, bağımlı ve bağımsız olayların olasılığına girilmez; birden fazla olayın olma olasılığı ele alınmaz.” Satır literatür kaydı olarak kalır; LGS konu sayfasında bulgu olarak KULLANILAMAZ. lgs_kazanim_tahmini bu yüzden boş.",
439288,"Kanak, Gülsüm",2016,Mersin Üniversitesi,YL,2013,8,283,Şanlıurfa,DİĞER: Bağımlı ve bağımsız olaylar,,Olay çeşidi yerine var olmayan ad yazma,Öğrenci bağımlı/bağımsız olay sorulduğunda olay çeşitleriyle ilgisi olmayan bağlı olay gibi bir kelime yazıyor; tez bunu kavramı hiç bilmemeye bağlayarak kavram hatası sayıyor.,,,"Araştırmacı tarafından geliştirilen 25 soruluk Olasılık Başarı Testi; beş bölümlü, her bölüm için 0-1-2-3-4 puanlı değerlendirme rubriği (2 puan = kavram yanılgısı, 1 puan = kavram hatası); ayrıca seçilen öğrencilerin kâğıtları örnek olarak incelenmiş",Olasılık kavramlarının tanım düzeyinde ve karşılaştırmalı olarak çalışılması; geri konma / konmama şartının problem metninde açıkça fark ettirilmesi,YOK,1,1,s. 42,"Şekil 4.6. K2 UYARISI: Tez bunu KAVRAM HATASI diye etiketliyor, kavram yanılgısı değil. | K1: Tez oranları rubrik puanı düzeyinde ve SORU BAZINDA veriyor (0 puan boş, 1 puan kavram hatası, 2 puan kavram yanılgısı, 4 puan tam doğru). Bir sorunun kavram yanılgısı yüzdesi o soruda görülen birden çok ayrı yanılgıya dağılıyor — örneğin 1. sorunun %19,4'ü Şekil 4.1-4.4'teki dört farklı yanılgıyı birden kapsıyor. Bu yüzden yanılgı başına oran çıkarılamadı, gorulme_orani boş bırakıldı ve guven=1 verildi. | KAPSAM SAPMASI (LGS): MEB 2018 M.8.5.1.5 açıklaması: “Ayrık olan ve olmayan, bağımlı ve bağımsız olayların olasılığına girilmez; birden fazla olayın olma olasılığı ele alınmaz.” Satır literatür kaydı olarak kalır; LGS konu sayfasında bulgu olarak KULLANILAMAZ. lgs_kazanim_tahmini bu yüzden boş.",
439288,"Kanak, Gülsüm",2016,Mersin Üniversitesi,YL,2013,8,283,Şanlıurfa,DİĞER: Bağımlı ve bağımsız olaylar,,Bağımsız olayda örnek uzayı eksiltme,Soruda bilyelerin tekrar kutuya atıldığı belirtildiği hâlde öğrenci bu şartı göz ardı edip ikinci çekimde toplam sayıyı bir azaltıyor.,,,"Araştırmacı tarafından geliştirilen 25 soruluk Olasılık Başarı Testi; beş bölümlü, her bölüm için 0-1-2-3-4 puanlı değerlendirme rubriği (2 puan = kavram yanılgısı, 1 puan = kavram hatası); ayrıca seçilen öğrencilerin kâğıtları örnek olarak incelenmiş",Olasılık kavramlarının tanım düzeyinde ve karşılaştırmalı olarak çalışılması; geri konma / konmama şartının problem metninde açıkça fark ettirilmesi,YOK,1,1,s. 47,"Şekil 4.10. | K1: Tez oranları rubrik puanı düzeyinde ve SORU BAZINDA veriyor (0 puan boş, 1 puan kavram hatası, 2 puan kavram yanılgısı, 4 puan tam doğru). Bir sorunun kavram yanılgısı yüzdesi o soruda görülen birden çok ayrı yanılgıya dağılıyor — örneğin 1. sorunun %19,4'ü Şekil 4.1-4.4'teki dört farklı yanılgıyı birden kapsıyor. Bu yüzden yanılgı başına oran çıkarılamadı, gorulme_orani boş bırakıldı ve guven=1 verildi. | KAPSAM SAPMASI (LGS): MEB 2018 M.8.5.1.5 açıklaması: “Ayrık olan ve olmayan, bağımlı ve bağımsız olayların olasılığına girilmez; birden fazla olayın olma olasılığı ele alınmaz.” Satır literatür kaydı olarak kalır; LGS konu sayfasında bulgu olarak KULLANILAMAZ. lgs_kazanim_tahmini bu yüzden boş.",
439288,"Kanak, Gülsüm",2016,Mersin Üniversitesi,YL,2013,8,283,Şanlıurfa,DİĞER: Bağımlı ve bağımsız olaylar,,Şart yokken geri konduğunu varsayıp eksiltmeme,Soruda geri atılma şartı belirtilmediği hâlde öğrenci çekilen topun torbaya geri atıldığını düşünüyor ve ikinci çekimde toplam top sayısını azaltmıyor.,,,"Araştırmacı tarafından geliştirilen 25 soruluk Olasılık Başarı Testi; beş bölümlü, her bölüm için 0-1-2-3-4 puanlı değerlendirme rubriği (2 puan = kavram yanılgısı, 1 puan = kavram hatası); ayrıca seçilen öğrencilerin kâğıtları örnek olarak incelenmiş",Olasılık kavramlarının tanım düzeyinde ve karşılaştırmalı olarak çalışılması; geri konma / konmama şartının problem metninde açıkça fark ettirilmesi,YOK,1,1,s. 47,"Şekil 4.11, dokuzuncu soru. | K1: Tez oranları rubrik puanı düzeyinde ve SORU BAZINDA veriyor (0 puan boş, 1 puan kavram hatası, 2 puan kavram yanılgısı, 4 puan tam doğru). Bir sorunun kavram yanılgısı yüzdesi o soruda görülen birden çok ayrı yanılgıya dağılıyor — örneğin 1. sorunun %19,4'ü Şekil 4.1-4.4'teki dört farklı yanılgıyı birden kapsıyor. Bu yüzden yanılgı başına oran çıkarılamadı, gorulme_orani boş bırakıldı ve guven=1 verildi. | KAPSAM SAPMASI (LGS): MEB 2018 M.8.5.1.5 açıklaması: “Ayrık olan ve olmayan, bağımlı ve bağımsız olayların olasılığına girilmez; birden fazla olayın olma olasılığı ele alınmaz.” Satır literatür kaydı olarak kalır; LGS konu sayfasında bulgu olarak KULLANILAMAZ. lgs_kazanim_tahmini bu yüzden boş.",
439288,"Kanak, Gülsüm",2016,Mersin Üniversitesi,YL,2013,8,283,Şanlıurfa,DİĞER: Bağımlı ve bağımsız olaylar,,Geri konulmama şartını gözden kaçırma,Soruda geri konulmamak ifadesi geçtiği hâlde öğrenci ikinci çekilişte birinci çekilişte çekilen boncuğun torbaya geri konulduğunu düşünüyor.,,,"Araştırmacı tarafından geliştirilen 25 soruluk Olasılık Başarı Testi; beş bölümlü, her bölüm için 0-1-2-3-4 puanlı değerlendirme rubriği (2 puan = kavram yanılgısı, 1 puan = kavram hatası); ayrıca seçilen öğrencilerin kâğıtları örnek olarak incelenmiş",Olasılık kavramlarının tanım düzeyinde ve karşılaştırmalı olarak çalışılması; geri konma / konmama şartının problem metninde açıkça fark ettirilmesi,YOK,1,1,s. 48,"Şekil 4.12, sekizinci soru. | K1: Tez oranları rubrik puanı düzeyinde ve SORU BAZINDA veriyor (0 puan boş, 1 puan kavram hatası, 2 puan kavram yanılgısı, 4 puan tam doğru). Bir sorunun kavram yanılgısı yüzdesi o soruda görülen birden çok ayrı yanılgıya dağılıyor — örneğin 1. sorunun %19,4'ü Şekil 4.1-4.4'teki dört farklı yanılgıyı birden kapsıyor. Bu yüzden yanılgı başına oran çıkarılamadı, gorulme_orani boş bırakıldı ve guven=1 verildi. | KAPSAM SAPMASI (LGS): MEB 2018 M.8.5.1.5 açıklaması: “Ayrık olan ve olmayan, bağımlı ve bağımsız olayların olasılığına girilmez; birden fazla olayın olma olasılığı ele alınmaz.” Satır literatür kaydı olarak kalır; LGS konu sayfasında bulgu olarak KULLANILAMAZ. lgs_kazanim_tahmini bu yüzden boş.",
439288,"Kanak, Gülsüm",2016,Mersin Üniversitesi,YL,2013,8,283,Şanlıurfa,DİĞER: Bağımlı ve bağımsız olaylar,,Olasılıkları çarpmak yerine toplama,İki kalemin farklı renkte olma olasılığı sorulduğunda öğrenci olasılıkları tek tek bulup topluyor; ayrıca ikinci seçimde paydayı bir azaltması gerektiğini gözden kaçırıyor.,,,"Araştırmacı tarafından geliştirilen 25 soruluk Olasılık Başarı Testi; beş bölümlü, her bölüm için 0-1-2-3-4 puanlı değerlendirme rubriği (2 puan = kavram yanılgısı, 1 puan = kavram hatası); ayrıca seçilen öğrencilerin kâğıtları örnek olarak incelenmiş",Olasılık kavramlarının tanım düzeyinde ve karşılaştırmalı olarak çalışılması; geri konma / konmama şartının problem metninde açıkça fark ettirilmesi,YOK,1,1,s. 48,"Şekil 4.13, yedinci soru. Aynı yanılgı Dereli (2009, tez 252911) ve Çakmak & Durmuş (2015) çalışmalarında da görülmüştür — K4 gereği satırlar birleştirilmedi. | K1: Tez oranları rubrik puanı düzeyinde ve SORU BAZINDA veriyor (0 puan boş, 1 puan kavram hatası, 2 puan kavram yanılgısı, 4 puan tam doğru). Bir sorunun kavram yanılgısı yüzdesi o soruda görülen birden çok ayrı yanılgıya dağılıyor — örneğin 1. sorunun %19,4'ü Şekil 4.1-4.4'teki dört farklı yanılgıyı birden kapsıyor. Bu yüzden yanılgı başına oran çıkarılamadı, gorulme_orani boş bırakıldı ve guven=1 verildi. | KAPSAM SAPMASI (LGS): MEB 2018 M.8.5.1.5 açıklaması: “Ayrık olan ve olmayan, bağımlı ve bağımsız olayların olasılığına girilmez; birden fazla olayın olma olasılığı ele alınmaz.” Satır literatür kaydı olarak kalır; LGS konu sayfasında bulgu olarak KULLANILAMAZ. lgs_kazanim_tahmini bu yüzden boş.",
439288,"Kanak, Gülsüm",2016,Mersin Üniversitesi,YL,2013,8,283,Şanlıurfa,DİĞER: Bağımlı ve bağımsız olaylar,,Ardışık çekimlerde payı eksiltmeme,"Geri atılmamak koşulunu paydada doğru uygulayan öğrenci, art arda çekilen üç topu sırasıyla paylarda eksiltmesi gerekirken hep aynı rakamları kullanıyor.",,,"Araştırmacı tarafından geliştirilen 25 soruluk Olasılık Başarı Testi; beş bölümlü, her bölüm için 0-1-2-3-4 puanlı değerlendirme rubriği (2 puan = kavram yanılgısı, 1 puan = kavram hatası); ayrıca seçilen öğrencilerin kâğıtları örnek olarak incelenmiş",Olasılık kavramlarının tanım düzeyinde ve karşılaştırmalı olarak çalışılması; geri konma / konmama şartının problem metninde açıkça fark ettirilmesi,YOK,1,1,s. 49,"Şekil 4.15, on birinci soru. | K1: Tez oranları rubrik puanı düzeyinde ve SORU BAZINDA veriyor (0 puan boş, 1 puan kavram hatası, 2 puan kavram yanılgısı, 4 puan tam doğru). Bir sorunun kavram yanılgısı yüzdesi o soruda görülen birden çok ayrı yanılgıya dağılıyor — örneğin 1. sorunun %19,4'ü Şekil 4.1-4.4'teki dört farklı yanılgıyı birden kapsıyor. Bu yüzden yanılgı başına oran çıkarılamadı, gorulme_orani boş bırakıldı ve guven=1 verildi. | KAPSAM SAPMASI (LGS): MEB 2018 M.8.5.1.5 açıklaması: “Ayrık olan ve olmayan, bağımlı ve bağımsız olayların olasılığına girilmez; birden fazla olayın olma olasılığı ele alınmaz.” Satır literatür kaydı olarak kalır; LGS konu sayfasında bulgu olarak KULLANILAMAZ. lgs_kazanim_tahmini bu yüzden boş.",
439288,"Kanak, Gülsüm",2016,Mersin Üniversitesi,YL,2013,8,283,Şanlıurfa,DİĞER: Permütasyon ve kombinasyon,,Sıralama sorusunda kombinasyon seçme,Yedi kitabın rafa sıralanması gibi sıralamanın önemli olduğu soruda öğrenci permütasyon yerine kombinasyon yanıtını veriyor.,,,"Araştırmacı tarafından geliştirilen 25 soruluk Olasılık Başarı Testi; beş bölümlü, her bölüm için 0-1-2-3-4 puanlı değerlendirme rubriği (2 puan = kavram yanılgısı, 1 puan = kavram hatası); ayrıca seçilen öğrencilerin kâğıtları örnek olarak incelenmiş",Olasılık kavramlarının tanım düzeyinde ve karşılaştırmalı olarak çalışılması; geri konma / konmama şartının problem metninde açıkça fark ettirilmesi,YOK,1,1,s. 51,"Şekil 4.17, on üçüncü soru. | K1: Tez oranları rubrik puanı düzeyinde ve SORU BAZINDA veriyor (0 puan boş, 1 puan kavram hatası, 2 puan kavram yanılgısı, 4 puan tam doğru). Bir sorunun kavram yanılgısı yüzdesi o soruda görülen birden çok ayrı yanılgıya dağılıyor — örneğin 1. sorunun %19,4'ü Şekil 4.1-4.4'teki dört farklı yanılgıyı birden kapsıyor. Bu yüzden yanılgı başına oran çıkarılamadı, gorulme_orani boş bırakıldı ve guven=1 verildi. | KAPSAM SAPMASI (LGS): Permütasyon/kombinasyon/faktöriyel MEB 2018 6-8 kazanım listesinde (kazanim-listesi.txt) hiç geçmiyor. Satır literatür kaydı olarak kalır; LGS konu sayfasında bulgu olarak KULLANILAMAZ. lgs_kazanim_tahmini bu yüzden boş.",
439288,"Kanak, Gülsüm",2016,Mersin Üniversitesi,YL,2013,8,283,Şanlıurfa,DİĞER: Permütasyon ve kombinasyon,,Alt küme sorusunda permütasyon seçme,Alt küme sayısı sorulduğunda sıralama önemli olmadığı için çözümün kombinasyonla yapılması gerekirken öğrenci permütasyon yolunu seçiyor.,,,"Araştırmacı tarafından geliştirilen 25 soruluk Olasılık Başarı Testi; beş bölümlü, her bölüm için 0-1-2-3-4 puanlı değerlendirme rubriği (2 puan = kavram yanılgısı, 1 puan = kavram hatası); ayrıca seçilen öğrencilerin kâğıtları örnek olarak incelenmiş",Olasılık kavramlarının tanım düzeyinde ve karşılaştırmalı olarak çalışılması; geri konma / konmama şartının problem metninde açıkça fark ettirilmesi,YOK,1,1,s. 51,"Şekil 4.18. | K1: Tez oranları rubrik puanı düzeyinde ve SORU BAZINDA veriyor (0 puan boş, 1 puan kavram hatası, 2 puan kavram yanılgısı, 4 puan tam doğru). Bir sorunun kavram yanılgısı yüzdesi o soruda görülen birden çok ayrı yanılgıya dağılıyor — örneğin 1. sorunun %19,4'ü Şekil 4.1-4.4'teki dört farklı yanılgıyı birden kapsıyor. Bu yüzden yanılgı başına oran çıkarılamadı, gorulme_orani boş bırakıldı ve guven=1 verildi. | KAPSAM SAPMASI (LGS): Permütasyon/kombinasyon/faktöriyel MEB 2018 6-8 kazanım listesinde (kazanim-listesi.txt) hiç geçmiyor. Satır literatür kaydı olarak kalır; LGS konu sayfasında bulgu olarak KULLANILAMAZ. lgs_kazanim_tahmini bu yüzden boş.",
439288,"Kanak, Gülsüm",2016,Mersin Üniversitesi,YL,2013,8,283,Şanlıurfa,DİĞER: Permütasyon ve kombinasyon,,Seçme sorusunda permütasyon seçme,İlk beşte oynayacak oyuncuların seçilmesi gibi seçme sorularında kombinasyon kullanılması gerekirken öğrenci permütasyon yanıtını veriyor.,,,"Araştırmacı tarafından geliştirilen 25 soruluk Olasılık Başarı Testi; beş bölümlü, her bölüm için 0-1-2-3-4 puanlı değerlendirme rubriği (2 puan = kavram yanılgısı, 1 puan = kavram hatası); ayrıca seçilen öğrencilerin kâğıtları örnek olarak incelenmiş",Olasılık kavramlarının tanım düzeyinde ve karşılaştırmalı olarak çalışılması; geri konma / konmama şartının problem metninde açıkça fark ettirilmesi,YOK,1,1,s. 52,"Şekil 4.20, on beşinci soru. | K1: Tez oranları rubrik puanı düzeyinde ve SORU BAZINDA veriyor (0 puan boş, 1 puan kavram hatası, 2 puan kavram yanılgısı, 4 puan tam doğru). Bir sorunun kavram yanılgısı yüzdesi o soruda görülen birden çok ayrı yanılgıya dağılıyor — örneğin 1. sorunun %19,4'ü Şekil 4.1-4.4'teki dört farklı yanılgıyı birden kapsıyor. Bu yüzden yanılgı başına oran çıkarılamadı, gorulme_orani boş bırakıldı ve guven=1 verildi. | KAPSAM SAPMASI (LGS): Permütasyon/kombinasyon/faktöriyel MEB 2018 6-8 kazanım listesinde (kazanim-listesi.txt) hiç geçmiyor. Satır literatür kaydı olarak kalır; LGS konu sayfasında bulgu olarak KULLANILAMAZ. lgs_kazanim_tahmini bu yüzden boş.",
439288,"Kanak, Gülsüm",2016,Mersin Üniversitesi,YL,2013,8,283,Şanlıurfa,DİĞER: Permütasyon ve kombinasyon,,Sıralama gerektiren yarışma sorusunda kombinasyon seçme,Koşu yarışmasında 1. ve 2. gelecek yarışmacılar belirlenirken sıralama yapılıp permütasyon kullanılması gerekirken öğrenci kombinasyon yanıtı veriyor; gerekçe olarak kombinasyonda sıralamanın önemli olmadığını doğru söylese de yöntemi yanlış seçiyor. Soruda sıralama veya seçme kelimeleri geçmediği için tez bu soruyu diğerlerine göre daha çok karıştırılabilecek soru olarak niteliyor.,,,"Araştırmacı tarafından geliştirilen 25 soruluk Olasılık Başarı Testi; beş bölümlü, her bölüm için 0-1-2-3-4 puanlı değerlendirme rubriği (2 puan = kavram yanılgısı, 1 puan = kavram hatası); ayrıca seçilen öğrencilerin kâğıtları örnek olarak incelenmiş",Olasılık kavramlarının tanım düzeyinde ve karşılaştırmalı olarak çalışılması; geri konma / konmama şartının problem metninde açıkça fark ettirilmesi,YOK,1,1,s. 52,"Şekil 4.21, on yedinci soru. | K1: Tez oranları rubrik puanı düzeyinde ve SORU BAZINDA veriyor (0 puan boş, 1 puan kavram hatası, 2 puan kavram yanılgısı, 4 puan tam doğru). Bir sorunun kavram yanılgısı yüzdesi o soruda görülen birden çok ayrı yanılgıya dağılıyor — örneğin 1. sorunun %19,4'ü Şekil 4.1-4.4'teki dört farklı yanılgıyı birden kapsıyor. Bu yüzden yanılgı başına oran çıkarılamadı, gorulme_orani boş bırakıldı ve guven=1 verildi. | KAPSAM SAPMASI (LGS): Permütasyon/kombinasyon/faktöriyel MEB 2018 6-8 kazanım listesinde (kazanim-listesi.txt) hiç geçmiyor. Satır literatür kaydı olarak kalır; LGS konu sayfasında bulgu olarak KULLANILAMAZ. lgs_kazanim_tahmini bu yüzden boş.",
439288,"Kanak, Gülsüm",2016,Mersin Üniversitesi,YL,2013,8,283,Şanlıurfa,DİĞER: Permütasyon ve kombinasyon,,Oturma düzeni sorusunda permütasyon yerine kombinasyon seçme,Beş kişilik bir ailenin beş koltuğa oturtulması sorusunda permütasyon kullanılması uygun olduğu hâlde öğrenci kombinasyon yanıtını veriyor; verdiği yanıtı açıklarken kombinasyonda sıralamanın önemsenmediğini doğru ifade etmesine rağmen soruya yanlış yöntemi uyguluyor.,,,"Araştırmacı tarafından geliştirilen 25 soruluk Olasılık Başarı Testi; beş bölümlü, her bölüm için 0-1-2-3-4 puanlı değerlendirme rubriği (2 puan = kavram yanılgısı, 1 puan = kavram hatası); ayrıca seçilen öğrencilerin kâğıtları örnek olarak incelenmiş",Olasılık kavramlarının tanım düzeyinde ve karşılaştırmalı olarak çalışılması; geri konma / konmama şartının problem metninde açıkça fark ettirilmesi,YOK,1,1,s. 53,"Şekil 4.22. DENETİM DÜZELTMESİ: ilk kodlamada bu satır 'Kombinasyonda sıralamanın önemli olduğunu sanma' diye etiketlenmişti; tez metni bunun TERSİNİ söylüyor (öğrenci kombinasyonda sıralamanın önemsenmediğini doğru biliyor, yanlış olan yöntem seçimi). sayfa_anahtar_dogrula.py yakaladı, etiket düzeltildi. | K1: Tez oranları rubrik puanı düzeyinde ve SORU BAZINDA veriyor (0 puan boş, 1 puan kavram hatası, 2 puan kavram yanılgısı, 4 puan tam doğru). Bir sorunun kavram yanılgısı yüzdesi o soruda görülen birden çok ayrı yanılgıya dağılıyor — örneğin 1. sorunun %19,4'ü Şekil 4.1-4.4'teki dört farklı yanılgıyı birden kapsıyor. Bu yüzden yanılgı başına oran çıkarılamadı, gorulme_orani boş bırakıldı ve guven=1 verildi. | KAPSAM SAPMASI (LGS): Permütasyon/kombinasyon/faktöriyel MEB 2018 6-8 kazanım listesinde (kazanim-listesi.txt) hiç geçmiyor. Satır literatür kaydı olarak kalır; LGS konu sayfasında bulgu olarak KULLANILAMAZ. lgs_kazanim_tahmini bu yüzden boş.",
439288,"Kanak, Gülsüm",2016,Mersin Üniversitesi,YL,2013,8,283,Şanlıurfa,DİĞER: Permütasyon ve kombinasyon,,Kombinasyon yerine permütasyon problemi kurma,Yirmi dördüncü soruda kombinasyon problemi oluşturulması istenmektedir; soruyu yanıtlayan öğrenci ise 5 topun yan yana dizilebilmesiyle ilgili problem oluşturmuştur. Nesnelerin yan yana dizilmesi sorularında permütasyondan yararlanıldığından öğrenci kombinasyon ile permütasyon kavramlarını karıştırmaktadır.,,,"Araştırmacı tarafından geliştirilen 25 soruluk Olasılık Başarı Testi; beş bölümlü, her bölüm için 0-1-2-3-4 puanlı değerlendirme rubriği (2 puan = kavram yanılgısı, 1 puan = kavram hatası); ayrıca seçilen öğrencilerin kâğıtları örnek olarak incelenmiş",Olasılık kavramlarının tanım düzeyinde ve karşılaştırmalı olarak çalışılması; geri konma / konmama şartının problem metninde açıkça fark ettirilmesi,YOK,1,1,s. 56,"Şekil 4.27, yirmi dördüncü soru. Aynı yanılgı Dereli (2009, tez 252911) çalışmasında da görülmüştür — K4 gereği satırlar birleştirilmedi. | K1: Tez oranları rubrik puanı düzeyinde ve SORU BAZINDA veriyor (0 puan boş, 1 puan kavram hatası, 2 puan kavram yanılgısı, 4 puan tam doğru). Bir sorunun kavram yanılgısı yüzdesi o soruda görülen birden çok ayrı yanılgıya dağılıyor — örneğin 1. sorunun %19,4'ü Şekil 4.1-4.4'teki dört farklı yanılgıyı birden kapsıyor. Bu yüzden yanılgı başına oran çıkarılamadı, gorulme_orani boş bırakıldı ve guven=1 verildi. | KAPSAM SAPMASI (LGS): Permütasyon/kombinasyon/faktöriyel MEB 2018 6-8 kazanım listesinde (kazanim-listesi.txt) hiç geçmiyor. Satır literatür kaydı olarak kalır; LGS konu sayfasında bulgu olarak KULLANILAMAZ. lgs_kazanim_tahmini bu yüzden boş.",
MAKALE:10.14686/buefad.427971,"Yetim, Sebahat",2019,Gazi Üniversitesi,MAKALE,2013,8,22,,DİĞER: Olasılık çeşitleri (deneysel/teorik/öznel),,Deneysel ve teorik olasılık örneklerini karıştırma,"Öğrenci kavram haritasındaki boşlukları doldururken teorik olasılık için istenen örneğe deneysel olasılık örneği, deneysel olasılık için istenen örneğe teorik olasılık örneği veriyor; iki olasılık çeşidinin örneklerini birbiriyle değiştiriyor.",,6,"İki kavram haritası (birincisi 6-7-8. sınıf, ikincisi yalnız 8. sınıf müfredatını kapsayan boşluk doldurmalı kavram haritası) ve hata yapan öğrencilerle yapılan yarı yapılandırılmış mülakatlar",Olasılık kavramlarının kavram haritasıyla görselleştirilerek öğretilmesi; teorik ve deneysel olasılığın tanım ve örneklerinin yan yana karşılaştırılması,YOK,1,2,s. 73,"Frekans kaynağı: Tablo 2 'Hata ve Kavram Yanılgısı Yapılan Kategorilerin Frekans Dağılımı' (basılı s.73). Taban: 22 öğrencinin 7'sinde hata/kavram yanılgısı görülmüş (Tablo 1). Tez yüzde vermiyor, ham frekans veriyor; gorulme_orani'na o frekans yazıldı. K2 UYARISI: Makale başlığı ve tabloları 'hata VE kavram yanılgısı' ifadesini birlikte kullanıyor, ikisini kategori düzeyinde ayırmıyor; bu yüzden guven düşük tutuldu. | KAPSAM SAPMASI (LGS): Deneysel/teorik/öznel olasılık ayrımı MEB 2018 6-8 kazanım listesinde (kazanim-listesi.txt) hiç geçmiyor. Satır literatür kaydı olarak kalır; LGS konu sayfasında bulgu olarak KULLANILAMAZ. lgs_kazanim_tahmini bu yüzden boş.",
MAKALE:10.14686/buefad.427971,"Yetim, Sebahat",2019,Gazi Üniversitesi,MAKALE,2013,8,22,,DİĞER: Olasılık çeşitleri (deneysel/teorik/öznel),,Deneysel ve teorik olasılık tanımlarını karıştırma,"Öğrenci teorik olasılığı deney yaparak bulunan olasılık, deneysel olasılığı ise hesap yapılarak bulunan olasılık diye tanımlıyor; iki kavramın tanımını tam ters biliyor.","Öğrenci G: “Birisinin teorisi falan veya deney yaparak bulunan olasılıktır.” (teorik olasılık sorulduğunda) / “Hesap yapılarak bulunan olasılıktır.” (deneysel olasılık sorulduğunda). Örnek olarak da teorik olasılığa “2 kez atılan paranın birinin tura diğerinin yazı gelmesi”, deneysel olasılığa “hilesiz bir zarın 30 kez atılması olayında üst yüze 3 gelme olasılığı” demiştir.",1,"İki kavram haritası (birincisi 6-7-8. sınıf, ikincisi yalnız 8. sınıf müfredatını kapsayan boşluk doldurmalı kavram haritası) ve hata yapan öğrencilerle yapılan yarı yapılandırılmış mülakatlar",Olasılık kavramlarının kavram haritasıyla görselleştirilerek öğretilmesi; teorik ve deneysel olasılığın tanım ve örneklerinin yan yana karşılaştırılması,YOK,1,1,s. 73-74,"Frekans kaynağı: Tablo 2 'Hata ve Kavram Yanılgısı Yapılan Kategorilerin Frekans Dağılımı' (basılı s.73). Taban: 22 öğrencinin 7'sinde hata/kavram yanılgısı görülmüş (Tablo 1). Tez yüzde vermiyor, ham frekans veriyor; gorulme_orani'na o frekans yazıldı. K2 UYARISI: Makale başlığı ve tabloları 'hata VE kavram yanılgısı' ifadesini birlikte kullanıyor, ikisini kategori düzeyinde ayırmıyor; bu yüzden guven düşük tutuldu. | KAPSAM SAPMASI (LGS): Deneysel/teorik/öznel olasılık ayrımı MEB 2018 6-8 kazanım listesinde (kazanim-listesi.txt) hiç geçmiyor. Satır literatür kaydı olarak kalır; LGS konu sayfasında bulgu olarak KULLANILAMAZ. lgs_kazanim_tahmini bu yüzden boş.",
MAKALE:10.14686/buefad.427971,"Yetim, Sebahat",2019,Gazi Üniversitesi,MAKALE,2013,8,22,,DİĞER: Olasılık çeşitleri (deneysel/teorik/öznel),,Deneysel olasılık yerine bağımsız olay örneği verme,Öğrenci deneysel olasılık için örnek istendiğinde bağımsız olay örneği veriyor; olasılık çeşidi ile olay çeşidini ayrı kavram kümeleri olarak görmüyor.,,1,"İki kavram haritası (birincisi 6-7-8. sınıf, ikincisi yalnız 8. sınıf müfredatını kapsayan boşluk doldurmalı kavram haritası) ve hata yapan öğrencilerle yapılan yarı yapılandırılmış mülakatlar",Olasılık kavramlarının kavram haritasıyla görselleştirilerek öğretilmesi; teorik ve deneysel olasılığın tanım ve örneklerinin yan yana karşılaştırılması,YOK,1,1,s. 73,"Frekans kaynağı: Tablo 2 'Hata ve Kavram Yanılgısı Yapılan Kategorilerin Frekans Dağılımı' (basılı s.73). Taban: 22 öğrencinin 7'sinde hata/kavram yanılgısı görülmüş (Tablo 1). Tez yüzde vermiyor, ham frekans veriyor; gorulme_orani'na o frekans yazıldı. K2 UYARISI: Makale başlığı ve tabloları 'hata VE kavram yanılgısı' ifadesini birlikte kullanıyor, ikisini kategori düzeyinde ayırmıyor; bu yüzden guven düşük tutuldu. | KAPSAM SAPMASI (LGS): Deneysel/teorik/öznel olasılık ayrımı MEB 2018 6-8 kazanım listesinde (kazanim-listesi.txt) hiç geçmiyor. Satır literatür kaydı olarak kalır; LGS konu sayfasında bulgu olarak KULLANILAMAZ. lgs_kazanim_tahmini bu yüzden boş.",
MAKALE:10.14686/buefad.427971,"Yetim, Sebahat",2019,Gazi Üniversitesi,MAKALE,2013,8,22,,DİĞER: Bağımlı ve bağımsız olaylar,,Bağımsız olay yerine teorik olasılık örneği verme,Öğrenci bağımsız olay için örnek istendiğinde teorik olasılık örneği veriyor; olay çeşidi sorulduğunun farkına varmadan olasılık çeşidiyle yanıtlıyor.,,1,"İki kavram haritası (birincisi 6-7-8. sınıf, ikincisi yalnız 8. sınıf müfredatını kapsayan boşluk doldurmalı kavram haritası) ve hata yapan öğrencilerle yapılan yarı yapılandırılmış mülakatlar",Olasılık kavramlarının kavram haritasıyla görselleştirilerek öğretilmesi; teorik ve deneysel olasılığın tanım ve örneklerinin yan yana karşılaştırılması,YOK,1,1,s. 73,"Frekans kaynağı: Tablo 2 'Hata ve Kavram Yanılgısı Yapılan Kategorilerin Frekans Dağılımı' (basılı s.73). Taban: 22 öğrencinin 7'sinde hata/kavram yanılgısı görülmüş (Tablo 1). Tez yüzde vermiyor, ham frekans veriyor; gorulme_orani'na o frekans yazıldı. K2 UYARISI: Makale başlığı ve tabloları 'hata VE kavram yanılgısı' ifadesini birlikte kullanıyor, ikisini kategori düzeyinde ayırmıyor; bu yüzden guven düşük tutuldu. | KAPSAM SAPMASI (LGS): MEB 2018 M.8.5.1.5 açıklaması: “Ayrık olan ve olmayan, bağımlı ve bağımsız olayların olasılığına girilmez; birden fazla olayın olma olasılığı ele alınmaz.” Satır literatür kaydı olarak kalır; LGS konu sayfasında bulgu olarak KULLANILAMAZ. lgs_kazanim_tahmini bu yüzden boş.",
MAKALE:10.14686/buefad.427971,"Yetim, Sebahat",2019,Gazi Üniversitesi,MAKALE,2013,8,22,,DİĞER: Olasılık çeşitleri (deneysel/teorik/öznel),,Teorik olasılık yerine deneysel olasılık örneği verme,Öğrenci teorik olasılık için örnek istendiğinde deneysel olasılık örneği veriyor; hesapla bulunan olasılık ile denemeyle bulunan olasılığı ayırt edemiyor.,,1,"İki kavram haritası (birincisi 6-7-8. sınıf, ikincisi yalnız 8. sınıf müfredatını kapsayan boşluk doldurmalı kavram haritası) ve hata yapan öğrencilerle yapılan yarı yapılandırılmış mülakatlar",Olasılık kavramlarının kavram haritasıyla görselleştirilerek öğretilmesi; teorik ve deneysel olasılığın tanım ve örneklerinin yan yana karşılaştırılması,YOK,1,1,s. 73,"Frekans kaynağı: Tablo 2 'Hata ve Kavram Yanılgısı Yapılan Kategorilerin Frekans Dağılımı' (basılı s.73). Taban: 22 öğrencinin 7'sinde hata/kavram yanılgısı görülmüş (Tablo 1). Tez yüzde vermiyor, ham frekans veriyor; gorulme_orani'na o frekans yazıldı. K2 UYARISI: Makale başlığı ve tabloları 'hata VE kavram yanılgısı' ifadesini birlikte kullanıyor, ikisini kategori düzeyinde ayırmıyor; bu yüzden guven düşük tutuldu. | KAPSAM SAPMASI (LGS): Deneysel/teorik/öznel olasılık ayrımı MEB 2018 6-8 kazanım listesinde (kazanim-listesi.txt) hiç geçmiyor. Satır literatür kaydı olarak kalır; LGS konu sayfasında bulgu olarak KULLANILAMAZ. lgs_kazanim_tahmini bu yüzden boş.",
MAKALE:UUEFD-23-1-2010,"Sezgin Memnun, Dilek; Altun, Murat; Yılmaz, Aslıhan",2010,Uludağ Üniversitesi,MAKALE,TEYİT GEREKLİ,8,90,Bursa (Osmangazi),Basit olayların olma olasılığı,,Sadece istenen renkteki top sayısına bakma,İki torbadan hangisinden siyah top çekme olasılığının yüksek olduğu sorulduğunda öğrenci torbalardaki toplam top sayısını göz önüne almıyor; yalnızca siyah top sayılarına bakıp en çok siyah top içeren torbayı seçiyor.,"13 öğrenci, sadece siyah top sayısını düşünerek ve torbalardaki siyah top sayılarına bakarak en çok siyah top içeren torba olan A torbasının cevap olduğuna karar vermiştir.",%17,5 açık uçlu sorudan oluşan olasılık başarı testi (bazı sorularda alt sorular; sorular alanyazın ve ilköğretim ders programı alt konuları dikkate alınarak hazırlanmış). Şubeler önceden 20 soruluk düzey belirleme testiyle (Cronbach alfa 0.86) çok düşük / düşük / yüksek başarı düzeyine ayrılmış,Olasılık kavramlarının örnek uzay üzerinden ve somut materyalle öğretilmesi; imkânsız ve kesin olayın olasılık değerlerinin ayrıca vurgulanması,YOK,1,2,s. 18-19,"K1 DİKKAT: Makale bu yanılgı için açıkça “bir grup öğrenci (%17) torbalardaki toplam top sayısını göz önüne almamıştır” diyor, oran o cümleden alındı. Ancak %17 = 15/90, yani soruyu HATALI cevaplayanların tamamı; anlatıda bu gerekçeyi verdiği belirtilen öğrenci sayısı 13'tür. Makalenin kendi içinde küçük bir tutarsızlığı var — yayında 13/90 demek daha güvenli. || mufredat_donemi TEYİT GEREKLİ: makale 2010 tarihli, veriler MEB 2005 ilköğretim programı döneminde toplanmış; şema yalnız 2013/2018/Maarif değerlerini tanıyor. Yanılgılar müfredattan bağımsızdır, kazanım adlandırmaları farklılık gösterebilir. Örneklem 3 şubeye ayrılmış (8-A çok düşük, 8-B düşük, 8-C yüksek başarı; her biri n=30); orneklem_n=90 üçünün toplamıdır. Şubeler başarı düzeyine göre önceden ayrıldığı için örneklem rastgele değildir — yaygınlık kestirimi bu gruptan yapılamaz, K5 gereği guven tavanı 2'dir (n=90 < 100). | mufredat_donemi TEYIT GEREKLI gerekcesi (2026-08-27): veri toplama yili makalede YAZILI DEGIL. Ornekleme 8. sinif; 8. sinif 2005 programina 2008-2009'da gecti. Yayin 2010 oldugundan veri gecis oncesine de sonrasina da denk gelebilir — ayirt edilemedi.",M.8.5.1.1; M.8.5.1.5
MAKALE:UUEFD-23-1-2010,"Sezgin Memnun, Dilek; Altun, Murat; Yılmaz, Aslıhan",2010,Uludağ Üniversitesi,MAKALE,TEYİT GEREKLİ,8,90,Bursa (Osmangazi),Basit olayların olma olasılığı,,En çok top içeren torbayı daha olasılıklı sanma,"Öğrenci torbalardaki renk dağılımına bakmadan, içinde en fazla top bulunan torbadan istenen rengi çekme olasılığının daha yüksek olduğunu düşünüyor.","Başarı düzeyi düşük şubedeki 1 öğrenci B torbası cevabını vermiştir. Makale: “Bu öğrenci, en fazla top B torbasında olduğu için ‘B torbası’ cevabını verdiğini de ifade etmiştir. Yani, öğrenci en fazla top olan torbadan siyah çekme olasılığının daha yüksek olduğunu düşünmüştür.”",,5 açık uçlu sorudan oluşan olasılık başarı testi (bazı sorularda alt sorular; sorular alanyazın ve ilköğretim ders programı alt konuları dikkate alınarak hazırlanmış). Şubeler önceden 20 soruluk düzey belirleme testiyle (Cronbach alfa 0.86) çok düşük / düşük / yüksek başarı düzeyine ayrılmış,Olasılık kavramlarının örnek uzay üzerinden ve somut materyalle öğretilmesi; imkânsız ve kesin olayın olasılık değerlerinin ayrıca vurgulanması,YOK,1,1,s. 18,"Tek öğrenci gözlemi (f=1, n=90); makale bu yanılgı için oran vermiyor. || mufredat_donemi TEYİT GEREKLİ: makale 2010 tarihli, veriler MEB 2005 ilköğretim programı döneminde toplanmış; şema yalnız 2013/2018/Maarif değerlerini tanıyor. Yanılgılar müfredattan bağımsızdır, kazanım adlandırmaları farklılık gösterebilir. Örneklem 3 şubeye ayrılmış (8-A çok düşük, 8-B düşük, 8-C yüksek başarı; her biri n=30); orneklem_n=90 üçünün toplamıdır. Şubeler başarı düzeyine göre önceden ayrıldığı için örneklem rastgele değildir — yaygınlık kestirimi bu gruptan yapılamaz, K5 gereği guven tavanı 2'dir (n=90 < 100). | mufredat_donemi TEYIT GEREKLI gerekcesi (2026-08-27): veri toplama yili makalede YAZILI DEGIL. Ornekleme 8. sinif; 8. sinif 2005 programina 2008-2009'da gecti. Yayin 2010 oldugundan veri gecis oncesine de sonrasina da denk gelebilir — ayirt edilemedi.",M.8.5.1.1; M.8.5.1.5
MAKALE:UUEFD-23-1-2010,"Sezgin Memnun, Dilek; Altun, Murat; Yılmaz, Aslıhan",2010,Uludağ Üniversitesi,MAKALE,TEYİT GEREKLİ,8,90,Bursa (Osmangazi),Basit olayların olma olasılığı,,İki çıktılı veya durumunu imkânsız olay sanma,"1'den 6'ya numaralı toplar arasından çekilen topun 2 ya da 3 numaralı olma olasılığı sorulduğunda öğrenci, 2 ve 3 numaralı topların aynı anda çekilemeyeceğini düşünerek olayı imkânsız sayıyor ve olasılığı 0 veriyor ya da böyle bir olayın olamayacağını söylüyor.","Tablo 5: bu alt soruya 1 öğrenci “0'dır.”, 1 öğrenci “Olamaz.” cevabını vermiştir. Anlatı: “hem 2 hem de 3 numaralı topların aynı anda çekilemeyeceği düşüncesiyle”.",,5 açık uçlu sorudan oluşan olasılık başarı testi (bazı sorularda alt sorular; sorular alanyazın ve ilköğretim ders programı alt konuları dikkate alınarak hazırlanmış). Şubeler önceden 20 soruluk düzey belirleme testiyle (Cronbach alfa 0.86) çok düşük / düşük / yüksek başarı düzeyine ayrılmış,Olasılık kavramlarının örnek uzay üzerinden ve somut materyalle öğretilmesi; imkânsız ve kesin olayın olasılık değerlerinin ayrıca vurgulanması,YOK,1,1,s. 21-22,"Tablo 5'te iki ayrı cevap biçimi (0'dır / Olamaz) olarak listelenmiş, toplam f=2 (n=90); aynı yanılgı olduğu için K3 gereği tek satır açıldı. Makale bu grubu açıkça “yanlış algılamaları (kavram yanılgıları)” diye etiketliyor. || mufredat_donemi TEYİT GEREKLİ: makale 2010 tarihli, veriler MEB 2005 ilköğretim programı döneminde toplanmış; şema yalnız 2013/2018/Maarif değerlerini tanıyor. Yanılgılar müfredattan bağımsızdır, kazanım adlandırmaları farklılık gösterebilir. Örneklem 3 şubeye ayrılmış (8-A çok düşük, 8-B düşük, 8-C yüksek başarı; her biri n=30); orneklem_n=90 üçünün toplamıdır. Şubeler başarı düzeyine göre önceden ayrıldığı için örneklem rastgele değildir — yaygınlık kestirimi bu gruptan yapılamaz, K5 gereği guven tavanı 2'dir (n=90 < 100). | mufredat_donemi TEYIT GEREKLI gerekcesi (2026-08-27): veri toplama yili makalede YAZILI DEGIL. Ornekleme 8. sinif; 8. sinif 2005 programina 2008-2009'da gecti. Yayin 2010 oldugundan veri gecis oncesine de sonrasina da denk gelebilir — ayirt edilemedi.",M.8.5.1.1; M.8.5.1.4
MAKALE:UUEFD-23-1-2010,"Sezgin Memnun, Dilek; Altun, Murat; Yılmaz, Aslıhan",2010,Uludağ Üniversitesi,MAKALE,TEYİT GEREKLİ,8,90,Bursa (Osmangazi),Basit olayların olma olasılığı,,Örnek uzayı istenen durum sayısı sanma,"Öğrenci torbadaki toplam top sayısını değil, soruda istenen durum sayısını örnek uzay olarak alıyor; iki numara istendiği için toplam top sayısını 2 sayıp her birinin olasılığını 1/2 hesaplıyor ve bunları çarpıyor.",Tablo 5: 1 öğrenci “1/2.1/2=1/4” cevabını vermiştir. Anlatı: “olasılık hesaplarken torbada bulunan top sayısını düşünmemiş ve toplam top sayısının 2 olduğu düşüncesiyle”.,,5 açık uçlu sorudan oluşan olasılık başarı testi (bazı sorularda alt sorular; sorular alanyazın ve ilköğretim ders programı alt konuları dikkate alınarak hazırlanmış). Şubeler önceden 20 soruluk düzey belirleme testiyle (Cronbach alfa 0.86) çok düşük / düşük / yüksek başarı düzeyine ayrılmış,Olasılık kavramlarının örnek uzay üzerinden ve somut materyalle öğretilmesi; imkânsız ve kesin olayın olasılık değerlerinin ayrıca vurgulanması,YOK,1,1,s. 22,"Tek öğrenci gözlemi (f=1, n=90). || mufredat_donemi TEYİT GEREKLİ: makale 2010 tarihli, veriler MEB 2005 ilköğretim programı döneminde toplanmış; şema yalnız 2013/2018/Maarif değerlerini tanıyor. Yanılgılar müfredattan bağımsızdır, kazanım adlandırmaları farklılık gösterebilir. Örneklem 3 şubeye ayrılmış (8-A çok düşük, 8-B düşük, 8-C yüksek başarı; her biri n=30); orneklem_n=90 üçünün toplamıdır. Şubeler başarı düzeyine göre önceden ayrıldığı için örneklem rastgele değildir — yaygınlık kestirimi bu gruptan yapılamaz, K5 gereği guven tavanı 2'dir (n=90 < 100). | mufredat_donemi TEYIT GEREKLI gerekcesi (2026-08-27): veri toplama yili makalede YAZILI DEGIL. Ornekleme 8. sinif; 8. sinif 2005 programina 2008-2009'da gecti. Yayin 2010 oldugundan veri gecis oncesine de sonrasina da denk gelebilir — ayirt edilemedi.",M.8.5.1.1; M.8.5.1.5
MAKALE:UUEFD-23-1-2010,"Sezgin Memnun, Dilek; Altun, Murat; Yılmaz, Aslıhan",2010,Uludağ Üniversitesi,MAKALE,TEYİT GEREKLİ,8,90,Bursa (Osmangazi),Basit olayların olma olasılığı,,Veya durumunda tek çıktının olasılığını yazma,Öğrenci 2 ya da 3 numaralı top sorulduğunda istenen durum sayısını 2 yerine 1 alıyor; yalnızca tek bir topun çekilme olasılığını yazıyor.,Tablo 5: 1 öğrenci “1/6” cevabını vermiştir. Anlatı: “sadece 2 numaralı topun ya da sadece 3 numaralı topun çekileceği düşüncesiyle hareket etmiş”.,,5 açık uçlu sorudan oluşan olasılık başarı testi (bazı sorularda alt sorular; sorular alanyazın ve ilköğretim ders programı alt konuları dikkate alınarak hazırlanmış). Şubeler önceden 20 soruluk düzey belirleme testiyle (Cronbach alfa 0.86) çok düşük / düşük / yüksek başarı düzeyine ayrılmış,Olasılık kavramlarının örnek uzay üzerinden ve somut materyalle öğretilmesi; imkânsız ve kesin olayın olasılık değerlerinin ayrıca vurgulanması,YOK,1,1,s. 22,"Tek öğrenci gözlemi (f=1, n=90). || mufredat_donemi TEYİT GEREKLİ: makale 2010 tarihli, veriler MEB 2005 ilköğretim programı döneminde toplanmış; şema yalnız 2013/2018/Maarif değerlerini tanıyor. Yanılgılar müfredattan bağımsızdır, kazanım adlandırmaları farklılık gösterebilir. Örneklem 3 şubeye ayrılmış (8-A çok düşük, 8-B düşük, 8-C yüksek başarı; her biri n=30); orneklem_n=90 üçünün toplamıdır. Şubeler başarı düzeyine göre önceden ayrıldığı için örneklem rastgele değildir — yaygınlık kestirimi bu gruptan yapılamaz, K5 gereği guven tavanı 2'dir (n=90 < 100). | mufredat_donemi TEYIT GEREKLI gerekcesi (2026-08-27): veri toplama yili makalede YAZILI DEGIL. Ornekleme 8. sinif; 8. sinif 2005 programina 2008-2009'da gecti. Yayin 2010 oldugundan veri gecis oncesine de sonrasina da denk gelebilir — ayirt edilemedi.",M.8.5.1.1; M.8.5.1.5
MAKALE:UUEFD-23-1-2010,"Sezgin Memnun, Dilek; Altun, Murat; Yılmaz, Aslıhan",2010,Uludağ Üniversitesi,MAKALE,TEYİT GEREKLİ,8,90,Bursa (Osmangazi),Basit olayların olma olasılığı,,İmkânsız olayda formülü sorgulamadan uygulama,"Torbada bulunmayan 7 numaralı topun çekilme olasılığı sorulduğunda öğrenci, böyle bir topun torbada olup olmadığını düşünmeden doğrudan olasılık formülünü uygulayıp 1/6 yazıyor; olayın imkânsız olduğunu fark etmiyor.",Tablo 5: bu alt soruya 4 öğrenci “1/6” cevabını vermiştir. Anlatı: “7 numaralı topun torbada olup olmadığını düşünmeden doğrudan formül kullanarak soruyu cevaplandırmaya çalışmış olan öğrencilerdir”.,,5 açık uçlu sorudan oluşan olasılık başarı testi (bazı sorularda alt sorular; sorular alanyazın ve ilköğretim ders programı alt konuları dikkate alınarak hazırlanmış). Şubeler önceden 20 soruluk düzey belirleme testiyle (Cronbach alfa 0.86) çok düşük / düşük / yüksek başarı düzeyine ayrılmış,Olasılık kavramlarının örnek uzay üzerinden ve somut materyalle öğretilmesi; imkânsız ve kesin olayın olasılık değerlerinin ayrıca vurgulanması,YOK,1,1,s. 22,"f=4 (n=90); makale bu yanılgı için yüzde vermiyor. İmkânsız olayın olasılık değeri M.8.5.1.4 açıklamasında doğrudan vurgulanıyor — kapsam içi. || mufredat_donemi TEYİT GEREKLİ: makale 2010 tarihli, veriler MEB 2005 ilköğretim programı döneminde toplanmış; şema yalnız 2013/2018/Maarif değerlerini tanıyor. Yanılgılar müfredattan bağımsızdır, kazanım adlandırmaları farklılık gösterebilir. Örneklem 3 şubeye ayrılmış (8-A çok düşük, 8-B düşük, 8-C yüksek başarı; her biri n=30); orneklem_n=90 üçünün toplamıdır. Şubeler başarı düzeyine göre önceden ayrıldığı için örneklem rastgele değildir — yaygınlık kestirimi bu gruptan yapılamaz, K5 gereği guven tavanı 2'dir (n=90 < 100). | mufredat_donemi TEYIT GEREKLI gerekcesi (2026-08-27): veri toplama yili makalede YAZILI DEGIL. Ornekleme 8. sinif; 8. sinif 2005 programina 2008-2009'da gecti. Yayin 2010 oldugundan veri gecis oncesine de sonrasina da denk gelebilir — ayirt edilemedi.",M.8.5.1.4
MAKALE:UUEFD-23-1-2010,"Sezgin Memnun, Dilek; Altun, Murat; Yılmaz, Aslıhan",2010,Uludağ Üniversitesi,MAKALE,TEYİT GEREKLİ,8,90,Bursa (Osmangazi),Basit olayların olma olasılığı,,İmkânsız olayı ayrık olay sanma,Torbada olmayan bir topun çekilmesi sorulduğunda öğrenci olayın adını imkânsız olay yerine ayrık olay diye söylüyor; imkânsız olay kavramını başka bir olay çeşidiyle karıştırıyor.,Tablo 5: 1 öğrenci “Böyle bir top yoktur. Ayrık olay.” cevabını vermiştir.,,5 açık uçlu sorudan oluşan olasılık başarı testi (bazı sorularda alt sorular; sorular alanyazın ve ilköğretim ders programı alt konuları dikkate alınarak hazırlanmış). Şubeler önceden 20 soruluk düzey belirleme testiyle (Cronbach alfa 0.86) çok düşük / düşük / yüksek başarı düzeyine ayrılmış,Olasılık kavramlarının örnek uzay üzerinden ve somut materyalle öğretilmesi; imkânsız ve kesin olayın olasılık değerlerinin ayrıca vurgulanması,YOK,1,1,s. 22,"Tek öğrenci gözlemi (f=1, n=90). NOT: Yanılgının kendisi imkânsız olay kavramındadır (M.8.5.1.4, kapsam içi); öğrencinin yanlışlıkla kullandığı “ayrık olay” terimi MEB 2018 6-8 programında yoktur, ama satırın konusu ayrık olay değildir. || mufredat_donemi TEYİT GEREKLİ: makale 2010 tarihli, veriler MEB 2005 ilköğretim programı döneminde toplanmış; şema yalnız 2013/2018/Maarif değerlerini tanıyor. Yanılgılar müfredattan bağımsızdır, kazanım adlandırmaları farklılık gösterebilir. Örneklem 3 şubeye ayrılmış (8-A çok düşük, 8-B düşük, 8-C yüksek başarı; her biri n=30); orneklem_n=90 üçünün toplamıdır. Şubeler başarı düzeyine göre önceden ayrıldığı için örneklem rastgele değildir — yaygınlık kestirimi bu gruptan yapılamaz, K5 gereği guven tavanı 2'dir (n=90 < 100). | mufredat_donemi TEYIT GEREKLI gerekcesi (2026-08-27): veri toplama yili makalede YAZILI DEGIL. Ornekleme 8. sinif; 8. sinif 2005 programina 2008-2009'da gecti. Yayin 2010 oldugundan veri gecis oncesine de sonrasina da denk gelebilir — ayirt edilemedi.",M.8.5.1.4
MAKALE:UUEFD-23-1-2010,"Sezgin Memnun, Dilek; Altun, Murat; Yılmaz, Aslıhan",2010,Uludağ Üniversitesi,MAKALE,TEYİT GEREKLİ,8,90,Bursa (Osmangazi),Basit olayların olma olasılığı,,Soruda geçen sayıyı örnek uzay sanma,"8'den küçük numaralı top çekme olasılığı sorulduğunda öğrenci torbadaki top sayısını değil, soru metninde geçen 8 sayısını paydaya yazıyor; örnek uzayın torbadaki toplam top sayısı olduğunu göz ardı ediyor.","Tablo 5: 8 öğrenci “6/8”, 1 öğrenci “7/8” cevabını vermiştir. Anlatı: “torbadaki top sayısı yerine soruda bahsedilen 8 sayısını düşünmüş ve olasılık hesabı yaparken paydada bu sayıyı kullanmış”.",,5 açık uçlu sorudan oluşan olasılık başarı testi (bazı sorularda alt sorular; sorular alanyazın ve ilköğretim ders programı alt konuları dikkate alınarak hazırlanmış). Şubeler önceden 20 soruluk düzey belirleme testiyle (Cronbach alfa 0.86) çok düşük / düşük / yüksek başarı düzeyine ayrılmış,Olasılık kavramlarının örnek uzay üzerinden ve somut materyalle öğretilmesi; imkânsız ve kesin olayın olasılık değerlerinin ayrıca vurgulanması,YOK,1,1,s. 21-22,"K1: Tablo 5 cevap biçimi başına frekans veriyor (6/8 için f=8, 7/8 için f=1); ikisini toplayıp 9 demek BİZİM çıkarımımız olurdu, o yüzden gorulme_orani boş bırakıldı. Bu, belgedeki en yaygın tek yanılgıdır (n=90). || mufredat_donemi TEYİT GEREKLİ: makale 2010 tarihli, veriler MEB 2005 ilköğretim programı döneminde toplanmış; şema yalnız 2013/2018/Maarif değerlerini tanıyor. Yanılgılar müfredattan bağımsızdır, kazanım adlandırmaları farklılık gösterebilir. Örneklem 3 şubeye ayrılmış (8-A çok düşük, 8-B düşük, 8-C yüksek başarı; her biri n=30); orneklem_n=90 üçünün toplamıdır. Şubeler başarı düzeyine göre önceden ayrıldığı için örneklem rastgele değildir — yaygınlık kestirimi bu gruptan yapılamaz, K5 gereği guven tavanı 2'dir (n=90 < 100). | mufredat_donemi TEYIT GEREKLI gerekcesi (2026-08-27): veri toplama yili makalede YAZILI DEGIL. Ornekleme 8. sinif; 8. sinif 2005 programina 2008-2009'da gecti. Yayin 2010 oldugundan veri gecis oncesine de sonrasina da denk gelebilir — ayirt edilemedi.",M.8.5.1.1; M.8.5.1.5
MAKALE:UUEFD-23-1-2010,"Sezgin Memnun, Dilek; Altun, Murat; Yılmaz, Aslıhan",2010,Uludağ Üniversitesi,MAKALE,TEYİT GEREKLİ,8,90,Bursa (Osmangazi),Basit olayların olma olasılığı,,Olasılık değerinin birden büyük olabileceğini sanma,Öğrenci hesap sonucu olasılık değerinin 1'den büyük çıkmasını yadırgamıyor; olasılık değerinin 0 ile 1 arasında olması gerektiğini göz önüne almadan soruda geçen rakamlarla işleme devam ediyor.,"Tablo 5: 1 öğrenci “7/6”, 1 öğrenci “8/6” cevabını vermiştir. Anlatı: “başarı düzeyi çok düşük ve düşük olan şubelerden birer öğrencinin olasılık değerinin 1'den büyük olamayacağı durumunu göz önüne almadıkları, doğrudan rakamları ve formülü düşünerek işleme devam ettiği görülmüştür”.",,5 açık uçlu sorudan oluşan olasılık başarı testi (bazı sorularda alt sorular; sorular alanyazın ve ilköğretim ders programı alt konuları dikkate alınarak hazırlanmış). Şubeler önceden 20 soruluk düzey belirleme testiyle (Cronbach alfa 0.86) çok düşük / düşük / yüksek başarı düzeyine ayrılmış,Olasılık kavramlarının örnek uzay üzerinden ve somut materyalle öğretilmesi; imkânsız ve kesin olayın olasılık değerlerinin ayrıca vurgulanması,YOK,1,1,s. 22,"f=2 (n=90). Aynı yanılgı Çakmak & Durmuş (2015, MAKALE:AIBUEFD-15-2-2015) çalışmasında da görülmüştür (“Olasılığın birden büyük çıkmasını olağan sayma”) — K4 gereği satırlar birleştirilmedi; iki bağımsız çalışmada görülmesi güç göstergesidir. || mufredat_donemi TEYİT GEREKLİ: makale 2010 tarihli, veriler MEB 2005 ilköğretim programı döneminde toplanmış; şema yalnız 2013/2018/Maarif değerlerini tanıyor. Yanılgılar müfredattan bağımsızdır, kazanım adlandırmaları farklılık gösterebilir. Örneklem 3 şubeye ayrılmış (8-A çok düşük, 8-B düşük, 8-C yüksek başarı; her biri n=30); orneklem_n=90 üçünün toplamıdır. Şubeler başarı düzeyine göre önceden ayrıldığı için örneklem rastgele değildir — yaygınlık kestirimi bu gruptan yapılamaz, K5 gereği guven tavanı 2'dir (n=90 < 100). | mufredat_donemi TEYIT GEREKLI gerekcesi (2026-08-27): veri toplama yili makalede YAZILI DEGIL. Ornekleme 8. sinif; 8. sinif 2005 programina 2008-2009'da gecti. Yayin 2010 oldugundan veri gecis oncesine de sonrasina da denk gelebilir — ayirt edilemedi.",M.8.5.1.4
504156,"Çakar, Sibel",2018,Eskişehir Osmangazi Üniversitesi,YL,2013,8,9,Ankara (Çankaya),Eşlik ve benzerlik,,Eşliği büyüklüklerin aynılığı sanma,"Öğrenci eş şekil kavramına, şekillerin boyut, alan, çevre gibi büyüklüklerinin aynı olması anlamını yüklüyor; eşliğin karşılıklı kenar uzunlukları ve açı ölçülerinin eşitliği demek olduğunu kurmuyor. Benzer şekil kavramına dair net bir algısı yok, yalnızca büyüklükler arasında bir oran bulunduğunu sezinliyor.","Tez (harita etkinliği): “genel olarak öğrencilerde eş şekil kavramına büyüklüklerin (boyut, alan, çevre vb) aynı olması anlamını yükledikleri gözlemlenmiştir. Benzer şekil kavramına dair net bir algıları olmamakla birlikte benzer şekillerin büyüklükleri arasında bir oranın varlığı yönünde bir sezgilerinin varlığı belirlenmiştir.”",,"Eylem araştırması: iki eylem planı (harita etkinliği, matruşka, GeoGebra ve eş/benzer üçgen oluşturma etkinlikleri), video kaydı, sınıf içi gözlem, etkinlik sonrası öğrenci anlatımları ve gönüllü öğrencilerle klinik görüşme; veriler içerik ve tematik analizle çözümlenmiş",,YOK,1,1,s. 35,"Hazırbulunuşluk (4.1) bulgusu — müdahale öncesi tespit. lemma_basamagi 1 (Göster): eşlik kavramının somut karşılığı (karşılıklı kenar ve açıların eşleşmesi) hiç kurulmamış. || K2 UYARISI — SINIR DURUM: Tez bu bulguyu “kavram yanılgısı” diye ADLANDIRMIYOR; bulgular bölümünde “sezgi / algı / düşünce” terimlerini kullanıyor ve “kavram yanılgısı” ifadesi tezde yalnız giriş, alanyazın, öneriler ve kaynakçada geçiyor (bulgular bölümünde hiç geçmiyor). Satır yine de açıldı: bulgu çalışmanın KENDİ verisinden geliyor (9 öğrenci, klinik görüşme, video kaydı) ve K2'nin yanılgı tanımına uyuyor — tutarlı, sistematik, öğrencinin doğru sandığı yanlış anlayış. Tezin kendi özeti bu anlayışların “giderildiğini” söylüyor. Terminoloji farkı nedeniyle guven=1 tavanındadır. || ÖRNEKLEM UYARISI: n=9 ve örneklem RASTGELE DEĞİL — öğrenciler harita etkinliğindeki performansları ve önceki yıl matematik başarıları dikkate alınarak sınıf içinden seçilmiştir. Yaygınlık kestirimi bu gruptan yapılamaz; K5 gereği guven zaten 1'in üstüne çıkamaz. Eylem araştırması olduğu için tez bir müdahale uyguluyor, ancak satırlar müdahale ÖNCESİ/SIRASINDA tespit edilen yanlış anlayışlardır.",M.8.3.3.1
504156,"Çakar, Sibel",2018,Eskişehir Osmangazi Üniversitesi,YL,2013,8,9,Ankara (Çankaya),Eşlik ve benzerlik,,Eşlik ve benzerliği nesneler arası uzaklığa bağlama,"Öğrenci iki nesnenin eş mi benzer mi olduğunu nesnelerin birbirine olan uzaklığına göre belirliyor; uzaktayken benzer, yan yanayken eş olduklarını söylüyor. Eşlik ve benzerliğin şeklin kendi ölçülerine bağlı olduğunu, bakış mesafesinden bağımsız olduğunu görmüyor.","Ö2 kodlu öğrenci, boyları eşit ikiz kardeşler sorulduğunda: “Birbirlerine benziyorlar uzak olduklarında. Ama yan yana geldiklerinde aynılar…” Tez bu bulguyu şöyle değerlendiriyor: “Bu aşamada öğrencilerin cisimlerin aralarındaki uzaklığa göre eşlik veya benzerlik gösterdikleri sezgisine ulaştıkları söylenebilir.”",,"Eylem araştırması: iki eylem planı (harita etkinliği, matruşka, GeoGebra ve eş/benzer üçgen oluşturma etkinlikleri), video kaydı, sınıf içi gözlem, etkinlik sonrası öğrenci anlatımları ve gönüllü öğrencilerle klinik görüşme; veriler içerik ve tematik analizle çözümlenmiş",,YOK,1,1,s. 36,"Eylem planı 1, dikkat çekme aşaması (4.2.1.1). lemma_basamagi 1 (Göster): kavramın somut karşılığı görsel/algısal bir izlenime bağlanmış. || K2 UYARISI — SINIR DURUM: Tez bu bulguyu “kavram yanılgısı” diye ADLANDIRMIYOR; bulgular bölümünde “sezgi / algı / düşünce” terimlerini kullanıyor ve “kavram yanılgısı” ifadesi tezde yalnız giriş, alanyazın, öneriler ve kaynakçada geçiyor (bulgular bölümünde hiç geçmiyor). Satır yine de açıldı: bulgu çalışmanın KENDİ verisinden geliyor (9 öğrenci, klinik görüşme, video kaydı) ve K2'nin yanılgı tanımına uyuyor — tutarlı, sistematik, öğrencinin doğru sandığı yanlış anlayış. Tezin kendi özeti bu anlayışların “giderildiğini” söylüyor. Terminoloji farkı nedeniyle guven=1 tavanındadır. || ÖRNEKLEM UYARISI: n=9 ve örneklem RASTGELE DEĞİL — öğrenciler harita etkinliğindeki performansları ve önceki yıl matematik başarıları dikkate alınarak sınıf içinden seçilmiştir. Yaygınlık kestirimi bu gruptan yapılamaz; K5 gereği guven zaten 1'in üstüne çıkamaz. Eylem araştırması olduğu için tez bir müdahale uyguluyor, ancak satırlar müdahale ÖNCESİ/SIRASINDA tespit edilen yanlış anlayışlardır.",M.8.3.3.1
504156,"Çakar, Sibel",2018,Eskişehir Osmangazi Üniversitesi,YL,2013,8,9,Ankara (Çankaya),Eşlik ve benzerlik,,Benzer üçgende açıların da orantılı olduğunu sanma,"Benzer üçgenlerde karşılıklı kenar uzunluklarının orantılı olduğunu öğrenen öğrenci, bu orantıyı açılara da taşıyor ve karşılıklı açıların da birbirleriyle orantılı olacağını düşünüyor; benzer üçgenlerde karşılıklı açıların orantılı değil EŞİT olduğunu ayırt etmiyor.","Tez, birinci eylem planının sonundaki gözlemi şöyle aktarıyor: “Eylem planı 1 in sonunda öğrencilerin üçgende benzerlik kavramına dair ‘karşılık gelen açı ölçülerinin eşit ve eş açılara ait kenarların orantılı olacağı şeklinde’ bir deneyim kazandıkları gözlemlenmiştir. Öğrencilerde, açıların da birbirleriyle orantılı olacağı düşüncesinin olacağı düşüncesi fark edilmiş…”",,"Eylem araştırması: iki eylem planı (harita etkinliği, matruşka, GeoGebra ve eş/benzer üçgen oluşturma etkinlikleri), video kaydı, sınıf içi gözlem, etkinlik sonrası öğrenci anlatımları ve gönüllü öğrencilerle klinik görüşme; veriler içerik ve tematik analizle çözümlenmiş",,YOK,2,1,s. 49,"Eylem planı 2'nin gerekçesi (4.2.2). lemma_basamagi 2 (İşle): yanılgı doğrudan öğretimin kendisinden doğuyor — kenarlardaki orantı öğretildikten sonra öğrenci orantıyı açılara genelliyor. Tezin özeti bu düşüncenin ikinci eylem planıyla “giderildiğini” söylüyor, yani yazar da bunu düzeltilmesi gereken bir yanlış anlayış sayıyor. || K2 UYARISI — SINIR DURUM: Tez bu bulguyu “kavram yanılgısı” diye ADLANDIRMIYOR; bulgular bölümünde “sezgi / algı / düşünce” terimlerini kullanıyor ve “kavram yanılgısı” ifadesi tezde yalnız giriş, alanyazın, öneriler ve kaynakçada geçiyor (bulgular bölümünde hiç geçmiyor). Satır yine de açıldı: bulgu çalışmanın KENDİ verisinden geliyor (9 öğrenci, klinik görüşme, video kaydı) ve K2'nin yanılgı tanımına uyuyor — tutarlı, sistematik, öğrencinin doğru sandığı yanlış anlayış. Tezin kendi özeti bu anlayışların “giderildiğini” söylüyor. Terminoloji farkı nedeniyle guven=1 tavanındadır. || ÖRNEKLEM UYARISI: n=9 ve örneklem RASTGELE DEĞİL — öğrenciler harita etkinliğindeki performansları ve önceki yıl matematik başarıları dikkate alınarak sınıf içinden seçilmiştir. Yaygınlık kestirimi bu gruptan yapılamaz; K5 gereği guven zaten 1'in üstüne çıkamaz. Eylem araştırması olduğu için tez bir müdahale uyguluyor, ancak satırlar müdahale ÖNCESİ/SIRASINDA tespit edilen yanlış anlayışlardır.",M.8.3.3.1; M.8.3.3.2
MAKALE:AKUFEMUBID-8-1-2008,"Yılmaz, Zehra; Yenilmez, Kürşat",2008,Eskişehir Osmangazi Üniversitesi,MAKALE,2005,karma,1024,Uşak,DİĞER: ondalık sayılar,,Taralı olmayan kısmı payda sanma,"Öğrenciler taralı olan kısmı pay, taralı olmayan kısmı payda sayarak kesri yanlış yazmışlardır.",1. şekil için 1/1; 2. şekil için 5/3 ve 3/5 cevapları,,"Bell ve Baki'nin 'Ondalık Kesirlerle İlgili Teşhis Testi'nden derlenen 16 soruluk yazili teshis testi; uzman gorusu alinmis, 100 kisilik grupta on uygulama yapilmis, guvenilirlik katsayisi 0,90; 30 dakika sureyle uygulanmis (s. 274-275)",Ilkogretimin ilk basamaklarinda konunun tam kavratilmasi ve cesitli etkinliklerle tam ogrenme saglanmasi; yeni kavram ogretilmeden once on bilgilerin kontrol edilip yanilgilarin giderilmesi (s. 287-288),YOK,1,1,s. 276,"tez_id: makalenin DOI'si yok; dergi kisaltmasi + cilt-sayi-yil kalibi kullanildi (DergiPark akufemubid, 8(1), 2008, s. 269-289). yil ve sayfa araligi DergiPark kayit sayfasindan dogrulandi; PDF metninde yayin yili basili degil. mufredat_donemi=2005: uygulama 2006-2007 ogretim yilinda yapilmis, yani 2013 ve 2018 programlarindan once - protokoldeki 2013/2018/Maarif secenekleri disinda. || KONU ESLESMESI: bu dosyadaki 'DIGER: ondalik sayilar' ile 02-ondalik-kesirler-duzgef.csv'deki 'DIGER: ondalik kesirler' AYNI KONUDUR; iki farkli etiket PARTI3-BRIEF Bolum 2'deki tabloda oyle yazdigi icin korundu. Yayin asamasinda (Katman 2, konu sayfalari) bu iki etiket TEK konu sayfasinda birlestirilmelidir, yoksa ondalik sayilar envanterde ikiye bolunmus gorunur. || Makale bu cevaplari 'tarali olan ve tarali olmayan kisimlari oranlamislardir' diye acikliyor (Soru 1, Tablo 3.1). || Makaledeki tablolarin tamami soru bazli dogru/yanlis frekansi veriyor; bir sorunun yanlis yuzdesi birden cok yanilgiya dagildigi icin K1 geregi gorulme_orani bos, K5 geregi guven=1. || lgs_kazanim_tahmini BOS: yanilgi kesir gosterimi (pay-payda) duzeyinde; MEB 2018 6-8 programinda ve kazanim-listesi.txt'de buna dogrudan karsilik gelen ondalik kazanimi yok.",
MAKALE:AKUFEMUBID-8-1-2008,"Yılmaz, Zehra; Yenilmez, Kürşat",2008,Eskişehir Osmangazi Üniversitesi,MAKALE,2005,karma,1024,Uşak,DİĞER: ondalık sayılar,,Pay ve payda kavramını karıştırma,Öğrenciler pay ve payda kavramını karıştırmışlardır; kesri yazarken payı ve paydayı yer değiştirmişlerdir.,1. şekil için 1/2; 2. şekil için 3/8 cevapları,,"Bell ve Baki'nin 'Ondalık Kesirlerle İlgili Teşhis Testi'nden derlenen 16 soruluk yazili teshis testi; uzman gorusu alinmis, 100 kisilik grupta on uygulama yapilmis, guvenilirlik katsayisi 0,90; 30 dakika sureyle uygulanmis (s. 274-275)",Ilkogretimin ilk basamaklarinda konunun tam kavratilmasi ve cesitli etkinliklerle tam ogrenme saglanmasi; yeni kavram ogretilmeden once on bilgilerin kontrol edilip yanilgilarin giderilmesi (s. 287-288),YOK,1,1,s. 276,"Soru 1. Ayni karistirma Soru 2'de de tekrarliyor (s. 277). || Makaledeki tablolarin tamami soru bazli dogru/yanlis frekansi veriyor; bir sorunun yanlis yuzdesi birden cok yanilgiya dagildigi icin K1 geregi gorulme_orani bos, K5 geregi guven=1. || lgs_kazanim_tahmini BOS: yanilgi kesir gosterimi (pay-payda) duzeyinde; MEB 2018 6-8 programinda ve kazanim-listesi.txt'de buna dogrudan karsilik gelen ondalik kazanimi yok.",
MAKALE:AKUFEMUBID-8-1-2008,"Yılmaz, Zehra; Yenilmez, Kürşat",2008,Eskişehir Osmangazi Üniversitesi,MAKALE,2005,karma,1024,Uşak,DİĞER: ondalık sayılar,,"Kesrin payını tam kısım, paydasını ondalık kısım yazma","Öğrenciler kesrin payını ondalık sayının tam kısmı, paydasını da kesir kısmı olarak düşünmüşlerdir.","1/2 kesri için 1,2 cevabı",,"Bell ve Baki'nin 'Ondalık Kesirlerle İlgili Teşhis Testi'nden derlenen 16 soruluk yazili teshis testi; uzman gorusu alinmis, 100 kisilik grupta on uygulama yapilmis, guvenilirlik katsayisi 0,90; 30 dakika sureyle uygulanmis (s. 274-275)",Ilkogretimin ilk basamaklarinda konunun tam kavratilmasi ve cesitli etkinliklerle tam ogrenme saglanmasi; yeni kavram ogretilmeden once on bilgilerin kontrol edilip yanilgilarin giderilmesi (s. 287-288),YOK,1,1,s. 276,"Soru 1.1.b. Makale bunu dogrudan kavram yanilgisi olarak sunuyor. || Makaledeki tablolarin tamami soru bazli dogru/yanlis frekansi veriyor; bir sorunun yanlis yuzdesi birden cok yanilgiya dagildigi icin K1 geregi gorulme_orani bos, K5 geregi guven=1. || lgs_kazanim_tahmini 5-6. sinif kazanimidir: ondalik gosterim LGS'nin sinandigi 8. sinif kazanimlari arasinda yer almaz, bu satir on kosul kazanimina baglanmistir.",M.5.1.5.4
MAKALE:AKUFEMUBID-8-1-2008,"Yılmaz, Zehra; Yenilmez, Kürşat",2008,Eskişehir Osmangazi Üniversitesi,MAKALE,2005,karma,1024,Uşak,DİĞER: ondalık sayılar,,Kesri ondalığa çevirirken paydayı hiçe sayma,"Öğrenciler kesrindeki payı ya da paydayı alıp virgül kullanarak sayıyı yazmışlar, paydayı hiçe saymışlardır.","1/2 kesri için 0,1 ve 0,2 cevapları",,"Bell ve Baki'nin 'Ondalık Kesirlerle İlgili Teşhis Testi'nden derlenen 16 soruluk yazili teshis testi; uzman gorusu alinmis, 100 kisilik grupta on uygulama yapilmis, guvenilirlik katsayisi 0,90; 30 dakika sureyle uygulanmis (s. 274-275)",Ilkogretimin ilk basamaklarinda konunun tam kavratilmasi ve cesitli etkinliklerle tam ogrenme saglanmasi; yeni kavram ogretilmeden once on bilgilerin kontrol edilip yanilgilarin giderilmesi (s. 287-288),YOK,1,1,s. 276,"Soru 1.1.b. || Makaledeki tablolarin tamami soru bazli dogru/yanlis frekansi veriyor; bir sorunun yanlis yuzdesi birden cok yanilgiya dagildigi icin K1 geregi gorulme_orani bos, K5 geregi guven=1. || lgs_kazanim_tahmini 5-6. sinif kazanimidir: ondalik gosterim LGS'nin sinandigi 8. sinif kazanimlari arasinda yer almaz, bu satir on kosul kazanimina baglanmistir.",M.5.1.5.4
MAKALE:AKUFEMUBID-8-1-2008,"Yılmaz, Zehra; Yenilmez, Kürşat",2008,Eskişehir Osmangazi Üniversitesi,MAKALE,2005,karma,1024,Uşak,DİĞER: ondalık sayılar,,Paydayı genişletemediği için ondalığa çevirememe,Öğrencilerin çoğu 3/8 kesrindeki paydayı genişletemedikleri için taralı kısmı ondalık sayı olarak yazarken hata yapmışlardır.,2. şekil (3/8) için ondalık sayı sütununun yanlış doldurulması,,"Bell ve Baki'nin 'Ondalık Kesirlerle İlgili Teşhis Testi'nden derlenen 16 soruluk yazili teshis testi; uzman gorusu alinmis, 100 kisilik grupta on uygulama yapilmis, guvenilirlik katsayisi 0,90; 30 dakika sureyle uygulanmis (s. 274-275)",Ilkogretimin ilk basamaklarinda konunun tam kavratilmasi ve cesitli etkinliklerle tam ogrenme saglanmasi; yeni kavram ogretilmeden once on bilgilerin kontrol edilip yanilgilarin giderilmesi (s. 287-288),YOK,3,1,s. 276,"Soru 1.2.b. K2 sinir durumu: makale bunu kavram yanilgisi ile islem hatasi arasinda net ayirmiyor; guven zaten 1. Alt kazanim (paydayi 10/100/1000 olacak sekilde genisletme) oturmadigi icin lemma_basamagi=3. || Makaledeki tablolarin tamami soru bazli dogru/yanlis frekansi veriyor; bir sorunun yanlis yuzdesi birden cok yanilgiya dagildigi icin K1 geregi gorulme_orani bos, K5 geregi guven=1. || lgs_kazanim_tahmini 5-6. sinif kazanimidir: ondalik gosterim LGS'nin sinandigi 8. sinif kazanimlari arasinda yer almaz, bu satir on kosul kazanimina baglanmistir.",M.5.1.5.4
MAKALE:AKUFEMUBID-8-1-2008,"Yılmaz, Zehra; Yenilmez, Kürşat",2008,Eskişehir Osmangazi Üniversitesi,MAKALE,2005,karma,1024,Uşak,DİĞER: ondalık sayılar,,Yüzdelik ifadedeki sayıyı ondalık sayı sanma,"25 cevabını veren öğrenciler %25'teki 25'i, 7 cevabını veren öğrenciler ise %7'deki 7'yi ondalık sayı olarak düşünmüşlerdir.",%25 için 25; %7 için 7 cevapları,,"Bell ve Baki'nin 'Ondalık Kesirlerle İlgili Teşhis Testi'nden derlenen 16 soruluk yazili teshis testi; uzman gorusu alinmis, 100 kisilik grupta on uygulama yapilmis, guvenilirlik katsayisi 0,90; 30 dakika sureyle uygulanmis (s. 274-275)",Ilkogretimin ilk basamaklarinda konunun tam kavratilmasi ve cesitli etkinliklerle tam ogrenme saglanmasi; yeni kavram ogretilmeden once on bilgilerin kontrol edilip yanilgilarin giderilmesi (s. 287-288),YOK,1,1,s. 277,"Soru 2.1.a ve 2.2.a. || Makaledeki tablolarin tamami soru bazli dogru/yanlis frekansi veriyor; bir sorunun yanlis yuzdesi birden cok yanilgiya dagildigi icin K1 geregi gorulme_orani bos, K5 geregi guven=1. || lgs_kazanim_tahmini 5-6. sinif kazanimidir: ondalik gosterim LGS'nin sinandigi 8. sinif kazanimlari arasinda yer almaz, bu satir on kosul kazanimina baglanmistir.",M.5.1.6.2
MAKALE:AKUFEMUBID-8-1-2008,"Yılmaz, Zehra; Yenilmez, Kürşat",2008,Eskişehir Osmangazi Üniversitesi,MAKALE,2005,karma,1024,Uşak,DİĞER: ondalık sayılar,,Ondalık istenirken kesir olarak yazma,"Öğrenciler pay ve payda kavramını karıştırmış, cevap ondalık sayı istendiği halde kesir olarak yazmaya çalışmıştır.",%25 için 25/100; %7 için 7/100 cevapları,,"Bell ve Baki'nin 'Ondalık Kesirlerle İlgili Teşhis Testi'nden derlenen 16 soruluk yazili teshis testi; uzman gorusu alinmis, 100 kisilik grupta on uygulama yapilmis, guvenilirlik katsayisi 0,90; 30 dakika sureyle uygulanmis (s. 274-275)",Ilkogretimin ilk basamaklarinda konunun tam kavratilmasi ve cesitli etkinliklerle tam ogrenme saglanmasi; yeni kavram ogretilmeden once on bilgilerin kontrol edilip yanilgilarin giderilmesi (s. 287-288),YOK,1,1,s. 277,"Soru 2. Gosterim bicimleri arasindaki farki ayirt edememe. || Makaledeki tablolarin tamami soru bazli dogru/yanlis frekansi veriyor; bir sorunun yanlis yuzdesi birden cok yanilgiya dagildigi icin K1 geregi gorulme_orani bos, K5 geregi guven=1. || lgs_kazanim_tahmini 5-6. sinif kazanimidir: ondalik gosterim LGS'nin sinandigi 8. sinif kazanimlari arasinda yer almaz, bu satir on kosul kazanimina baglanmistir.",M.5.1.6.2
MAKALE:AKUFEMUBID-8-1-2008,"Yılmaz, Zehra; Yenilmez, Kürşat",2008,Eskişehir Osmangazi Üniversitesi,MAKALE,2005,karma,1024,Uşak,DİĞER: ondalık sayılar,,Ondalık kesirlerde basamak değerini anlamama,"0,7 cevabını veren öğrencilerin ondalık kesirlerde basamak değerini anlamadığı anlaşılıyor; yüzdelik ifadeyi yanlış basamağa yazıyorlar.","%7 için 0,7 cevabı",,"Bell ve Baki'nin 'Ondalık Kesirlerle İlgili Teşhis Testi'nden derlenen 16 soruluk yazili teshis testi; uzman gorusu alinmis, 100 kisilik grupta on uygulama yapilmis, guvenilirlik katsayisi 0,90; 30 dakika sureyle uygulanmis (s. 274-275)",Ilkogretimin ilk basamaklarinda konunun tam kavratilmasi ve cesitli etkinliklerle tam ogrenme saglanmasi; yeni kavram ogretilmeden once on bilgilerin kontrol edilip yanilgilarin giderilmesi (s. 287-288),YOK,1,1,s. 277,"Soru 2.2.a. Makale: '0,7 cevabini veren ogrencilerin ondalik kesirlerde basamak degerini anlamadigi anlasiliyor.' || Makaledeki tablolarin tamami soru bazli dogru/yanlis frekansi veriyor; bir sorunun yanlis yuzdesi birden cok yanilgiya dagildigi icin K1 geregi gorulme_orani bos, K5 geregi guven=1. || lgs_kazanim_tahmini 5-6. sinif kazanimidir: ondalik gosterim LGS'nin sinandigi 8. sinif kazanimlari arasinda yer almaz, bu satir on kosul kazanimina baglanmistir.",M.5.1.6.2; M.5.1.5.3
MAKALE:AKUFEMUBID-8-1-2008,"Yılmaz, Zehra; Yenilmez, Kürşat",2008,Eskişehir Osmangazi Üniversitesi,MAKALE,2005,karma,1024,Uşak,DİĞER: ondalık sayılar,,Yüzdeyi zihinden kesre çevirip paydayı kullanma,Öğrenciler zihinden yüzde 25'in 1/4 olduğunu düşünmüşler ve paydadaki 4'ü kullanarak kesri ondalık sayı şeklinde yazmaya çalışmışlardır.,"%25 için 0,4 cevabı",,"Bell ve Baki'nin 'Ondalık Kesirlerle İlgili Teşhis Testi'nden derlenen 16 soruluk yazili teshis testi; uzman gorusu alinmis, 100 kisilik grupta on uygulama yapilmis, guvenilirlik katsayisi 0,90; 30 dakika sureyle uygulanmis (s. 274-275)",Ilkogretimin ilk basamaklarinda konunun tam kavratilmasi ve cesitli etkinliklerle tam ogrenme saglanmasi; yeni kavram ogretilmeden once on bilgilerin kontrol edilip yanilgilarin giderilmesi (s. 287-288),YOK,1,1,s. 277,"Soru 2.1.a. || Makaledeki tablolarin tamami soru bazli dogru/yanlis frekansi veriyor; bir sorunun yanlis yuzdesi birden cok yanilgiya dagildigi icin K1 geregi gorulme_orani bos, K5 geregi guven=1. || lgs_kazanim_tahmini 5-6. sinif kazanimidir: ondalik gosterim LGS'nin sinandigi 8. sinif kazanimlari arasinda yer almaz, bu satir on kosul kazanimina baglanmistir.",M.5.1.6.2
MAKALE:AKUFEMUBID-8-1-2008,"Yılmaz, Zehra; Yenilmez, Kürşat",2008,Eskişehir Osmangazi Üniversitesi,MAKALE,2005,karma,1024,Uşak,DİĞER: ondalık sayılar,,Virgülü ayıraç görüp eldeyi tam kısma taşımama,"Öğrenciler ondalık sayının virgülünü ayıraç olarak görmekte, ondalık kısmından gelen eldeyi kesir kısmında kullanmamaktadır.","3,9 + 3/10 için 3,12 cevabı",,"Bell ve Baki'nin 'Ondalık Kesirlerle İlgili Teşhis Testi'nden derlenen 16 soruluk yazili teshis testi; uzman gorusu alinmis, 100 kisilik grupta on uygulama yapilmis, guvenilirlik katsayisi 0,90; 30 dakika sureyle uygulanmis (s. 274-275)",Ilkogretimin ilk basamaklarinda konunun tam kavratilmasi ve cesitli etkinliklerle tam ogrenme saglanmasi; yeni kavram ogretilmeden once on bilgilerin kontrol edilip yanilgilarin giderilmesi (s. 287-288),YOK,1,1,s. 278,"Soru 7.b. Ayni yanilgi Soru 10'da da cikiyor (s. 284) - K4 geregi ayri satir acildi. || Makaledeki tablolarin tamami soru bazli dogru/yanlis frekansi veriyor; bir sorunun yanlis yuzdesi birden cok yanilgiya dagildigi icin K1 geregi gorulme_orani bos, K5 geregi guven=1. || lgs_kazanim_tahmini 5-6. sinif kazanimidir: ondalik gosterim LGS'nin sinandigi 8. sinif kazanimlari arasinda yer almaz, bu satir on kosul kazanimina baglanmistir.",M.5.1.5.6
MAKALE:AKUFEMUBID-8-1-2008,"Yılmaz, Zehra; Yenilmez, Kürşat",2008,Eskişehir Osmangazi Üniversitesi,MAKALE,2005,karma,1024,Uşak,DİĞER: ondalık sayılar,,Toplamada eldeyi unutma veya hiçe sayma,"3,2 cevabını veren öğrenciler ya eldeyi unutmakta ya da hiçe saymaktadır.","3,9 + 3/10 için 3,2 cevabı",,"Bell ve Baki'nin 'Ondalık Kesirlerle İlgili Teşhis Testi'nden derlenen 16 soruluk yazili teshis testi; uzman gorusu alinmis, 100 kisilik grupta on uygulama yapilmis, guvenilirlik katsayisi 0,90; 30 dakika sureyle uygulanmis (s. 274-275)",Ilkogretimin ilk basamaklarinda konunun tam kavratilmasi ve cesitli etkinliklerle tam ogrenme saglanmasi; yeni kavram ogretilmeden once on bilgilerin kontrol edilip yanilgilarin giderilmesi (s. 287-288),YOK,4,1,s. 278,"Soru 7.b. K2 sinir durumu: makale bunu kavram yanilgisi ile islem hatasi arasinda net ayirmiyor; guven zaten 1. Makale 'unutmakta' dedigi icin lemma_basamagi=4. || Makaledeki tablolarin tamami soru bazli dogru/yanlis frekansi veriyor; bir sorunun yanlis yuzdesi birden cok yanilgiya dagildigi icin K1 geregi gorulme_orani bos, K5 geregi guven=1. || lgs_kazanim_tahmini 5-6. sinif kazanimidir: ondalik gosterim LGS'nin sinandigi 8. sinif kazanimlari arasinda yer almaz, bu satir on kosul kazanimina baglanmistir.",M.5.1.5.6
MAKALE:AKUFEMUBID-8-1-2008,"Yılmaz, Zehra; Yenilmez, Kürşat",2008,Eskişehir Osmangazi Üniversitesi,MAKALE,2005,karma,1024,Uşak,DİĞER: ondalık sayılar,,Kesri ondalığa çevirmeden ondalık sayıya ekleme,"Yanlış cevap veren öğrencilerin kesirleri ondalık sayıya çevirirken yanlış yaptıkları, dolayısıyla da sonucu yanlış buldukları tahmin edilmektedir.","3,245 + 1/10 için 4,245; 3,255; 3,246; 3,2450 cevapları",,"Bell ve Baki'nin 'Ondalık Kesirlerle İlgili Teşhis Testi'nden derlenen 16 soruluk yazili teshis testi; uzman gorusu alinmis, 100 kisilik grupta on uygulama yapilmis, guvenilirlik katsayisi 0,90; 30 dakika sureyle uygulanmis (s. 274-275)",Ilkogretimin ilk basamaklarinda konunun tam kavratilmasi ve cesitli etkinliklerle tam ogrenme saglanmasi; yeni kavram ogretilmeden once on bilgilerin kontrol edilip yanilgilarin giderilmesi (s. 287-288),YOK,3,1,s. 278,"Soru 7.a. Makale bu satir icin 'tahmin edilmektedir' diyor - neden dogrulanmis bir bulgu degil, guven=1. || Makaledeki tablolarin tamami soru bazli dogru/yanlis frekansi veriyor; bir sorunun yanlis yuzdesi birden cok yanilgiya dagildigi icin K1 geregi gorulme_orani bos, K5 geregi guven=1. || lgs_kazanim_tahmini 5-6. sinif kazanimidir: ondalik gosterim LGS'nin sinandigi 8. sinif kazanimlari arasinda yer almaz, bu satir on kosul kazanimina baglanmistir.",M.5.1.5.4
MAKALE:AKUFEMUBID-8-1-2008,"Yılmaz, Zehra; Yenilmez, Kürşat",2008,Eskişehir Osmangazi Üniversitesi,MAKALE,2005,karma,1024,Uşak,DİĞER: ondalık sayılar,,Virgülü ayıraç görüp sayıyı tam sayı gibi okuma,Öğrenciler ondalık sayıları okurken virgülü sadece bir ayıraç gibi düşünmekte ve sayıyı bir tam sayı olarak okuyabilmektedirler.,"0,29 için 'sıfır virgül yirmi dokuz' ve 'sıfır yirmi dokuz'; 1,065 için 'bir altmış beş'",,"Bell ve Baki'nin 'Ondalık Kesirlerle İlgili Teşhis Testi'nden derlenen 16 soruluk yazili teshis testi; uzman gorusu alinmis, 100 kisilik grupta on uygulama yapilmis, guvenilirlik katsayisi 0,90; 30 dakika sureyle uygulanmis (s. 274-275)",Ilkogretimin ilk basamaklarinda konunun tam kavratilmasi ve cesitli etkinliklerle tam ogrenme saglanmasi; yeni kavram ogretilmeden once on bilgilerin kontrol edilip yanilgilarin giderilmesi (s. 287-288),YOK,1,1,s. 279,"Soru 3. Makale nedeni kismen ogretmenlerin ondalik sayilari dogru telaffuz edememesine bagliyor ('kaynaklanmis olabilir') - bu gerekce dogrulansa lemma_basamagi=2 olurdu; makale varsayim olarak sundugu icin 1 birakildi. || Makaledeki tablolarin tamami soru bazli dogru/yanlis frekansi veriyor; bir sorunun yanlis yuzdesi birden cok yanilgiya dagildigi icin K1 geregi gorulme_orani bos, K5 geregi guven=1. || lgs_kazanim_tahmini 5-6. sinif kazanimidir: ondalik gosterim LGS'nin sinandigi 8. sinif kazanimlari arasinda yer almaz, bu satir on kosul kazanimina baglanmistir.",M.5.1.5.4
MAKALE:AKUFEMUBID-8-1-2008,"Yılmaz, Zehra; Yenilmez, Kürşat",2008,Eskişehir Osmangazi Üniversitesi,MAKALE,2005,karma,1024,Uşak,DİĞER: ondalık sayılar,,Ondalık kısmın basamaklarını yanlış isimlendirme,Öğrenciler ondalık sayının kesir kısmındaki basamakları yanlış isimlendirmektedirler.,"0,29 için 'sıfır tam onda yirmi dokuz'; 1,065 için 'bir tam yüzde altmış beş'",,"Bell ve Baki'nin 'Ondalık Kesirlerle İlgili Teşhis Testi'nden derlenen 16 soruluk yazili teshis testi; uzman gorusu alinmis, 100 kisilik grupta on uygulama yapilmis, guvenilirlik katsayisi 0,90; 30 dakika sureyle uygulanmis (s. 274-275)",Ilkogretimin ilk basamaklarinda konunun tam kavratilmasi ve cesitli etkinliklerle tam ogrenme saglanmasi; yeni kavram ogretilmeden once on bilgilerin kontrol edilip yanilgilarin giderilmesi (s. 287-288),YOK,1,1,s. 279,"Soru 3. Ayni yanilgi Soru 4'te yazma yonunde de goruluyor (s. 280). || Makaledeki tablolarin tamami soru bazli dogru/yanlis frekansi veriyor; bir sorunun yanlis yuzdesi birden cok yanilgiya dagildigi icin K1 geregi gorulme_orani bos, K5 geregi guven=1. || lgs_kazanim_tahmini 5-6. sinif kazanimidir: ondalik gosterim LGS'nin sinandigi 8. sinif kazanimlari arasinda yer almaz, bu satir on kosul kazanimina baglanmistir.",M.5.1.5.3; M.5.1.5.4
MAKALE:AKUFEMUBID-8-1-2008,"Yılmaz, Zehra; Yenilmez, Kürşat",2008,Eskişehir Osmangazi Üniversitesi,MAKALE,2005,karma,1024,Uşak,DİĞER: ondalık sayılar,,Okunuşu verilen sayıyı yanlış basamağa yazma,Öğrencilerin cevapları incelendiğinde basamakları isimlendirme ile ilgili kavram yanılgıları olduğu söylenebilir.,"'Bir tam binde on sekiz' için 1,18 ve 1,0018; 'yirmi üç tam yüzde otuz dört' için 23,034",,"Bell ve Baki'nin 'Ondalık Kesirlerle İlgili Teşhis Testi'nden derlenen 16 soruluk yazili teshis testi; uzman gorusu alinmis, 100 kisilik grupta on uygulama yapilmis, guvenilirlik katsayisi 0,90; 30 dakika sureyle uygulanmis (s. 274-275)",Ilkogretimin ilk basamaklarinda konunun tam kavratilmasi ve cesitli etkinliklerle tam ogrenme saglanmasi; yeni kavram ogretilmeden once on bilgilerin kontrol edilip yanilgilarin giderilmesi (s. 287-288),YOK,1,1,s. 280,"Soru 4. || Makaledeki tablolarin tamami soru bazli dogru/yanlis frekansi veriyor; bir sorunun yanlis yuzdesi birden cok yanilgiya dagildigi icin K1 geregi gorulme_orani bos, K5 geregi guven=1. || lgs_kazanim_tahmini 5-6. sinif kazanimidir: ondalik gosterim LGS'nin sinandigi 8. sinif kazanimlari arasinda yer almaz, bu satir on kosul kazanimina baglanmistir.",M.5.1.5.3; M.5.1.5.4
MAKALE:AKUFEMUBID-8-1-2008,"Yılmaz, Zehra; Yenilmez, Kürşat",2008,Eskişehir Osmangazi Üniversitesi,MAKALE,2005,karma,1024,Uşak,DİĞER: ondalık sayılar,,Ondalık kısmı doğal sayı gibi karşılaştırma,Yanlış cevap veren öğrenciler ondalık kısımdaki sayıları olduğu gibi karşılaştırmış olabilir; basamağı çok olanı büyük saymaktadırlar.,"0,45 ile 0,6 karşılaştırmasında 0,45'i büyük seçme (45>6)",,"Bell ve Baki'nin 'Ondalık Kesirlerle İlgili Teşhis Testi'nden derlenen 16 soruluk yazili teshis testi; uzman gorusu alinmis, 100 kisilik grupta on uygulama yapilmis, guvenilirlik katsayisi 0,90; 30 dakika sureyle uygulanmis (s. 274-275)",Gunluk hayatta kullanilan cesitli arac gereclerden yararlanarak buyukluk-kucukluk kavraminin kavratilmasi (s. 287),YOK,1,1,s. 280,"Soru 5. Makale bu soruda 'olabilir' diyor ama ayni yanilgiyi ozet ve sonuc bolumunde kesin dille yineliyor (s. 269, s. 287). || Makaledeki tablolarin tamami soru bazli dogru/yanlis frekansi veriyor; bir sorunun yanlis yuzdesi birden cok yanilgiya dagildigi icin K1 geregi gorulme_orani bos, K5 geregi guven=1. || lgs_kazanim_tahmini 5-6. sinif kazanimidir: ondalik gosterim LGS'nin sinandigi 8. sinif kazanimlari arasinda yer almaz, bu satir on kosul kazanimina baglanmistir.",M.5.1.5.5
MAKALE:AKUFEMUBID-8-1-2008,"Yılmaz, Zehra; Yenilmez, Kürşat",2008,Eskişehir Osmangazi Üniversitesi,MAKALE,2005,karma,1024,Uşak,DİĞER: ondalık sayılar,,Tam kısmı yok sayıp yalnız kesir kısmına bakma,Yanlış yapan öğrenciler ondalık sayıların tam kısımlarını dikkate almayıp sadece kesir kısımlarına bakarak karşılaştırma yapmış olabilirler.,"3,28<2,32<4,59 sıralamasını doğru seçme (28<32<59)",,"Bell ve Baki'nin 'Ondalık Kesirlerle İlgili Teşhis Testi'nden derlenen 16 soruluk yazili teshis testi; uzman gorusu alinmis, 100 kisilik grupta on uygulama yapilmis, guvenilirlik katsayisi 0,90; 30 dakika sureyle uygulanmis (s. 274-275)",Gunluk hayatta kullanilan cesitli arac gereclerden yararlanarak buyukluk-kucukluk kavraminin kavratilmasi (s. 287),YOK,1,1,s. 281,"Soru 6. Makale 'olabilirler' diyor - neden dogrulanmamis. || Makaledeki tablolarin tamami soru bazli dogru/yanlis frekansi veriyor; bir sorunun yanlis yuzdesi birden cok yanilgiya dagildigi icin K1 geregi gorulme_orani bos, K5 geregi guven=1. || lgs_kazanim_tahmini 5-6. sinif kazanimidir: ondalik gosterim LGS'nin sinandigi 8. sinif kazanimlari arasinda yer almaz, bu satir on kosul kazanimina baglanmistir.",M.5.1.5.5
MAKALE:AKUFEMUBID-8-1-2008,"Yılmaz, Zehra; Yenilmez, Kürşat",2008,Eskişehir Osmangazi Üniversitesi,MAKALE,2005,karma,1024,Uşak,DİĞER: ondalık sayılar,,Sağa yazılan sıfır sayının değerini değiştirir,Yanlış cevap veren öğrenciler virgülden sonra en sağa konan sıfırın veya sıfırların değeri etkilediğini sanmaktadırlar; denk ondalık kesir kavramında yanılgıları vardır.,"0,5 kg, 0,50 kg ve 0,500 kg arasında 0,500'ü en çok sayma",,"Bell ve Baki'nin 'Ondalık Kesirlerle İlgili Teşhis Testi'nden derlenen 16 soruluk yazili teshis testi; uzman gorusu alinmis, 100 kisilik grupta on uygulama yapilmis, guvenilirlik katsayisi 0,90; 30 dakika sureyle uygulanmis (s. 274-275)",Gunluk hayatta kullanilan cesitli arac gereclerden yararlanarak buyukluk-kucukluk kavraminin kavratilmasi (s. 287),YOK,1,1,s. 281,"Soru 16. Makale bunu acikca 'denk ondalik kesir kavraminda yanilgi' diye adlandiriyor. ORAN ADAYI - YAYIN ONCESI ELDEN GECIRILMELI. Bu soruda makale yanlis cevap veren ogrencilerin TAMAMINI TEK BIR nedene bagliyor. Boyle bir durumda soru bazli yanlis yuzdesi fiilen bu yanilginin oranidir ve guven=3 olabilirdi (n=1024, arac tanimli). PROTOKOL CATISMASI: PARTI3-BRIEF Bolum 4'teki tablo 'kategoriler dogru/yanlis' ise oran alinmaz diyor, istisna tanimiyor. Kural geregi oran ALINMADI; karar Veysel'e birakildi. Ilgili yuzde asagida. Soru 16 icin yanlis cevap orani: %60,7 (622 ogrenci, basili s. 281). || Makaledeki tablolarin tamami soru bazli dogru/yanlis frekansi veriyor; bir sorunun yanlis yuzdesi birden cok yanilgiya dagildigi icin K1 geregi gorulme_orani bos, K5 geregi guven=1. || lgs_kazanim_tahmini 5-6. sinif kazanimidir: ondalik gosterim LGS'nin sinandigi 8. sinif kazanimlari arasinda yer almaz, bu satir on kosul kazanimina baglanmistir.",M.5.1.5.5
MAKALE:AKUFEMUBID-8-1-2008,"Yılmaz, Zehra; Yenilmez, Kürşat",2008,Eskişehir Osmangazi Üniversitesi,MAKALE,2005,karma,1024,Uşak,DİĞER: ondalık sayılar,,Çarpmanın sonucu daima çarpanlardan büyüktür,Yanlış cevap veren öğrenciler önceden öğrendikleri diğer sayı kümelerinde olduğu gibi çarpımın çarpanlardan daha büyük sonuç vereceğini düşünmüş olabilirler.,"13,25 x 0,45 işleminin sonucunu 13,25'ten büyük seçme",,"Bell ve Baki'nin 'Ondalık Kesirlerle İlgili Teşhis Testi'nden derlenen 16 soruluk yazili teshis testi; uzman gorusu alinmis, 100 kisilik grupta on uygulama yapilmis, guvenilirlik katsayisi 0,90; 30 dakika sureyle uygulanmis (s. 274-275)",Ogrenciler ondalik sayilarla ilk karsilastiginda carpma ve bolme uygulamalarinda sonucun buyuyup kuculdugunu sezmelerinin saglanmasi (s. 287),YOK,1,1,s. 282,"Soru 8. Makalenin ozetinde ve sonuc bolumunde (s. 287) bu yanilgi kesin dille yineleniyor; dogal sayilardan asiri genelleme. ORAN ADAYI - YAYIN ONCESI ELDEN GECIRILMELI. Bu soruda makale yanlis cevap veren ogrencilerin TAMAMINI TEK BIR nedene bagliyor. Boyle bir durumda soru bazli yanlis yuzdesi fiilen bu yanilginin oranidir ve guven=3 olabilirdi (n=1024, arac tanimli). PROTOKOL CATISMASI: PARTI3-BRIEF Bolum 4'teki tablo 'kategoriler dogru/yanlis' ise oran alinmaz diyor, istisna tanimiyor. Kural geregi oran ALINMADI; karar Veysel'e birakildi. Ilgili yuzde asagida. Soru 8 icin yanlis cevap orani: %51,8 (530 ogrenci, basili s. 282). NOT: makale bu soruda 'dusunmus olabilirler' diyerek hedge yapiyor, Soru 16'daki kadar kesin degil. || Makaledeki tablolarin tamami soru bazli dogru/yanlis frekansi veriyor; bir sorunun yanlis yuzdesi birden cok yanilgiya dagildigi icin K1 geregi gorulme_orani bos, K5 geregi guven=1. || lgs_kazanim_tahmini 5-6. sinif kazanimidir: ondalik gosterim LGS'nin sinandigi 8. sinif kazanimlari arasinda yer almaz, bu satir on kosul kazanimina baglanmistir.",M.6.1.6.4
MAKALE:AKUFEMUBID-8-1-2008,"Yılmaz, Zehra; Yenilmez, Kürşat",2008,Eskişehir Osmangazi Üniversitesi,MAKALE,2005,karma,1024,Uşak,DİĞER: ondalık sayılar,,Bölmenin sonucu daima bölünenden küçüktür,Yanlış yapan öğrenciler önceki öğrendikleri sayı kümelerinde olduğu gibi bölme işleminin sonucunun bölünen sayıdan küçük olması gerektiğini düşünmüş olabilirler.,"62,8 ÷ 0,2 işleminin sonucunu 62,8'den küçük seçme",,"Bell ve Baki'nin 'Ondalık Kesirlerle İlgili Teşhis Testi'nden derlenen 16 soruluk yazili teshis testi; uzman gorusu alinmis, 100 kisilik grupta on uygulama yapilmis, guvenilirlik katsayisi 0,90; 30 dakika sureyle uygulanmis (s. 274-275)",Ogrenciler ondalik sayilarla ilk karsilastiginda carpma ve bolme uygulamalarinda sonucun buyuyup kuculdugunu sezmelerinin saglanmasi (s. 287),YOK,1,1,s. 282,"Soru 9. Sonuc bolumunde kesin dille yineleniyor (s. 287). ORAN ADAYI - YAYIN ONCESI ELDEN GECIRILMELI. Bu soruda makale yanlis cevap veren ogrencilerin TAMAMINI TEK BIR nedene bagliyor. Boyle bir durumda soru bazli yanlis yuzdesi fiilen bu yanilginin oranidir ve guven=3 olabilirdi (n=1024, arac tanimli). PROTOKOL CATISMASI: PARTI3-BRIEF Bolum 4'teki tablo 'kategoriler dogru/yanlis' ise oran alinmaz diyor, istisna tanimiyor. Kural geregi oran ALINMADI; karar Veysel'e birakildi. Ilgili yuzde asagida. Soru 9 icin yanlis cevap orani: %58,7 (601 ogrenci, basili s. 282). NOT: makale bu soruda da 'dusunmus olabilirler' diyerek hedge yapiyor. || Makaledeki tablolarin tamami soru bazli dogru/yanlis frekansi veriyor; bir sorunun yanlis yuzdesi birden cok yanilgiya dagildigi icin K1 geregi gorulme_orani bos, K5 geregi guven=1. || lgs_kazanim_tahmini 5-6. sinif kazanimidir: ondalik gosterim LGS'nin sinandigi 8. sinif kazanimlari arasinda yer almaz, bu satir on kosul kazanimina baglanmistir.",M.6.1.6.5
MAKALE:AKUFEMUBID-8-1-2008,"Yılmaz, Zehra; Yenilmez, Kürşat",2008,Eskişehir Osmangazi Üniversitesi,MAKALE,2005,karma,1024,Uşak,DİĞER: ondalık sayılar,,Toplamada virgülü çarpma kuralına göre koyma,"Öğrencilerin toplama işlemini doğal sayılardaki gibi virgülü önemsemeden yaptıkları, virgülü de ondalık sayılarda çarpma işleminin kuralına göre koydukları tahmin edilmektedir.","5,26 + 16,348 için 0,16874 cevabı",,"Bell ve Baki'nin 'Ondalık Kesirlerle İlgili Teşhis Testi'nden derlenen 16 soruluk yazili teshis testi; uzman gorusu alinmis, 100 kisilik grupta on uygulama yapilmis, guvenilirlik katsayisi 0,90; 30 dakika sureyle uygulanmis (s. 274-275)",Ilkogretimin ilk basamaklarinda konunun tam kavratilmasi ve cesitli etkinliklerle tam ogrenme saglanmasi; yeni kavram ogretilmeden once on bilgilerin kontrol edilip yanilgilarin giderilmesi (s. 287-288),YOK,1,1,s. 283,"Soru 12. Makale 'tahmin edilmektedir' diyor. || Makaledeki tablolarin tamami soru bazli dogru/yanlis frekansi veriyor; bir sorunun yanlis yuzdesi birden cok yanilgiya dagildigi icin K1 geregi gorulme_orani bos, K5 geregi guven=1. || lgs_kazanim_tahmini 5-6. sinif kazanimidir: ondalik gosterim LGS'nin sinandigi 8. sinif kazanimlari arasinda yer almaz, bu satir on kosul kazanimina baglanmistir.",M.5.1.5.6
MAKALE:AKUFEMUBID-8-1-2008,"Yılmaz, Zehra; Yenilmez, Kürşat",2008,Eskişehir Osmangazi Üniversitesi,MAKALE,2005,karma,1024,Uşak,DİĞER: ondalık sayılar,,Virgülü büyük sayının kesir kısmına göre koyma,Öğrencilerin toplama işlemini virgül gözetmeksizin yaptıkları ve virgülü de büyük sayının kesir kısmına bakarak uygun yere koydukları düşünülebilir.,"5,26 + 16,348 için 16,874 cevabı",,"Bell ve Baki'nin 'Ondalık Kesirlerle İlgili Teşhis Testi'nden derlenen 16 soruluk yazili teshis testi; uzman gorusu alinmis, 100 kisilik grupta on uygulama yapilmis, guvenilirlik katsayisi 0,90; 30 dakika sureyle uygulanmis (s. 274-275)",Ilkogretimin ilk basamaklarinda konunun tam kavratilmasi ve cesitli etkinliklerle tam ogrenme saglanmasi; yeni kavram ogretilmeden once on bilgilerin kontrol edilip yanilgilarin giderilmesi (s. 287-288),YOK,1,1,s. 283,"Soru 12. Makale 'dusunulebilir' diyor. || Makaledeki tablolarin tamami soru bazli dogru/yanlis frekansi veriyor; bir sorunun yanlis yuzdesi birden cok yanilgiya dagildigi icin K1 geregi gorulme_orani bos, K5 geregi guven=1. || lgs_kazanim_tahmini 5-6. sinif kazanimidir: ondalik gosterim LGS'nin sinandigi 8. sinif kazanimlari arasinda yer almaz, bu satir on kosul kazanimina baglanmistir.",M.5.1.5.6
MAKALE:AKUFEMUBID-8-1-2008,"Yılmaz, Zehra; Yenilmez, Kürşat",2008,Eskişehir Osmangazi Üniversitesi,MAKALE,2005,karma,1024,Uşak,DİĞER: ondalık sayılar,,"Çıkan, eksilen ile farkın toplamıdır","Öğrenciler çıkanı bulmak için eksilen ile farkı toplamakta; çıkanın, eksilen ile farkın toplamı olduğu şeklinde kavram yanılgısına sahiptirler.","Eksilen 12,78 ve fark 3,59 iken çıkanı 16,37 bulma",,"Bell ve Baki'nin 'Ondalık Kesirlerle İlgili Teşhis Testi'nden derlenen 16 soruluk yazili teshis testi; uzman gorusu alinmis, 100 kisilik grupta on uygulama yapilmis, guvenilirlik katsayisi 0,90; 30 dakika sureyle uygulanmis (s. 274-275)",Ilkogretimin ilk basamaklarinda konunun tam kavratilmasi ve cesitli etkinliklerle tam ogrenme saglanmasi; yeni kavram ogretilmeden once on bilgilerin kontrol edilip yanilgilarin giderilmesi (s. 287-288),YOK,1,1,s. 283,"Soru 13. Makale bunu acikca kavram yanilgisi olarak adlandiriyor. ogrenci_ornegi'ndeki 16,37 makalede YAZILI DEGIL; makalenin tarif ettigi islemin (12,78+3,59) sonucudur. || Makaledeki tablolarin tamami soru bazli dogru/yanlis frekansi veriyor; bir sorunun yanlis yuzdesi birden cok yanilgiya dagildigi icin K1 geregi gorulme_orani bos, K5 geregi guven=1. || lgs_kazanim_tahmini 5-6. sinif kazanimidir: ondalik gosterim LGS'nin sinandigi 8. sinif kazanimlari arasinda yer almaz, bu satir on kosul kazanimina baglanmistir.",M.5.1.5.6
MAKALE:AKUFEMUBID-8-1-2008,"Yılmaz, Zehra; Yenilmez, Kürşat",2008,Eskişehir Osmangazi Üniversitesi,MAKALE,2005,karma,1024,Uşak,DİĞER: ondalık sayılar,,Çarpmada virgülü ayıraç görüp eldeyi aktarmama,Öğrencilerin yaptıkları hata ondalık sayıdaki virgülü ayıraç gibi görmekten kaynaklanmaktadır; öğrenci kesir kısmındaki eldeyi tam kısmına eklememektedir.,"3,5 x 3 için 9,15 cevabı",,"Bell ve Baki'nin 'Ondalık Kesirlerle İlgili Teşhis Testi'nden derlenen 16 soruluk yazili teshis testi; uzman gorusu alinmis, 100 kisilik grupta on uygulama yapilmis, guvenilirlik katsayisi 0,90; 30 dakika sureyle uygulanmis (s. 274-275)",Ilkogretimin ilk basamaklarinda konunun tam kavratilmasi ve cesitli etkinliklerle tam ogrenme saglanmasi; yeni kavram ogretilmeden once on bilgilerin kontrol edilip yanilgilarin giderilmesi (s. 287-288),YOK,1,1,s. 284,"Soru 10. Ayni yanilgi Soru 7'de de goruldu (s. 278) - K4 geregi satirlar birlestirilmedi. || Makaledeki tablolarin tamami soru bazli dogru/yanlis frekansi veriyor; bir sorunun yanlis yuzdesi birden cok yanilgiya dagildigi icin K1 geregi gorulme_orani bos, K5 geregi guven=1. || lgs_kazanim_tahmini 5-6. sinif kazanimidir: ondalik gosterim LGS'nin sinandigi 8. sinif kazanimlari arasinda yer almaz, bu satir on kosul kazanimina baglanmistir.",M.6.1.6.8
MAKALE:AKUFEMUBID-8-1-2008,"Yılmaz, Zehra; Yenilmez, Kürşat",2008,Eskişehir Osmangazi Üniversitesi,MAKALE,2005,karma,1024,Uşak,DİĞER: ondalık sayılar,,Eldeyi unutup işleme devam etme,Öğrenciler eldeyi unutup işleme devam etmektedirler.,"3,5 x 3 için 9,5 cevabı",,"Bell ve Baki'nin 'Ondalık Kesirlerle İlgili Teşhis Testi'nden derlenen 16 soruluk yazili teshis testi; uzman gorusu alinmis, 100 kisilik grupta on uygulama yapilmis, guvenilirlik katsayisi 0,90; 30 dakika sureyle uygulanmis (s. 274-275)",Ilkogretimin ilk basamaklarinda konunun tam kavratilmasi ve cesitli etkinliklerle tam ogrenme saglanmasi; yeni kavram ogretilmeden once on bilgilerin kontrol edilip yanilgilarin giderilmesi (s. 287-288),YOK,4,1,s. 284,"Soru 10. K2 sinir durumu: makale bunu kavram yanilgisi ile islem hatasi arasinda net ayirmiyor; guven zaten 1. || Makaledeki tablolarin tamami soru bazli dogru/yanlis frekansi veriyor; bir sorunun yanlis yuzdesi birden cok yanilgiya dagildigi icin K1 geregi gorulme_orani bos, K5 geregi guven=1. || lgs_kazanim_tahmini 5-6. sinif kazanimidir: ondalik gosterim LGS'nin sinandigi 8. sinif kazanimlari arasinda yer almaz, bu satir on kosul kazanimina baglanmistir.",M.6.1.6.8
MAKALE:AKUFEMUBID-8-1-2008,"Yılmaz, Zehra; Yenilmez, Kürşat",2008,Eskişehir Osmangazi Üniversitesi,MAKALE,2005,karma,1024,Uşak,DİĞER: ondalık sayılar,,Soruda verilen bağıntıyı kuramama,"Bazı öğrenciler soruda verilen bağıntıyı kuramamışlar ve 3,5'i 3'e bölmeye çalışmışlardır; makale bunu problemin anlaşılamamasından kaynaklanan hata sayıyor.","'3 kat fazlası' ifadesi için 3,5 bölü 3 işlemi",,"Bell ve Baki'nin 'Ondalık Kesirlerle İlgili Teşhis Testi'nden derlenen 16 soruluk yazili teshis testi; uzman gorusu alinmis, 100 kisilik grupta on uygulama yapilmis, guvenilirlik katsayisi 0,90; 30 dakika sureyle uygulanmis (s. 274-275)",Ilkogretimin ilk basamaklarinda konunun tam kavratilmasi ve cesitli etkinliklerle tam ogrenme saglanmasi; yeni kavram ogretilmeden once on bilgilerin kontrol edilip yanilgilarin giderilmesi (s. 287-288),YOK,1,1,s. 284,"Soru 10. Makale bunu 'problemin anlasilamamasindan kaynaklanan hata' sayiyor, kavram yanilgisi demiyor - K2 geregi kaydedildi ama guven=1. || Makaledeki tablolarin tamami soru bazli dogru/yanlis frekansi veriyor; bir sorunun yanlis yuzdesi birden cok yanilgiya dagildigi icin K1 geregi gorulme_orani bos, K5 geregi guven=1. || lgs_kazanim_tahmini 5-6. sinif kazanimidir: ondalik gosterim LGS'nin sinandigi 8. sinif kazanimlari arasinda yer almaz, bu satir on kosul kazanimina baglanmistir.",M.6.1.6.8
MAKALE:AKUFEMUBID-8-1-2008,"Yılmaz, Zehra; Yenilmez, Kürşat",2008,Eskişehir Osmangazi Üniversitesi,MAKALE,2005,karma,1024,Uşak,DİĞER: ondalık sayılar,,Bölme gerektiren problemde çıkarma işlemi yapma,"Bu soruya yanlış cevap veren öğrenciler çıkarma işlemi yaparak 1,53 ile 18 cevaplarını vermişlerdir.","18,3 litre ve 0,3 litre için 18 ve 1,53 cevapları",,"Bell ve Baki'nin 'Ondalık Kesirlerle İlgili Teşhis Testi'nden derlenen 16 soruluk yazili teshis testi; uzman gorusu alinmis, 100 kisilik grupta on uygulama yapilmis, guvenilirlik katsayisi 0,90; 30 dakika sureyle uygulanmis (s. 274-275)",Ilkogretimin ilk basamaklarinda konunun tam kavratilmasi ve cesitli etkinliklerle tam ogrenme saglanmasi; yeni kavram ogretilmeden once on bilgilerin kontrol edilip yanilgilarin giderilmesi (s. 287-288),YOK,1,1,s. 285,"Soru 11. Makale bu cevaplarin nedenini yorumlamiyor; islem secimi yanilgisi olarak kaydedildi. || Makaledeki tablolarin tamami soru bazli dogru/yanlis frekansi veriyor; bir sorunun yanlis yuzdesi birden cok yanilgiya dagildigi icin K1 geregi gorulme_orani bos, K5 geregi guven=1. || lgs_kazanim_tahmini 5-6. sinif kazanimidir: ondalik gosterim LGS'nin sinandigi 8. sinif kazanimlari arasinda yer almaz, bu satir on kosul kazanimina baglanmistir.",M.6.1.6.8
MAKALE:AKUFEMUBID-8-1-2008,"Yılmaz, Zehra; Yenilmez, Kürşat",2008,Eskişehir Osmangazi Üniversitesi,MAKALE,2005,karma,1024,Uşak,DİĞER: ondalık sayılar,,Sayı doğrusunda ölçeği yanlış okuma,"Öğrenciler ölçek okumada zorlanmakta, 5,5 sayısının bulunduğu yeri 6 gibi düşünerek cevap vermektedirler.","5 ile 6 arasındaki ok için 5 4/5 ve 5,8 cevapları",,"Bell ve Baki'nin 'Ondalık Kesirlerle İlgili Teşhis Testi'nden derlenen 16 soruluk yazili teshis testi; uzman gorusu alinmis, 100 kisilik grupta on uygulama yapilmis, guvenilirlik katsayisi 0,90; 30 dakika sureyle uygulanmis (s. 274-275)",Ilkogretimin ilk basamaklarinda konunun tam kavratilmasi ve cesitli etkinliklerle tam ogrenme saglanmasi; yeni kavram ogretilmeden once on bilgilerin kontrol edilip yanilgilarin giderilmesi (s. 287-288),YOK,1,1,s. 285,"Soru 14.a, Tablo 3.15. || Makaledeki tablolarin tamami soru bazli dogru/yanlis frekansi veriyor; bir sorunun yanlis yuzdesi birden cok yanilgiya dagildigi icin K1 geregi gorulme_orani bos, K5 geregi guven=1. || lgs_kazanim_tahmini 5-6. sinif kazanimidir: ondalik gosterim LGS'nin sinandigi 8. sinif kazanimlari arasinda yer almaz, bu satir on kosul kazanimina baglanmistir.",M.5.1.5.5
MAKALE:AKUFEMUBID-8-1-2008,"Yılmaz, Zehra; Yenilmez, Kürşat",2008,Eskişehir Osmangazi Üniversitesi,MAKALE,2005,karma,1024,Uşak,DİĞER: ondalık sayılar,,"1,3 ondalık sayısını 1/3 kesri gibi düşünme","Bazı öğrenciler 1,3 sayısını gösterirken 0 ile 1 arasını 3'e bölmekte ve 1'ini almakta, yani 1,3 sayısını 1/3 gibi düşünmektedir.","1,3 sayısını sayı doğrusunda 0 ile 1 arasına yerleştirme",,"Bell ve Baki'nin 'Ondalık Kesirlerle İlgili Teşhis Testi'nden derlenen 16 soruluk yazili teshis testi; uzman gorusu alinmis, 100 kisilik grupta on uygulama yapilmis, guvenilirlik katsayisi 0,90; 30 dakika sureyle uygulanmis (s. 274-275)",Ilkogretimin ilk basamaklarinda konunun tam kavratilmasi ve cesitli etkinliklerle tam ogrenme saglanmasi; yeni kavram ogretilmeden once on bilgilerin kontrol edilip yanilgilarin giderilmesi (s. 287-288),YOK,1,1,s. 286,"Soru 15, Tablo 3.16. || Makaledeki tablolarin tamami soru bazli dogru/yanlis frekansi veriyor; bir sorunun yanlis yuzdesi birden cok yanilgiya dagildigi icin K1 geregi gorulme_orani bos, K5 geregi guven=1. || lgs_kazanim_tahmini 5-6. sinif kazanimidir: ondalik gosterim LGS'nin sinandigi 8. sinif kazanimlari arasinda yer almaz, bu satir on kosul kazanimina baglanmistir.",M.5.1.5.5
MAKALE:AKUFEMUBID-8-1-2008,"Yılmaz, Zehra; Yenilmez, Kürşat",2008,Eskişehir Osmangazi Üniversitesi,MAKALE,2005,karma,1024,Uşak,DİĞER: ondalık sayılar,,Ondalık sayıyı sayı doğrusuna tahmini yerleştirme,"Bazı öğrenciler 1,3 sayısının 1 ile 2 arasında olduğunu bilmekte fakat 1,3 sayısını tahmini olarak yerleştirmektedir; sayı doğrusunu ölçeklendirme boyutunda kavram yanılgıları vardır.","1,3 sayısını 1 ile 2 arasında rastgele bir noktaya koyma",,"Bell ve Baki'nin 'Ondalık Kesirlerle İlgili Teşhis Testi'nden derlenen 16 soruluk yazili teshis testi; uzman gorusu alinmis, 100 kisilik grupta on uygulama yapilmis, guvenilirlik katsayisi 0,90; 30 dakika sureyle uygulanmis (s. 274-275)",Ilkogretimin ilk basamaklarinda konunun tam kavratilmasi ve cesitli etkinliklerle tam ogrenme saglanmasi; yeni kavram ogretilmeden once on bilgilerin kontrol edilip yanilgilarin giderilmesi (s. 287-288),YOK,1,1,s. 286,"Soru 15. Makale bunu 'sayi dogrusunu olceklendirme boyutunda kavram yanilgisi' diye adlandiriyor. || Makaledeki tablolarin tamami soru bazli dogru/yanlis frekansi veriyor; bir sorunun yanlis yuzdesi birden cok yanilgiya dagildigi icin K1 geregi gorulme_orani bos, K5 geregi guven=1. || lgs_kazanim_tahmini 5-6. sinif kazanimidir: ondalik gosterim LGS'nin sinandigi 8. sinif kazanimlari arasinda yer almaz, bu satir on kosul kazanimina baglanmistir.",M.5.1.5.5
MAKALE:10.14582/DUZGEF.520,"Yavuz Mumcu, Hayal",2015,Ordu Üniversitesi,MAKALE,2013,karma,269,Ordu,DİĞER: ondalık kesirler,,Virgülden sonraki kısımları kendi arasında toplama,"Öğrenciler ondalık kesirlerin virgülden sonraki kısımlarını kendi aralarında toplayarak (98+1=99) cevap vermekte, basamak değerini göz ardı etmektedirler.","3,98 + 0,1 için 3,99 cevabı (71 öğrenci)","%26,3","Arastirmaci tarafindan Bell ve Baki (1997) teshis testinden yararlanilarak olusturulan 14 soruluk (22 madde) 'kavram yanilgilari testi'; uzman gorusu, madde ayirt edicilik >0,30, madde gucluk 0,35-0,85, KR-20 ic tutarlik 0,87 (basili s. 301-302)",Ondalik kesirlerde 'basamak' ve 'basamak degeri' kavramlari uzerinde durularak bu iki kavram arasindaki farkliliklarin vurgulanmasi (s. 331),YOK,1,3,s. 303,"DOI makalenin ilk sayfasinda basili: 10.14582/DUZGEF.520. Ofset = +293 (PDF s.1 = basili s.294). KAPSAM SAPMASI YOK (6-7-8. sinif). TEYIT GEREKLI: Turkce ozet ve Yontem bolumu uygulamayi '2013-2014 egitim-ogretim yili' diyor, Ingilizce ozet ise '2012-2013 academic years' diyor; ayni makalede celiski var. mufredat_donemi=2013 Turkce metne gore verildi. Sinif dagilimi: 6.sinif 91, 7.sinif 89, 8.sinif 89 ogrenci; yanilgi oranlari sinif bazinda ayristirilmamis, bu yuzden sinif=karma ve orneklem_n=269. KONU ESLESMESI: bu dosyadaki 'DIGER: ondalik kesirler' ile 01-ondalik-usak.csv'deki 'DIGER: ondalik sayilar' AYNI KONUDUR; iki farkli etiket PARTI3-BRIEF Bolum 2'deki tabloda oyle yazdigi icin korundu. Yayin asamasinda (Katman 2, konu sayfalari) bu iki etiket TEK konu sayfasinda birlestirilmelidir. || Soru 1, Tablo 2. Makale: '3,99 cevabi, ogrencinin kavram yanilgisina sahip olfdugunun gostergesidir'. Ayrica ayni sayfada iki tekil ogrenci ornegi var: 4,08 sonucunu 4,8 yazma (virgulden sonraki sifirin degeri yok sanma) ve toplami 40,8 yazma; bunlar tekil vaka oldugu ve makale oran vermedigi icin ayri satir acilmadi. || Makale her soru icin yanilgi DUZEYINDE frekans/yuzde veriyor (belirli yanlis cevap kategorileri ayri satirlarda); bu K1'e uygun oran kaynagidir. n=269, olcum araci acikca tanimli -> oranli satirlarda guven=3. || lgs_kazanim_tahmini 5-6. sinif kazanimidir: ondalik gosterim LGS'nin sinandigi 8. sinif kazanimlari arasinda yer almaz, bu satir on kosul kazanimina baglanmistir.",M.5.1.5.6
MAKALE:10.14582/DUZGEF.520,"Yavuz Mumcu, Hayal",2015,Ordu Üniversitesi,MAKALE,2013,karma,269,Ordu,DİĞER: ondalık kesirler,,Sıralamada virgülün anlamını kavrayamama,"Öğrenciler yarıya bölerek azalan sıralamayı 1'den sonra 0,1 ve 0,01 gibi devam ettirmişler; ondalık bir kesirdeki virgülün anlamını tam olarak kavrayamamışlardır.","16;8;4;2;1 dizisi için (1; 0,1; 0,01) veya (1; 0,1; 0,2) cevapları",,"Arastirmaci tarafindan Bell ve Baki (1997) teshis testinden yararlanilarak olusturulan 14 soruluk (22 madde) 'kavram yanilgilari testi'; uzman gorusu, madde ayirt edicilik >0,30, madde gucluk 0,35-0,85, KR-20 ic tutarlik 0,87 (basili s. 301-302)",Ondalik kesirler konusuna virgulun ne anlama geldigi noktasindan baslanmasi ve bu noktada surec boyunca durulmasi; virgulun kesir cizgisi ile karistirilmamasi icin ogretim ortamlarinda vurgu yapilmasi (s. 331),YOK,1,1,s. 304,"Soru 2-a. Bu cevaplar tablodaki 'Diger' kategorisinde (%25,6) toplanmis; kategori birden cok farkli yanilgiyi icerdigi icin K1 geregi oran bos, guven=1. || Makale her soru icin yanilgi DUZEYINDE frekans/yuzde veriyor (belirli yanlis cevap kategorileri ayri satirlarda); bu K1'e uygun oran kaynagidir. n=269, olcum araci acikca tanimli -> oranli satirlarda guven=3. || lgs_kazanim_tahmini 5-6. sinif kazanimidir: ondalik gosterim LGS'nin sinandigi 8. sinif kazanimlari arasinda yer almaz, bu satir on kosul kazanimina baglanmistir.",M.5.1.5.5
MAKALE:10.14582/DUZGEF.520,"Yavuz Mumcu, Hayal",2015,Ordu Üniversitesi,MAKALE,2013,karma,269,Ordu,DİĞER: ondalık kesirler,,Sıralamada 1'den küçük sayı olamayacağını düşünme,Öğrenciler sıralamada 1'den küçük hangi sayının yer alabileceğini muhakeme edemeyerek sayıların belirli bir noktadan sonra aynen tekrar etmesi veya tekrar artması gerektiğini düşünmüşlerdir.,"16;8;4;2;1 dizisi için (1; 1; 1), (1; 2; 3), (1; 3; 5) cevapları",,"Arastirmaci tarafindan Bell ve Baki (1997) teshis testinden yararlanilarak olusturulan 14 soruluk (22 madde) 'kavram yanilgilari testi'; uzman gorusu, madde ayirt edicilik >0,30, madde gucluk 0,35-0,85, KR-20 ic tutarlik 0,87 (basili s. 301-302)",Ondalik kesirler konusuna virgulun ne anlama geldigi noktasindan baslanmasi ve bu noktada surec boyunca durulmasi; virgulun kesir cizgisi ile karistirilmamasi icin ogretim ortamlarinda vurgu yapilmasi (s. 331),YOK,1,1,s. 304,"Soru 2-a. 'Diger' kategorisinde; oran ayristirilmamis. || Makale her soru icin yanilgi DUZEYINDE frekans/yuzde veriyor (belirli yanlis cevap kategorileri ayri satirlarda); bu K1'e uygun oran kaynagidir. n=269, olcum araci acikca tanimli -> oranli satirlarda guven=3. || lgs_kazanim_tahmini 5-6. sinif kazanimidir: ondalik gosterim LGS'nin sinandigi 8. sinif kazanimlari arasinda yer almaz, bu satir on kosul kazanimina baglanmistir.",M.5.1.5.5
MAKALE:10.14582/DUZGEF.520,"Yavuz Mumcu, Hayal",2015,Ordu Üniversitesi,MAKALE,2013,karma,269,Ordu,DİĞER: ondalık kesirler,,Sıralamayı negatif tam sayılarla sürdürme,Öğrenciler mevcut sıralamanın algoritmasını çözemeyerek sayıların sadece küçüldüklerini dikkate almış ve buna bağlı olarak negatif tamsayıları kullanmışlardır.,"16;8;4;2;1 dizisi için (1; -2; -4), (1; 0; -1), (1; -8; -16) cevapları",,"Arastirmaci tarafindan Bell ve Baki (1997) teshis testinden yararlanilarak olusturulan 14 soruluk (22 madde) 'kavram yanilgilari testi'; uzman gorusu, madde ayirt edicilik >0,30, madde gucluk 0,35-0,85, KR-20 ic tutarlik 0,87 (basili s. 301-302)",Ondalik kesirler konusuna virgulun ne anlama geldigi noktasindan baslanmasi ve bu noktada surec boyunca durulmasi; virgulun kesir cizgisi ile karistirilmamasi icin ogretim ortamlarinda vurgu yapilmasi (s. 331),YOK,1,1,s. 305,"Soru 2-a. 'Diger' kategorisinde; oran ayristirilmamis. || Makale her soru icin yanilgi DUZEYINDE frekans/yuzde veriyor (belirli yanlis cevap kategorileri ayri satirlarda); bu K1'e uygun oran kaynagidir. n=269, olcum araci acikca tanimli -> oranli satirlarda guven=3. || lgs_kazanim_tahmini 5-6. sinif kazanimidir: ondalik gosterim LGS'nin sinandigi 8. sinif kazanimlari arasinda yer almaz, bu satir on kosul kazanimina baglanmistir.",M.5.1.5.5
MAKALE:10.14582/DUZGEF.520,"Yavuz Mumcu, Hayal",2015,Ordu Üniversitesi,MAKALE,2013,karma,269,Ordu,DİĞER: ondalık kesirler,,"0,5 ondalık kesrinin yarısını alamama","Öğrenciler 1 sayısının yarısını 0,5 olarak yazabilmelerine karşın 0,5 ondalık kesrinin yarısını alamamışlardır.","(1; 0,5; 0,05), (1; 0,5; 0,50), (1; 0,5; 2,5), (1; 0,5; 0,025) cevapları",,"Arastirmaci tarafindan Bell ve Baki (1997) teshis testinden yararlanilarak olusturulan 14 soruluk (22 madde) 'kavram yanilgilari testi'; uzman gorusu, madde ayirt edicilik >0,30, madde gucluk 0,35-0,85, KR-20 ic tutarlik 0,87 (basili s. 301-302)",Ondalik kesirler konusuna virgulun ne anlama geldigi noktasindan baslanmasi ve bu noktada surec boyunca durulmasi; virgulun kesir cizgisi ile karistirilmamasi icin ogretim ortamlarinda vurgu yapilmasi (s. 331),YOK,1,1,s. 305,"Soru 2-a. 'Diger' kategorisinde; oran ayristirilmamis. || Makale her soru icin yanilgi DUZEYINDE frekans/yuzde veriyor (belirli yanlis cevap kategorileri ayri satirlarda); bu K1'e uygun oran kaynagidir. n=269, olcum araci acikca tanimli -> oranli satirlarda guven=3. || lgs_kazanim_tahmini 5-6. sinif kazanimidir: ondalik gosterim LGS'nin sinandigi 8. sinif kazanimlari arasinda yer almaz, bu satir on kosul kazanimina baglanmistir.",M.5.1.5.5
MAKALE:10.14582/DUZGEF.520,"Yavuz Mumcu, Hayal",2015,Ordu Üniversitesi,MAKALE,2013,karma,269,Ordu,DİĞER: ondalık kesirler,,Yalnız virgülden sonraki kısmın iki katını alma,Öğrenciler bir önceki sayının iki katını almak yerine sadece virgülden sonraki kısmın iki katını almışlardır.,"0,2; 0,4; 0,8 dizisi için (0,16; 0,32) cevabı (84 öğrenci)","%31,2","Arastirmaci tarafindan Bell ve Baki (1997) teshis testinden yararlanilarak olusturulan 14 soruluk (22 madde) 'kavram yanilgilari testi'; uzman gorusu, madde ayirt edicilik >0,30, madde gucluk 0,35-0,85, KR-20 ic tutarlik 0,87 (basili s. 301-302)",Ondalik kesirlerde 'basamak' ve 'basamak degeri' kavramlari uzerinde durularak bu iki kavram arasindaki farkliliklarin vurgulanmasi (s. 331),YOK,1,3,s. 304-305,"Soru 2-b, Tablo 3. Makale: 'yaklasik her 3 ogrenciden birinin soz konusu yanilgiya sahip oldugunu gostermektedir'. || Makale her soru icin yanilgi DUZEYINDE frekans/yuzde veriyor (belirli yanlis cevap kategorileri ayri satirlarda); bu K1'e uygun oran kaynagidir. n=269, olcum araci acikca tanimli -> oranli satirlarda guven=3. || lgs_kazanim_tahmini 5-6. sinif kazanimidir: ondalik gosterim LGS'nin sinandigi 8. sinif kazanimlari arasinda yer almaz, bu satir on kosul kazanimina baglanmistir.",M.5.1.5.5
MAKALE:10.14582/DUZGEF.520,"Yavuz Mumcu, Hayal",2015,Ordu Üniversitesi,MAKALE,2013,karma,269,Ordu,DİĞER: ondalık kesirler,,Sıralamada yalnız virgülden sonraki kısmı önemseme,"Öğrenciler kesirlerin sıralanmasında sadece virgülden sonraki kısmı önemseyerek sıralamanın 94, 96, 98, 100, 102 şeklinde olması gerektiğini düşünmüşlerdir.","0,94; 0,96; 0,98 dizisi için (0,100; 0,102) cevabı (47 öğrenci)","%17,4","Arastirmaci tarafindan Bell ve Baki (1997) teshis testinden yararlanilarak olusturulan 14 soruluk (22 madde) 'kavram yanilgilari testi'; uzman gorusu, madde ayirt edicilik >0,30, madde gucluk 0,35-0,85, KR-20 ic tutarlik 0,87 (basili s. 301-302)",Ondalik kesirlerde 'basamak' ve 'basamak degeri' kavramlari uzerinde durularak bu iki kavram arasindaki farkliliklarin vurgulanmasi (s. 331),YOK,1,3,s. 304-305,"Soru 2-c, Tablo 3. || Makale her soru icin yanilgi DUZEYINDE frekans/yuzde veriyor (belirli yanlis cevap kategorileri ayri satirlarda); bu K1'e uygun oran kaynagidir. n=269, olcum araci acikca tanimli -> oranli satirlarda guven=3. || lgs_kazanim_tahmini 5-6. sinif kazanimidir: ondalik gosterim LGS'nin sinandigi 8. sinif kazanimlari arasinda yer almaz, bu satir on kosul kazanimina baglanmistir.",M.5.1.5.5
MAKALE:10.14582/DUZGEF.520,"Yavuz Mumcu, Hayal",2015,Ordu Üniversitesi,MAKALE,2013,karma,269,Ordu,DİĞER: ondalık kesirler,,"4 ile 4,1 arasında sayı olmadığını düşünme",Öğrenciler ondalık kesirlerde virgülden sonraki rakamların basamak değerlerini ve sayının büyüklüğüne etkisini kavrayamadıkları için aralıkta sayı bulunmadığını savunmuşlardır.,"4'ten büyük 4,1'den küçük sayı için 'böyle bir sayı yoktur' cevabı (94 öğrenci)","%34,9","Arastirmaci tarafindan Bell ve Baki (1997) teshis testinden yararlanilarak olusturulan 14 soruluk (22 madde) 'kavram yanilgilari testi'; uzman gorusu, madde ayirt edicilik >0,30, madde gucluk 0,35-0,85, KR-20 ic tutarlik 0,87 (basili s. 301-302)",Ondalik kesirlerin sayi dogrusu uzerinde gosterimi uzerinde durularak farkli sayi araliklarinda (1 birimden buyuk / kucuk) gosterimlerin nasil farklilasacaginin nedenleriyle gosterilmesi (s. 331),YOK,1,3,s. 306-307,"Soru 3-a, Tablo 4. || Makale her soru icin yanilgi DUZEYINDE frekans/yuzde veriyor (belirli yanlis cevap kategorileri ayri satirlarda); bu K1'e uygun oran kaynagidir. n=269, olcum araci acikca tanimli -> oranli satirlarda guven=3. || lgs_kazanim_tahmini 5-6. sinif kazanimidir: ondalik gosterim LGS'nin sinandigi 8. sinif kazanimlari arasinda yer almaz, bu satir on kosul kazanimina baglanmistir.",M.5.1.5.5
MAKALE:10.14582/DUZGEF.520,"Yavuz Mumcu, Hayal",2015,Ordu Üniversitesi,MAKALE,2013,karma,269,Ordu,DİĞER: ondalık kesirler,,"4,1'i 4,10 sanıp 10'dan küçük doğal sayı arama","Öğrenciler 4,1 kesrini 4,10 olarak düşünüp bu kesir için sadece virgülden sonraki kısmı dikkate almış ve 10'dan küçük doğal sayıları düşünerek cevap vermişlerdir.","4'ten büyük 4,1'den küçük sayı için 4,9; 4,5; 4,2 cevapları",,"Arastirmaci tarafindan Bell ve Baki (1997) teshis testinden yararlanilarak olusturulan 14 soruluk (22 madde) 'kavram yanilgilari testi'; uzman gorusu, madde ayirt edicilik >0,30, madde gucluk 0,35-0,85, KR-20 ic tutarlik 0,87 (basili s. 301-302)",Ondalik kesirlerin sayi dogrusu uzerinde gosterimi uzerinde durularak farkli sayi araliklarinda (1 birimden buyuk / kucuk) gosterimlerin nasil farklilasacaginin nedenleriyle gosterilmesi (s. 331),YOK,1,1,s. 306,"Soru 3-a. Bu cevaplar tablodaki 'Diger' kategorisinde (%17,1); kategori ayristirilmadigi icin oran bos. || Makale her soru icin yanilgi DUZEYINDE frekans/yuzde veriyor (belirli yanlis cevap kategorileri ayri satirlarda); bu K1'e uygun oran kaynagidir. n=269, olcum araci acikca tanimli -> oranli satirlarda guven=3. || lgs_kazanim_tahmini 5-6. sinif kazanimidir: ondalik gosterim LGS'nin sinandigi 8. sinif kazanimlari arasinda yer almaz, bu satir on kosul kazanimina baglanmistir.",M.5.1.5.5
MAKALE:10.14582/DUZGEF.520,"Yavuz Mumcu, Hayal",2015,Ordu Üniversitesi,MAKALE,2013,karma,269,Ordu,DİĞER: ondalık kesirler,,Virgülden sonrasını tam sayı sayarak aralık doldurma,Yanlış cevap veren öğrencilerin tamamına yakını ondalık kesirlerin virgülden sonraki kısımlarını dikkate alarak 9'dan büyük 15'ten küçük tamsayıları düşünmüştür.,"2,9'dan büyük 2,15'ten küçük sayı için 2,10; 2,11; 2,12; 2,13 cevapları (118 öğrenci)","%43,8","Arastirmaci tarafindan Bell ve Baki (1997) teshis testinden yararlanilarak olusturulan 14 soruluk (22 madde) 'kavram yanilgilari testi'; uzman gorusu, madde ayirt edicilik >0,30, madde gucluk 0,35-0,85, KR-20 ic tutarlik 0,87 (basili s. 301-302)",Ondalik kesirlerin sayi dogrusu uzerinde gosterimi uzerinde durularak farkli sayi araliklarinda (1 birimden buyuk / kucuk) gosterimlerin nasil farklilasacaginin nedenleriyle gosterilmesi (s. 331),YOK,1,3,s. 307,"Soru 3-b, Tablo 4. || Makale her soru icin yanilgi DUZEYINDE frekans/yuzde veriyor (belirli yanlis cevap kategorileri ayri satirlarda); bu K1'e uygun oran kaynagidir. n=269, olcum araci acikca tanimli -> oranli satirlarda guven=3. || lgs_kazanim_tahmini 5-6. sinif kazanimidir: ondalik gosterim LGS'nin sinandigi 8. sinif kazanimlari arasinda yer almaz, bu satir on kosul kazanimina baglanmistir.",M.5.1.5.5
MAKALE:10.14582/DUZGEF.520,"Yavuz Mumcu, Hayal",2015,Ordu Üniversitesi,MAKALE,2013,karma,269,Ordu,DİĞER: ondalık kesirler,,"0,23 ile 0,24 arasında sayı yok sanma",Öğrenciler ondalık kesirlerin virgülden sonraki kısımlarını dikkate alarak 23'ten büyük 24'ten küçük bir tam sayının mevcut olamayacağını düşünmüş ve kavram yanılgısına düşmüşlerdir.,"0,23'ten büyük 0,24'ten küçük sayı için 'böyle bir sayı yoktur' cevabı (102 öğrenci)","%37,9","Arastirmaci tarafindan Bell ve Baki (1997) teshis testinden yararlanilarak olusturulan 14 soruluk (22 madde) 'kavram yanilgilari testi'; uzman gorusu, madde ayirt edicilik >0,30, madde gucluk 0,35-0,85, KR-20 ic tutarlik 0,87 (basili s. 301-302)",Ondalik kesirlerin sayi dogrusu uzerinde gosterimi uzerinde durularak farkli sayi araliklarinda (1 birimden buyuk / kucuk) gosterimlerin nasil farklilasacaginin nedenleriyle gosterilmesi (s. 331),YOK,1,3,s. 307-308,"Soru 3-c, Tablo 4. lgs_kazanim_tahmini YAKLASIK eslemedir: ondalik kesirlerin yogunlugu MEB 2018 6-8 programinda ayri bir kazanim degil; en yakin siralama kazanimina baglandi. || Makale her soru icin yanilgi DUZEYINDE frekans/yuzde veriyor (belirli yanlis cevap kategorileri ayri satirlarda); bu K1'e uygun oran kaynagidir. n=269, olcum araci acikca tanimli -> oranli satirlarda guven=3. || lgs_kazanim_tahmini 5-6. sinif kazanimidir: ondalik gosterim LGS'nin sinandigi 8. sinif kazanimlari arasinda yer almaz, bu satir on kosul kazanimina baglanmistir.",M.5.1.5.5
MAKALE:10.14582/DUZGEF.520,"Yavuz Mumcu, Hayal",2015,Ordu Üniversitesi,MAKALE,2013,karma,269,Ordu,DİĞER: ondalık kesirler,,Çözümlemede virgülü ayıraç gibi görme,Öğrenciler ondalık kesri çözümlerken virgülü bir ayıraç gibi görüp virgülden sonraki kısmı olduğu gibi yazmışlardır.,"2,08 = 2 + ... sorusunda '08' veya '8' cevabı (30 öğrenci)","%11,1","Arastirmaci tarafindan Bell ve Baki (1997) teshis testinden yararlanilarak olusturulan 14 soruluk (22 madde) 'kavram yanilgilari testi'; uzman gorusu, madde ayirt edicilik >0,30, madde gucluk 0,35-0,85, KR-20 ic tutarlik 0,87 (basili s. 301-302)",Ondalik kesirler konusuna virgulun ne anlama geldigi noktasindan baslanmasi ve bu noktada surec boyunca durulmasi; virgulun kesir cizgisi ile karistirilmamasi icin ogretim ortamlarinda vurgu yapilmasi (s. 331),YOK,1,3,s. 308,"Soru 4-a, Tablo 5. || Makale her soru icin yanilgi DUZEYINDE frekans/yuzde veriyor (belirli yanlis cevap kategorileri ayri satirlarda); bu K1'e uygun oran kaynagidir. n=269, olcum araci acikca tanimli -> oranli satirlarda guven=3. || lgs_kazanim_tahmini 5-6. sinif kazanimidir: ondalik gosterim LGS'nin sinandigi 8. sinif kazanimlari arasinda yer almaz, bu satir on kosul kazanimina baglanmistir.",M.5.1.5.3
MAKALE:10.14582/DUZGEF.520,"Yavuz Mumcu, Hayal",2015,Ordu Üniversitesi,MAKALE,2013,karma,269,Ordu,DİĞER: ondalık kesirler,,Çözümlemede virgülü görmezden gelme,Öğrenciler ondalık kesri çözümlerken virgülü görmezden gelip basamak değerini yanlış hesaplamışlardır.,"2,08 = 2 + ... sorusunda '0,8' cevabı (54 öğrenci)",%20,"Arastirmaci tarafindan Bell ve Baki (1997) teshis testinden yararlanilarak olusturulan 14 soruluk (22 madde) 'kavram yanilgilari testi'; uzman gorusu, madde ayirt edicilik >0,30, madde gucluk 0,35-0,85, KR-20 ic tutarlik 0,87 (basili s. 301-302)",Ondalik kesirler konusuna virgulun ne anlama geldigi noktasindan baslanmasi ve bu noktada surec boyunca durulmasi; virgulun kesir cizgisi ile karistirilmamasi icin ogretim ortamlarinda vurgu yapilmasi (s. 331),YOK,1,3,s. 308,"Soru 4-a, Tablo 5. || Makale her soru icin yanilgi DUZEYINDE frekans/yuzde veriyor (belirli yanlis cevap kategorileri ayri satirlarda); bu K1'e uygun oran kaynagidir. n=269, olcum araci acikca tanimli -> oranli satirlarda guven=3. || lgs_kazanim_tahmini 5-6. sinif kazanimidir: ondalik gosterim LGS'nin sinandigi 8. sinif kazanimlari arasinda yer almaz, bu satir on kosul kazanimina baglanmistir.",M.5.1.5.3
MAKALE:10.14582/DUZGEF.520,"Yavuz Mumcu, Hayal",2015,Ordu Üniversitesi,MAKALE,2013,karma,269,Ordu,DİĞER: ondalık kesirler,,"Çözümlemede virgülü görmezden gelme (23,45)","Öğrenciler 23,45 sayısını çözümlerken virgülü görmezden gelerek kalan basamağı doğal sayı gibi yazmışlardır.","23,45 = 20 + 3 + 0,4 + ... sorusunda '5' cevabı (21 öğrenci)","%7,8","Arastirmaci tarafindan Bell ve Baki (1997) teshis testinden yararlanilarak olusturulan 14 soruluk (22 madde) 'kavram yanilgilari testi'; uzman gorusu, madde ayirt edicilik >0,30, madde gucluk 0,35-0,85, KR-20 ic tutarlik 0,87 (basili s. 301-302)",Ondalik kesirler konusuna virgulun ne anlama geldigi noktasindan baslanmasi ve bu noktada surec boyunca durulmasi; virgulun kesir cizgisi ile karistirilmamasi icin ogretim ortamlarinda vurgu yapilmasi (s. 331),YOK,1,3,s. 309,"Soru 4-b, Tablo 5. K4: ayni yanilgi Soru 4-a'da da cikti (s. 308) - satirlar birlestirilmedi. || Makale her soru icin yanilgi DUZEYINDE frekans/yuzde veriyor (belirli yanlis cevap kategorileri ayri satirlarda); bu K1'e uygun oran kaynagidir. n=269, olcum araci acikca tanimli -> oranli satirlarda guven=3. || lgs_kazanim_tahmini 5-6. sinif kazanimidir: ondalik gosterim LGS'nin sinandigi 8. sinif kazanimlari arasinda yer almaz, bu satir on kosul kazanimina baglanmistir.",M.5.1.5.3
MAKALE:10.14582/DUZGEF.520,"Yavuz Mumcu, Hayal",2015,Ordu Üniversitesi,MAKALE,2013,karma,269,Ordu,DİĞER: ondalık kesirler,,"Çözümlemede virgülü ayıraç görme (0,5 cevabı)","Öğrenciler 23,45 sayısını çözümlerken virgülü ayıraç gibi görüp kalan kısmı yanlış basamağa yazmışlardır.","23,45 = 20 + 3 + 0,4 + ... sorusunda ',5' veya '0,5' cevabı (27 öğrenci)",%10,"Arastirmaci tarafindan Bell ve Baki (1997) teshis testinden yararlanilarak olusturulan 14 soruluk (22 madde) 'kavram yanilgilari testi'; uzman gorusu, madde ayirt edicilik >0,30, madde gucluk 0,35-0,85, KR-20 ic tutarlik 0,87 (basili s. 301-302)",Ondalik kesirler konusuna virgulun ne anlama geldigi noktasindan baslanmasi ve bu noktada surec boyunca durulmasi; virgulun kesir cizgisi ile karistirilmamasi icin ogretim ortamlarinda vurgu yapilmasi (s. 331),YOK,1,3,s. 309,"Soru 4-b, Tablo 5. || Makale her soru icin yanilgi DUZEYINDE frekans/yuzde veriyor (belirli yanlis cevap kategorileri ayri satirlarda); bu K1'e uygun oran kaynagidir. n=269, olcum araci acikca tanimli -> oranli satirlarda guven=3. || lgs_kazanim_tahmini 5-6. sinif kazanimidir: ondalik gosterim LGS'nin sinandigi 8. sinif kazanimlari arasinda yer almaz, bu satir on kosul kazanimina baglanmistir.",M.5.1.5.3
MAKALE:10.14582/DUZGEF.520,"Yavuz Mumcu, Hayal",2015,Ordu Üniversitesi,MAKALE,2013,karma,269,Ordu,DİĞER: ondalık kesirler,,"Çözümlemede 45-4=41 işlemiyle 0,41 yazma",Öğrenciler virgülü ayıraç gibi görerek ondalık kısmı doğal sayı gibi işleme sokmuş ve 45-4=41 hesabıyla cevap vermişlerdir.,"23,45 = 20 + 3 + 0,4 + ... sorusunda ',41' veya '0,41' cevabı (28 öğrenci)","%10,4","Arastirmaci tarafindan Bell ve Baki (1997) teshis testinden yararlanilarak olusturulan 14 soruluk (22 madde) 'kavram yanilgilari testi'; uzman gorusu, madde ayirt edicilik >0,30, madde gucluk 0,35-0,85, KR-20 ic tutarlik 0,87 (basili s. 301-302)",Ondalik kesirler konusuna virgulun ne anlama geldigi noktasindan baslanmasi ve bu noktada surec boyunca durulmasi; virgulun kesir cizgisi ile karistirilmamasi icin ogretim ortamlarinda vurgu yapilmasi (s. 331),YOK,1,3,s. 309,"Soru 4-b, Tablo 5. Makale bu ornegi s. 319'daki toplu degerlendirmede de 'ondalik ayiraci iki tamsayiyi ayiran ayirac gibi kullanma' basligi altinda tekrar veriyor. || Makale her soru icin yanilgi DUZEYINDE frekans/yuzde veriyor (belirli yanlis cevap kategorileri ayri satirlarda); bu K1'e uygun oran kaynagidir. n=269, olcum araci acikca tanimli -> oranli satirlarda guven=3. || lgs_kazanim_tahmini 5-6. sinif kazanimidir: ondalik gosterim LGS'nin sinandigi 8. sinif kazanimlari arasinda yer almaz, bu satir on kosul kazanimina baglanmistir.",M.5.1.5.3
MAKALE:10.14582/DUZGEF.520,"Yavuz Mumcu, Hayal",2015,Ordu Üniversitesi,MAKALE,2013,karma,269,Ordu,DİĞER: ondalık kesirler,,Virgülü yok sayıp onlar basamağı sanma,Öğrenciler virgülü görmezden gelerek 7 rakamının onlar basamağında yer aldığını düşünmüş ve 7x10=70 hesabıyla cevap vermişlerdir.,"9,76 sayısında 7 rakamının basamak değeri için '70' cevabı (46 öğrenci)","%17,1","Arastirmaci tarafindan Bell ve Baki (1997) teshis testinden yararlanilarak olusturulan 14 soruluk (22 madde) 'kavram yanilgilari testi'; uzman gorusu, madde ayirt edicilik >0,30, madde gucluk 0,35-0,85, KR-20 ic tutarlik 0,87 (basili s. 301-302)",Ondalik kesirlerde 'basamak' ve 'basamak degeri' kavramlari uzerinde durularak bu iki kavram arasindaki farkliliklarin vurgulanmasi (s. 331),YOK,1,3,s. 309,"Soru 5, Tablo 6. || Makale her soru icin yanilgi DUZEYINDE frekans/yuzde veriyor (belirli yanlis cevap kategorileri ayri satirlarda); bu K1'e uygun oran kaynagidir. n=269, olcum araci acikca tanimli -> oranli satirlarda guven=3. || lgs_kazanim_tahmini 5-6. sinif kazanimidir: ondalik gosterim LGS'nin sinandigi 8. sinif kazanimlari arasinda yer almaz, bu satir on kosul kazanimina baglanmistir.",M.5.1.5.3
MAKALE:10.14582/DUZGEF.520,"Yavuz Mumcu, Hayal",2015,Ordu Üniversitesi,MAKALE,2013,karma,269,Ordu,DİĞER: ondalık kesirler,,Basamak değeri yerine basamak adını söyleme,Öğrenciler basamak değerinin sorulduğu soruda söz konusu basamağın adını kullanarak cevap vermişlerdir.,"9,76 sayısında 7 rakamının basamak değeri için 'onda birler' cevabı (46 öğrenci)","%17,1","Arastirmaci tarafindan Bell ve Baki (1997) teshis testinden yararlanilarak olusturulan 14 soruluk (22 madde) 'kavram yanilgilari testi'; uzman gorusu, madde ayirt edicilik >0,30, madde gucluk 0,35-0,85, KR-20 ic tutarlik 0,87 (basili s. 301-302)",Ondalik kesirlerde 'basamak' ve 'basamak degeri' kavramlari uzerinde durularak bu iki kavram arasindaki farkliliklarin vurgulanmasi (s. 331),YOK,1,3,s. 309,"Soru 5, Tablo 6. Makale bunu s. 320 ve s. 322'de ayri bir sonuc maddesi olarak da veriyor: 'basamak degeri kavrami yerine basamak kavramini kullanmaktadirlar'. || Makale her soru icin yanilgi DUZEYINDE frekans/yuzde veriyor (belirli yanlis cevap kategorileri ayri satirlarda); bu K1'e uygun oran kaynagidir. n=269, olcum araci acikca tanimli -> oranli satirlarda guven=3. || lgs_kazanim_tahmini 5-6. sinif kazanimidir: ondalik gosterim LGS'nin sinandigi 8. sinif kazanimlari arasinda yer almaz, bu satir on kosul kazanimina baglanmistir.",M.5.1.5.3
MAKALE:10.14582/DUZGEF.520,"Yavuz Mumcu, Hayal",2015,Ordu Üniversitesi,MAKALE,2013,karma,269,Ordu,DİĞER: ondalık kesirler,,Basamağı yanlış adlandırma (onlar),Öğrenciler ondalık kısımdaki rakamın basamağını tam kısım basamağı gibi adlandırmışlardır.,"9,76 sayısında 7 rakamının basamak değeri için 'onlar' cevabı (29 öğrenci)","%10,7","Arastirmaci tarafindan Bell ve Baki (1997) teshis testinden yararlanilarak olusturulan 14 soruluk (22 madde) 'kavram yanilgilari testi'; uzman gorusu, madde ayirt edicilik >0,30, madde gucluk 0,35-0,85, KR-20 ic tutarlik 0,87 (basili s. 301-302)",Ondalik kesirlerde 'basamak' ve 'basamak degeri' kavramlari uzerinde durularak bu iki kavram arasindaki farkliliklarin vurgulanmasi (s. 331),YOK,1,3,s. 309,"Soru 5, Tablo 6. || Makale her soru icin yanilgi DUZEYINDE frekans/yuzde veriyor (belirli yanlis cevap kategorileri ayri satirlarda); bu K1'e uygun oran kaynagidir. n=269, olcum araci acikca tanimli -> oranli satirlarda guven=3. || lgs_kazanim_tahmini 5-6. sinif kazanimidir: ondalik gosterim LGS'nin sinandigi 8. sinif kazanimlari arasinda yer almaz, bu satir on kosul kazanimina baglanmistir.",M.5.1.5.3
MAKALE:10.14582/DUZGEF.520,"Yavuz Mumcu, Hayal",2015,Ordu Üniversitesi,MAKALE,2013,karma,269,Ordu,DİĞER: ondalık kesirler,,Denk ondalık kesirleri tam sayı gibi sıralama,Öğrenciler ondalık kesirlerdeki virgülü görmezden gelerek virgülden sonraki kısımları tam sayı gibi sıralamışlardır.,"0,5; 0,50; 0,500 için '0,5<0,50<0,500' sıralaması (64 öğrenci)","%23,7","Arastirmaci tarafindan Bell ve Baki (1997) teshis testinden yararlanilarak olusturulan 14 soruluk (22 madde) 'kavram yanilgilari testi'; uzman gorusu, madde ayirt edicilik >0,30, madde gucluk 0,35-0,85, KR-20 ic tutarlik 0,87 (basili s. 301-302)",Ondalik kesirler konusuna virgulun ne anlama geldigi noktasindan baslanmasi ve bu noktada surec boyunca durulmasi; virgulun kesir cizgisi ile karistirilmamasi icin ogretim ortamlarinda vurgu yapilmasi (s. 331),YOK,1,3,s. 310,"Soru 6-a, Tablo 7. Makale s. 327'de bu bulguyu 'yaklasik her dort ogrenciden biri' diye yineliyor. || Makale her soru icin yanilgi DUZEYINDE frekans/yuzde veriyor (belirli yanlis cevap kategorileri ayri satirlarda); bu K1'e uygun oran kaynagidir. n=269, olcum araci acikca tanimli -> oranli satirlarda guven=3. || lgs_kazanim_tahmini 5-6. sinif kazanimidir: ondalik gosterim LGS'nin sinandigi 8. sinif kazanimlari arasinda yer almaz, bu satir on kosul kazanimina baglanmistir.",M.5.1.5.5
MAKALE:10.14582/DUZGEF.520,"Yavuz Mumcu, Hayal",2015,Ordu Üniversitesi,MAKALE,2013,karma,269,Ordu,DİĞER: ondalık kesirler,,Sıralama yaparken virgülü görmezden gelme,"Öğrenciler sıralama yaparken virgülü görmezden gelmiş, tam kısımları dikkate almadan sıralamışlardır.","3,11; 2,98; 4,01; 3 için '3< 2,98< 3,11< 4,01' sıralaması (13 öğrenci)","%4,8","Arastirmaci tarafindan Bell ve Baki (1997) teshis testinden yararlanilarak olusturulan 14 soruluk (22 madde) 'kavram yanilgilari testi'; uzman gorusu, madde ayirt edicilik >0,30, madde gucluk 0,35-0,85, KR-20 ic tutarlik 0,87 (basili s. 301-302)",Ondalik kesirler konusuna virgulun ne anlama geldigi noktasindan baslanmasi ve bu noktada surec boyunca durulmasi; virgulun kesir cizgisi ile karistirilmamasi icin ogretim ortamlarinda vurgu yapilmasi (s. 331),YOK,1,3,s. 310,"Soru 6-b, Tablo 7. || Makale her soru icin yanilgi DUZEYINDE frekans/yuzde veriyor (belirli yanlis cevap kategorileri ayri satirlarda); bu K1'e uygun oran kaynagidir. n=269, olcum araci acikca tanimli -> oranli satirlarda guven=3. || lgs_kazanim_tahmini 5-6. sinif kazanimidir: ondalik gosterim LGS'nin sinandigi 8. sinif kazanimlari arasinda yer almaz, bu satir on kosul kazanimina baglanmistir.",M.5.1.5.5
MAKALE:10.14582/DUZGEF.520,"Yavuz Mumcu, Hayal",2015,Ordu Üniversitesi,MAKALE,2013,karma,269,Ordu,DİĞER: ondalık kesirler,,En yakın değeri seçerken virgülü yok sayma,Öğrenciler ondalık kesirdeki virgülü görmezden gelerek en yakın değer olarak tam sayı seçmişlerdir.,"0,18'e en yakın değer için '20' cevabı (47 öğrenci)","%17,4","Arastirmaci tarafindan Bell ve Baki (1997) teshis testinden yararlanilarak olusturulan 14 soruluk (22 madde) 'kavram yanilgilari testi'; uzman gorusu, madde ayirt edicilik >0,30, madde gucluk 0,35-0,85, KR-20 ic tutarlik 0,87 (basili s. 301-302)",Ondalik kesirler konusuna virgulun ne anlama geldigi noktasindan baslanmasi ve bu noktada surec boyunca durulmasi; virgulun kesir cizgisi ile karistirilmamasi icin ogretim ortamlarinda vurgu yapilmasi (s. 331),YOK,1,3,s. 311,"Soru 7-a, Tablo 8. Makale s. 319'da bu ornegi 'virgulu gormezden gelme' basliginda tekrar veriyor. || Makale her soru icin yanilgi DUZEYINDE frekans/yuzde veriyor (belirli yanlis cevap kategorileri ayri satirlarda); bu K1'e uygun oran kaynagidir. n=269, olcum araci acikca tanimli -> oranli satirlarda guven=3. || lgs_kazanim_tahmini 5-6. sinif kazanimidir: ondalik gosterim LGS'nin sinandigi 8. sinif kazanimlari arasinda yer almaz, bu satir on kosul kazanimina baglanmistir.",M.5.1.5.5
MAKALE:10.14582/DUZGEF.520,"Yavuz Mumcu, Hayal",2015,Ordu Üniversitesi,MAKALE,2013,karma,269,Ordu,DİĞER: ondalık kesirler,,En yakın değeri basamak değerini anlamadan seçme,"Öğrenciler basamak değerini anlamamaya bağlı olarak 0,18'e en yakın değeri yanlış seçmişlerdir.","0,18'e en yakın değer için '0,1' cevabı (13 öğrenci)","%4,8","Arastirmaci tarafindan Bell ve Baki (1997) teshis testinden yararlanilarak olusturulan 14 soruluk (22 madde) 'kavram yanilgilari testi'; uzman gorusu, madde ayirt edicilik >0,30, madde gucluk 0,35-0,85, KR-20 ic tutarlik 0,87 (basili s. 301-302)",Ondalik kesirlerde 'basamak' ve 'basamak degeri' kavramlari uzerinde durularak bu iki kavram arasindaki farkliliklarin vurgulanmasi (s. 331),YOK,1,3,s. 311,"Soru 7-a, Tablo 8. || Makale her soru icin yanilgi DUZEYINDE frekans/yuzde veriyor (belirli yanlis cevap kategorileri ayri satirlarda); bu K1'e uygun oran kaynagidir. n=269, olcum araci acikca tanimli -> oranli satirlarda guven=3. || lgs_kazanim_tahmini 5-6. sinif kazanimidir: ondalik gosterim LGS'nin sinandigi 8. sinif kazanimlari arasinda yer almaz, bu satir on kosul kazanimina baglanmistir.",M.5.1.5.3
MAKALE:10.14582/DUZGEF.520,"Yavuz Mumcu, Hayal",2015,Ordu Üniversitesi,MAKALE,2013,karma,269,Ordu,DİĞER: ondalık kesirler,,"Yuvarlamada basamak değeri yanılgısı (0,7)","Öğrenciler basamak değeri ile ilgili yanılgıya bağlı olarak 0,62'ye en yakın değeri yanlış seçmişlerdir.","0,62'ye en yakın değer için '0,7' cevabı (44 öğrenci)","%16,3","Arastirmaci tarafindan Bell ve Baki (1997) teshis testinden yararlanilarak olusturulan 14 soruluk (22 madde) 'kavram yanilgilari testi'; uzman gorusu, madde ayirt edicilik >0,30, madde gucluk 0,35-0,85, KR-20 ic tutarlik 0,87 (basili s. 301-302)",Ondalik kesirlerde 'basamak' ve 'basamak degeri' kavramlari uzerinde durularak bu iki kavram arasindaki farkliliklarin vurgulanmasi (s. 331),YOK,1,3,s. 312,"Soru 7-b, Tablo 8. || Makale her soru icin yanilgi DUZEYINDE frekans/yuzde veriyor (belirli yanlis cevap kategorileri ayri satirlarda); bu K1'e uygun oran kaynagidir. n=269, olcum araci acikca tanimli -> oranli satirlarda guven=3. || lgs_kazanim_tahmini 5-6. sinif kazanimidir: ondalik gosterim LGS'nin sinandigi 8. sinif kazanimlari arasinda yer almaz, bu satir on kosul kazanimina baglanmistir.",M.5.1.5.3
MAKALE:10.14582/DUZGEF.520,"Yavuz Mumcu, Hayal",2015,Ordu Üniversitesi,MAKALE,2013,karma,269,Ordu,DİĞER: ondalık kesirler,,En yakın değer sorusunda virgülü görmezden gelme,"Öğrenciler virgülü görmezden gelerek 0,62'ye en yakın değer olarak iki basamaklı bir doğal sayı seçmişlerdir.","0,62'ye en yakın değer için '61' cevabı (39 öğrenci)","%14,4","Arastirmaci tarafindan Bell ve Baki (1997) teshis testinden yararlanilarak olusturulan 14 soruluk (22 madde) 'kavram yanilgilari testi'; uzman gorusu, madde ayirt edicilik >0,30, madde gucluk 0,35-0,85, KR-20 ic tutarlik 0,87 (basili s. 301-302)",Ondalik kesirler konusuna virgulun ne anlama geldigi noktasindan baslanmasi ve bu noktada surec boyunca durulmasi; virgulun kesir cizgisi ile karistirilmamasi icin ogretim ortamlarinda vurgu yapilmasi (s. 331),YOK,1,3,s. 312,"Soru 7-b, Tablo 8. || Makale her soru icin yanilgi DUZEYINDE frekans/yuzde veriyor (belirli yanlis cevap kategorileri ayri satirlarda); bu K1'e uygun oran kaynagidir. n=269, olcum araci acikca tanimli -> oranli satirlarda guven=3. || lgs_kazanim_tahmini 5-6. sinif kazanimidir: ondalik gosterim LGS'nin sinandigi 8. sinif kazanimlari arasinda yer almaz, bu satir on kosul kazanimina baglanmistir.",M.5.1.5.5
MAKALE:10.14582/DUZGEF.520,"Yavuz Mumcu, Hayal",2015,Ordu Üniversitesi,MAKALE,2013,karma,269,Ordu,DİĞER: ondalık kesirler,,Yuvarlamada basamak değeri yanılgısı (1),"Öğrenciler basamak değeri ile ilgili yanılgıya bağlı olarak 0,62'ye en yakın değer olarak 1'i seçmişlerdir.","0,62'ye en yakın değer için '1' cevabı (23 öğrenci)","%8,5","Arastirmaci tarafindan Bell ve Baki (1997) teshis testinden yararlanilarak olusturulan 14 soruluk (22 madde) 'kavram yanilgilari testi'; uzman gorusu, madde ayirt edicilik >0,30, madde gucluk 0,35-0,85, KR-20 ic tutarlik 0,87 (basili s. 301-302)",Ondalik kesirlerde 'basamak' ve 'basamak degeri' kavramlari uzerinde durularak bu iki kavram arasindaki farkliliklarin vurgulanmasi (s. 331),YOK,1,3,s. 312,"Soru 7-b, Tablo 8. || Makale her soru icin yanilgi DUZEYINDE frekans/yuzde veriyor (belirli yanlis cevap kategorileri ayri satirlarda); bu K1'e uygun oran kaynagidir. n=269, olcum araci acikca tanimli -> oranli satirlarda guven=3. || lgs_kazanim_tahmini 5-6. sinif kazanimidir: ondalik gosterim LGS'nin sinandigi 8. sinif kazanimlari arasinda yer almaz, bu satir on kosul kazanimina baglanmistir.",M.5.1.5.3
MAKALE:10.14582/DUZGEF.520,"Yavuz Mumcu, Hayal",2015,Ordu Üniversitesi,MAKALE,2013,karma,269,Ordu,DİĞER: ondalık kesirler,,İki ondalık kesir arasında sayı bulamama,"Öğrenciler 0,23 ile 0,24 arasına bir sayı yazamamış; ondalık sayıların yoğunluğu ile ilgili kavram yanılgılarına sahip oldukları anlaşılmaktadır.","0,23 ile 0,24 arasında bir sayı yazma sorusuna doğru cevap verememe",,"Arastirmaci tarafindan Bell ve Baki (1997) teshis testinden yararlanilarak olusturulan 14 soruluk (22 madde) 'kavram yanilgilari testi'; uzman gorusu, madde ayirt edicilik >0,30, madde gucluk 0,35-0,85, KR-20 ic tutarlik 0,87 (basili s. 301-302)",Ondalik kesirlerin sayi dogrusu uzerinde gosterimi uzerinde durularak farkli sayi araliklarinda (1 birimden buyuk / kucuk) gosterimlerin nasil farklilasacaginin nedenleriyle gosterilmesi (s. 331),YOK,1,1,s. 312,"Soru 8, Tablo 9. Tabloda yalniz 'Diger' (%60,2) ve cevapsiz (%30,1) kategorileri var; yanilgi duzeyinde ayrisma yok, K1 geregi oran bos ve guven=1. lgs_kazanim_tahmini YAKLASIK eslemedir: ondalik kesirlerin yogunlugu MEB 2018 6-8 programinda ayri bir kazanim degil; en yakin siralama kazanimina baglandi. || Makale her soru icin yanilgi DUZEYINDE frekans/yuzde veriyor (belirli yanlis cevap kategorileri ayri satirlarda); bu K1'e uygun oran kaynagidir. n=269, olcum araci acikca tanimli -> oranli satirlarda guven=3. || lgs_kazanim_tahmini 5-6. sinif kazanimidir: ondalik gosterim LGS'nin sinandigi 8. sinif kazanimlari arasinda yer almaz, bu satir on kosul kazanimina baglanmistir.",M.5.1.5.5
MAKALE:10.14582/DUZGEF.520,"Yavuz Mumcu, Hayal",2015,Ordu Üniversitesi,MAKALE,2013,karma,269,Ordu,DİĞER: ondalık kesirler,,Kesir-ondalık kesir kargaşası,Öğrenciler sayı doğrusunda okla gösterilen sayıyı ondalık kesir yerine kesir olarak ifade etmişlerdir.,3 ile 4 arası sayı doğrusu için '3/7' cevabı (4 öğrenci),"%1,4","Arastirmaci tarafindan Bell ve Baki (1997) teshis testinden yararlanilarak olusturulan 14 soruluk (22 madde) 'kavram yanilgilari testi'; uzman gorusu, madde ayirt edicilik >0,30, madde gucluk 0,35-0,85, KR-20 ic tutarlik 0,87 (basili s. 301-302)","Ondalik kesir kavraminin rasyonel sayilarla iliskili verilmesi, kesir-ondalik kesir iliskisinin vurgulanmasi; 1/10=1:10 esitliginin hesap makinesiyle somutlastirilmasi (s. 327-328, s. 331-332)",YOK,3,3,s. 313-314,"Soru 9-a, Tablo 10. Makale bunu 'kesir-ondalik kesir kargasasi' diye adlandiriyor. lemma_basamagi=3: makale kokeni 1/10=1:10 esitliginin mufredatta ancak 6. sinifta verilmesine bagliyor (s. 328). ORAN KUCUK: %1,4 = 4 ogrenci; guven=3 olcutu (oran + n>=100 + arac tanimli) saglaniyor ama bulgunun agirligi dusuk. || Makale her soru icin yanilgi DUZEYINDE frekans/yuzde veriyor (belirli yanlis cevap kategorileri ayri satirlarda); bu K1'e uygun oran kaynagidir. n=269, olcum araci acikca tanimli -> oranli satirlarda guven=3. || lgs_kazanim_tahmini 5-6. sinif kazanimidir: ondalik gosterim LGS'nin sinandigi 8. sinif kazanimlari arasinda yer almaz, bu satir on kosul kazanimina baglanmistir.",M.5.1.5.4
MAKALE:10.14582/DUZGEF.520,"Yavuz Mumcu, Hayal",2015,Ordu Üniversitesi,MAKALE,2013,karma,269,Ordu,DİĞER: ondalık kesirler,,Aralıkları saymaya yanlış yerden başlama,Öğrenciler sayı doğrusunda aralıkları saymaya yanlış yerden başladıkları için okla gösterilen sayıyı yanlış okumuşlardır.,"3 ile 4 arası sayı doğrusu için '3,8' veya '3,6' cevabı (13 öğrenci)","%4,8","Arastirmaci tarafindan Bell ve Baki (1997) teshis testinden yararlanilarak olusturulan 14 soruluk (22 madde) 'kavram yanilgilari testi'; uzman gorusu, madde ayirt edicilik >0,30, madde gucluk 0,35-0,85, KR-20 ic tutarlik 0,87 (basili s. 301-302)",Ondalik kesirlerin sayi dogrusu uzerinde gosterimi uzerinde durularak farkli sayi araliklarinda (1 birimden buyuk / kucuk) gosterimlerin nasil farklilasacaginin nedenleriyle gosterilmesi (s. 331),YOK,1,3,s. 313-314,"Soru 9-a, Tablo 10. Makale s. 320-321'de bunu ayri bir madde olarak tekrar veriyor. || Makale her soru icin yanilgi DUZEYINDE frekans/yuzde veriyor (belirli yanlis cevap kategorileri ayri satirlarda); bu K1'e uygun oran kaynagidir. n=269, olcum araci acikca tanimli -> oranli satirlarda guven=3. || lgs_kazanim_tahmini 5-6. sinif kazanimidir: ondalik gosterim LGS'nin sinandigi 8. sinif kazanimlari arasinda yer almaz, bu satir on kosul kazanimina baglanmistir.",M.5.1.5.5
MAKALE:10.14582/DUZGEF.520,"Yavuz Mumcu, Hayal",2015,Ordu Üniversitesi,MAKALE,2013,karma,269,Ordu,DİĞER: ondalık kesirler,,İki sayı arasındaki mesafeyi 1 birim sanma,"Öğrenciler sayı doğrusu üzerindeki herhangi iki sayı arasındaki mesafeyi her durumda 1 birim olarak kabul etmiş, 0,1 birimlik aralığı görememişlerdir.","1,2 ile 1,3 arası sayı doğrusu için '1,6' cevabı (39 öğrenci)","%14,4","Arastirmaci tarafindan Bell ve Baki (1997) teshis testinden yararlanilarak olusturulan 14 soruluk (22 madde) 'kavram yanilgilari testi'; uzman gorusu, madde ayirt edicilik >0,30, madde gucluk 0,35-0,85, KR-20 ic tutarlik 0,87 (basili s. 301-302)",Ondalik kesirlerin sayi dogrusu uzerinde gosterimi uzerinde durularak farkli sayi araliklarinda (1 birimden buyuk / kucuk) gosterimlerin nasil farklilasacaginin nedenleriyle gosterilmesi (s. 331),YOK,1,3,s. 313,"Soru 9-b, Tablo 10. Makale bunu s. 320 ve s. 322'de ayri bir sonuc maddesi olarak veriyor. || Makale her soru icin yanilgi DUZEYINDE frekans/yuzde veriyor (belirli yanlis cevap kategorileri ayri satirlarda); bu K1'e uygun oran kaynagidir. n=269, olcum araci acikca tanimli -> oranli satirlarda guven=3. || lgs_kazanim_tahmini 5-6. sinif kazanimidir: ondalik gosterim LGS'nin sinandigi 8. sinif kazanimlari arasinda yer almaz, bu satir on kosul kazanimina baglanmistir.",M.5.1.5.5
MAKALE:10.14582/DUZGEF.520,"Yavuz Mumcu, Hayal",2015,Ordu Üniversitesi,MAKALE,2013,karma,269,Ordu,DİĞER: ondalık kesirler,,Sayı doğrusundaki değeri tam sayılı kesirle yazma,Öğrenciler sayı doğrusunda okla gösterilen değeri ondalık kesir yerine tam sayılı kesir biçiminde ifade etmişlerdir.,"1,2 ile 1,3 arası sayı doğrusu için '1,2 4/10' veya '1,2 4/9' cevabı (16 öğrenci)","%5,9","Arastirmaci tarafindan Bell ve Baki (1997) teshis testinden yararlanilarak olusturulan 14 soruluk (22 madde) 'kavram yanilgilari testi'; uzman gorusu, madde ayirt edicilik >0,30, madde gucluk 0,35-0,85, KR-20 ic tutarlik 0,87 (basili s. 301-302)","Ondalik kesir kavraminin rasyonel sayilarla iliskili verilmesi, kesir-ondalik kesir iliskisinin vurgulanmasi; 1/10=1:10 esitliginin hesap makinesiyle somutlastirilmasi (s. 327-328, s. 331-332)",YOK,3,3,s. 313,"Soru 9-b, Tablo 10. || Makale her soru icin yanilgi DUZEYINDE frekans/yuzde veriyor (belirli yanlis cevap kategorileri ayri satirlarda); bu K1'e uygun oran kaynagidir. n=269, olcum araci acikca tanimli -> oranli satirlarda guven=3. || lgs_kazanim_tahmini 5-6. sinif kazanimidir: ondalik gosterim LGS'nin sinandigi 8. sinif kazanimlari arasinda yer almaz, bu satir on kosul kazanimina baglanmistir.",M.5.1.5.4
MAKALE:10.14582/DUZGEF.520,"Yavuz Mumcu, Hayal",2015,Ordu Üniversitesi,MAKALE,2013,karma,269,Ordu,DİĞER: ondalık kesirler,,Çarpma her zaman sayının değerini artırır,Öğrenciler çarpma işleminin her zaman sayının değerini artıracağı şeklinde bir yanılgıya sahiptirler.,"12 x 0,247 için 'sonuç 12'den büyüktür' seçeneği (111 öğrenci)","%41,2","Arastirmaci tarafindan Bell ve Baki (1997) teshis testinden yararlanilarak olusturulan 14 soruluk (22 madde) 'kavram yanilgilari testi'; uzman gorusu, madde ayirt edicilik >0,30, madde gucluk 0,35-0,85, KR-20 ic tutarlik 0,87 (basili s. 301-302)","Ondalik kesir kavraminin rasyonel sayilarla iliskili verilmesi, kesir-ondalik kesir iliskisinin vurgulanmasi; 1/10=1:10 esitliginin hesap makinesiyle somutlastirilmasi (s. 327-328, s. 331-332)",YOK,1,3,s. 314-315,"Soru 10, Tablo 11. K4: ayni yanilgi 2008 tarihli Yilmaz & Yenilmez calismasinda da goruldu (bu partinin 1. belgesi). || Makale her soru icin yanilgi DUZEYINDE frekans/yuzde veriyor (belirli yanlis cevap kategorileri ayri satirlarda); bu K1'e uygun oran kaynagidir. n=269, olcum araci acikca tanimli -> oranli satirlarda guven=3. || lgs_kazanim_tahmini 5-6. sinif kazanimidir: ondalik gosterim LGS'nin sinandigi 8. sinif kazanimlari arasinda yer almaz, bu satir on kosul kazanimina baglanmistir.",M.6.1.6.4
MAKALE:10.14582/DUZGEF.520,"Yavuz Mumcu, Hayal",2015,Ordu Üniversitesi,MAKALE,2013,karma,269,Ordu,DİĞER: ondalık kesirler,,Bölme her zaman sayının değerini azaltır,Öğrenciler bölme işleminin her zaman sayının değerini azaltacağı şeklinde bir yanılgıya sahiptirler.,"12 ÷ 0,247 için 'sonuç 12'den küçüktür' seçeneği (139 öğrenci)","%51,6","Arastirmaci tarafindan Bell ve Baki (1997) teshis testinden yararlanilarak olusturulan 14 soruluk (22 madde) 'kavram yanilgilari testi'; uzman gorusu, madde ayirt edicilik >0,30, madde gucluk 0,35-0,85, KR-20 ic tutarlik 0,87 (basili s. 301-302)","Ondalik kesir kavraminin rasyonel sayilarla iliskili verilmesi, kesir-ondalik kesir iliskisinin vurgulanmasi; 1/10=1:10 esitliginin hesap makinesiyle somutlastirilmasi (s. 327-328, s. 331-332)",YOK,1,3,s. 315,"Soru 11, Tablo 12. K4: ayni yanilgi bu partinin 1. belgesinde de goruldu. || Makale her soru icin yanilgi DUZEYINDE frekans/yuzde veriyor (belirli yanlis cevap kategorileri ayri satirlarda); bu K1'e uygun oran kaynagidir. n=269, olcum araci acikca tanimli -> oranli satirlarda guven=3. || lgs_kazanim_tahmini 5-6. sinif kazanimidir: ondalik gosterim LGS'nin sinandigi 8. sinif kazanimlari arasinda yer almaz, bu satir on kosul kazanimina baglanmistir.",M.6.1.6.5
MAKALE:10.14582/DUZGEF.520,"Yavuz Mumcu, Hayal",2015,Ordu Üniversitesi,MAKALE,2013,karma,269,Ordu,DİĞER: ondalık kesirler,,Ondalık kesri 0/4 biçiminde kesre çevirme,"Öğrenciler ondalık kesri kesre çevirirken virgülden önceki kısmı paya, virgülden sonraki kısmı paydaya yazmışlardır.","0,4 sayısı için '0/4' cevabı (18 öğrenci)","%6,6","Arastirmaci tarafindan Bell ve Baki (1997) teshis testinden yararlanilarak olusturulan 14 soruluk (22 madde) 'kavram yanilgilari testi'; uzman gorusu, madde ayirt edicilik >0,30, madde gucluk 0,35-0,85, KR-20 ic tutarlik 0,87 (basili s. 301-302)","Ondalik kesir kavraminin rasyonel sayilarla iliskili verilmesi, kesir-ondalik kesir iliskisinin vurgulanmasi; 1/10=1:10 esitliginin hesap makinesiyle somutlastirilmasi (s. 327-328, s. 331-332)",YOK,3,3,s. 316,"Soru 12, Tablo 13. Makale s. 319-320'de bu yanilgiyi ayri bir madde olarak topluyor. || Makale her soru icin yanilgi DUZEYINDE frekans/yuzde veriyor (belirli yanlis cevap kategorileri ayri satirlarda); bu K1'e uygun oran kaynagidir. n=269, olcum araci acikca tanimli -> oranli satirlarda guven=3. || lgs_kazanim_tahmini 5-6. sinif kazanimidir: ondalik gosterim LGS'nin sinandigi 8. sinif kazanimlari arasinda yer almaz, bu satir on kosul kazanimina baglanmistir.",M.5.1.5.4
MAKALE:10.14582/DUZGEF.520,"Yavuz Mumcu, Hayal",2015,Ordu Üniversitesi,MAKALE,2013,karma,269,Ordu,DİĞER: ondalık kesirler,,Ondalık kesri 4/0 biçiminde kesre çevirme,Öğrenciler ondalık kesri kesre çevirirken pay ve paydanın yerlerini değiştirmişlerdir.,"0,4 sayısı için '4/0' cevabı (1 öğrenci)","%0,3","Arastirmaci tarafindan Bell ve Baki (1997) teshis testinden yararlanilarak olusturulan 14 soruluk (22 madde) 'kavram yanilgilari testi'; uzman gorusu, madde ayirt edicilik >0,30, madde gucluk 0,35-0,85, KR-20 ic tutarlik 0,87 (basili s. 301-302)","Ondalik kesir kavraminin rasyonel sayilarla iliskili verilmesi, kesir-ondalik kesir iliskisinin vurgulanmasi; 1/10=1:10 esitliginin hesap makinesiyle somutlastirilmasi (s. 327-328, s. 331-332)",YOK,3,3,s. 316,"Soru 12, Tablo 13. ORAN COK KUCUK: %0,3 = 1 ogrenci. guven=3 olcutu saglaniyor ama bu satir tek bir ogrenciye dayaniyor - yayinda dipnotla verilmeli. || Makale her soru icin yanilgi DUZEYINDE frekans/yuzde veriyor (belirli yanlis cevap kategorileri ayri satirlarda); bu K1'e uygun oran kaynagidir. n=269, olcum araci acikca tanimli -> oranli satirlarda guven=3. || lgs_kazanim_tahmini 5-6. sinif kazanimidir: ondalik gosterim LGS'nin sinandigi 8. sinif kazanimlari arasinda yer almaz, bu satir on kosul kazanimina baglanmistir.",M.5.1.5.4
MAKALE:10.14582/DUZGEF.520,"Yavuz Mumcu, Hayal",2015,Ordu Üniversitesi,MAKALE,2013,karma,269,Ordu,DİĞER: ondalık kesirler,,Ondalık kesri 10/4 biçiminde kesre çevirme,Öğrenciler ondalık kesri kesre çevirirken kesir çizgisi ile virgüle aynı anlamı yükleyerek paydayı 10 yazmışlardır.,"0,4 sayısı için '10/4' cevabı (6 öğrenci)","%2,2","Arastirmaci tarafindan Bell ve Baki (1997) teshis testinden yararlanilarak olusturulan 14 soruluk (22 madde) 'kavram yanilgilari testi'; uzman gorusu, madde ayirt edicilik >0,30, madde gucluk 0,35-0,85, KR-20 ic tutarlik 0,87 (basili s. 301-302)","Ondalik kesir kavraminin rasyonel sayilarla iliskili verilmesi, kesir-ondalik kesir iliskisinin vurgulanmasi; 1/10=1:10 esitliginin hesap makinesiyle somutlastirilmasi (s. 327-328, s. 331-332)",YOK,3,3,s. 316,"Soru 12, Tablo 13. || Makale her soru icin yanilgi DUZEYINDE frekans/yuzde veriyor (belirli yanlis cevap kategorileri ayri satirlarda); bu K1'e uygun oran kaynagidir. n=269, olcum araci acikca tanimli -> oranli satirlarda guven=3. || lgs_kazanim_tahmini 5-6. sinif kazanimidir: ondalik gosterim LGS'nin sinandigi 8. sinif kazanimlari arasinda yer almaz, bu satir on kosul kazanimina baglanmistir.",M.5.1.5.4
MAKALE:10.14582/DUZGEF.520,"Yavuz Mumcu, Hayal",2015,Ordu Üniversitesi,MAKALE,2013,karma,269,Ordu,DİĞER: ondalık kesirler,,Aralığın yarısı üzerinden düşünme,Öğrenciler sayı doğrusundaki aralığın yarısı için soruyu ele alarak düşünmüş ve değeri yanlış adlandırmışlardır.,8 ile 9 arası sayı doğrusu için '8 3/5' cevabı (3 öğrenci),"%1,1","Arastirmaci tarafindan Bell ve Baki (1997) teshis testinden yararlanilarak olusturulan 14 soruluk (22 madde) 'kavram yanilgilari testi'; uzman gorusu, madde ayirt edicilik >0,30, madde gucluk 0,35-0,85, KR-20 ic tutarlik 0,87 (basili s. 301-302)",Ondalik kesirlerin sayi dogrusu uzerinde gosterimi uzerinde durularak farkli sayi araliklarinda (1 birimden buyuk / kucuk) gosterimlerin nasil farklilasacaginin nedenleriyle gosterilmesi (s. 331),YOK,1,3,s. 317,"Soru 13, Tablo 14. ORAN COK KUCUK: 3 ogrenci. || Makale her soru icin yanilgi DUZEYINDE frekans/yuzde veriyor (belirli yanlis cevap kategorileri ayri satirlarda); bu K1'e uygun oran kaynagidir. n=269, olcum araci acikca tanimli -> oranli satirlarda guven=3. || lgs_kazanim_tahmini 5-6. sinif kazanimidir: ondalik gosterim LGS'nin sinandigi 8. sinif kazanimlari arasinda yer almaz, bu satir on kosul kazanimina baglanmistir.",M.5.1.5.5
MAKALE:10.14582/DUZGEF.520,"Yavuz Mumcu, Hayal",2015,Ordu Üniversitesi,MAKALE,2013,karma,269,Ordu,DİĞER: ondalık kesirler,,Aralığın hangi sayılar arasında olduğunu dikkate almama,Öğrenciler sayı doğrusundaki aralığın hangi sayılar arasında olduğunu dikkate almayarak cevap vermişlerdir.,8 ile 9 arası sayı doğrusu için '8/10' cevabı (6 öğrenci),"%2,2","Arastirmaci tarafindan Bell ve Baki (1997) teshis testinden yararlanilarak olusturulan 14 soruluk (22 madde) 'kavram yanilgilari testi'; uzman gorusu, madde ayirt edicilik >0,30, madde gucluk 0,35-0,85, KR-20 ic tutarlik 0,87 (basili s. 301-302)",Ondalik kesirlerin sayi dogrusu uzerinde gosterimi uzerinde durularak farkli sayi araliklarinda (1 birimden buyuk / kucuk) gosterimlerin nasil farklilasacaginin nedenleriyle gosterilmesi (s. 331),YOK,1,3,s. 317,"Soru 13, Tablo 14. ORAN COK KUCUK: 6 ogrenci. || Makale her soru icin yanilgi DUZEYINDE frekans/yuzde veriyor (belirli yanlis cevap kategorileri ayri satirlarda); bu K1'e uygun oran kaynagidir. n=269, olcum araci acikca tanimli -> oranli satirlarda guven=3. || lgs_kazanim_tahmini 5-6. sinif kazanimidir: ondalik gosterim LGS'nin sinandigi 8. sinif kazanimlari arasinda yer almaz, bu satir on kosul kazanimina baglanmistir.",M.5.1.5.5
MAKALE:10.14582/DUZGEF.520,"Yavuz Mumcu, Hayal",2015,Ordu Üniversitesi,MAKALE,2013,karma,269,Ordu,DİĞER: ondalık kesirler,,Sayı doğrusunda yanlış yerden saymaya başlama,Öğrenciler aralıkları saymaya yanlış yerden başlayarak okla gösterilen sayıyı yanlış ifade etmişlerdir.,"8 ile 9 arası sayı doğrusu için '8,7' cevabı (6 öğrenci)","%2,2","Arastirmaci tarafindan Bell ve Baki (1997) teshis testinden yararlanilarak olusturulan 14 soruluk (22 madde) 'kavram yanilgilari testi'; uzman gorusu, madde ayirt edicilik >0,30, madde gucluk 0,35-0,85, KR-20 ic tutarlik 0,87 (basili s. 301-302)",Ondalik kesirlerin sayi dogrusu uzerinde gosterimi uzerinde durularak farkli sayi araliklarinda (1 birimden buyuk / kucuk) gosterimlerin nasil farklilasacaginin nedenleriyle gosterilmesi (s. 331),YOK,1,3,s. 317,"Soru 13, Tablo 14. K4: ayni yanilgi Soru 9-a'da da cikti (s. 313-314) - satirlar birlestirilmedi. || Makale her soru icin yanilgi DUZEYINDE frekans/yuzde veriyor (belirli yanlis cevap kategorileri ayri satirlarda); bu K1'e uygun oran kaynagidir. n=269, olcum araci acikca tanimli -> oranli satirlarda guven=3. || lgs_kazanim_tahmini 5-6. sinif kazanimidir: ondalik gosterim LGS'nin sinandigi 8. sinif kazanimlari arasinda yer almaz, bu satir on kosul kazanimina baglanmistir.",M.5.1.5.5
MAKALE:10.14582/DUZGEF.520,"Yavuz Mumcu, Hayal",2015,Ordu Üniversitesi,MAKALE,2013,karma,269,Ordu,DİĞER: ondalık kesirler,,Aralıkları yanlış sayıp tam sayılı kesirle yazma,Öğrenciler aralıkları saymaya yanlış yerden başlamış ve değeri tam sayılı kesir biçiminde ifade etmişlerdir.,8 ile 9 arası sayı doğrusu için '8 8/9' cevabı (5 öğrenci),"%1,8","Arastirmaci tarafindan Bell ve Baki (1997) teshis testinden yararlanilarak olusturulan 14 soruluk (22 madde) 'kavram yanilgilari testi'; uzman gorusu, madde ayirt edicilik >0,30, madde gucluk 0,35-0,85, KR-20 ic tutarlik 0,87 (basili s. 301-302)",Ondalik kesirlerin sayi dogrusu uzerinde gosterimi uzerinde durularak farkli sayi araliklarinda (1 birimden buyuk / kucuk) gosterimlerin nasil farklilasacaginin nedenleriyle gosterilmesi (s. 331),YOK,1,3,s. 317,"Soru 13, Tablo 14. ORAN COK KUCUK: 5 ogrenci. || Makale her soru icin yanilgi DUZEYINDE frekans/yuzde veriyor (belirli yanlis cevap kategorileri ayri satirlarda); bu K1'e uygun oran kaynagidir. n=269, olcum araci acikca tanimli -> oranli satirlarda guven=3. || lgs_kazanim_tahmini 5-6. sinif kazanimidir: ondalik gosterim LGS'nin sinandigi 8. sinif kazanimlari arasinda yer almaz, bu satir on kosul kazanimina baglanmistir.",M.5.1.5.5
MAKALE:10.14582/DUZGEF.520,"Yavuz Mumcu, Hayal",2015,Ordu Üniversitesi,MAKALE,2013,karma,269,Ordu,DİĞER: ondalık kesirler,,Kesir-ondalık kesir ilişkisini kuramama (8/8),Öğrenciler sayı doğrusundaki değeri ifade ederken kesir-ondalık kesir ilişkisini kuramamışlardır.,8 ile 9 arası sayı doğrusu için '8/8' cevabı (3 öğrenci),"%1,1","Arastirmaci tarafindan Bell ve Baki (1997) teshis testinden yararlanilarak olusturulan 14 soruluk (22 madde) 'kavram yanilgilari testi'; uzman gorusu, madde ayirt edicilik >0,30, madde gucluk 0,35-0,85, KR-20 ic tutarlik 0,87 (basili s. 301-302)","Ondalik kesir kavraminin rasyonel sayilarla iliskili verilmesi, kesir-ondalik kesir iliskisinin vurgulanmasi; 1/10=1:10 esitliginin hesap makinesiyle somutlastirilmasi (s. 327-328, s. 331-332)",YOK,3,3,s. 317,"Soru 13, Tablo 14. ORAN COK KUCUK: 3 ogrenci. || Makale her soru icin yanilgi DUZEYINDE frekans/yuzde veriyor (belirli yanlis cevap kategorileri ayri satirlarda); bu K1'e uygun oran kaynagidir. n=269, olcum araci acikca tanimli -> oranli satirlarda guven=3. || lgs_kazanim_tahmini 5-6. sinif kazanimidir: ondalik gosterim LGS'nin sinandigi 8. sinif kazanimlari arasinda yer almaz, bu satir on kosul kazanimina baglanmistir.",M.5.1.5.4
MAKALE:10.14582/DUZGEF.520,"Yavuz Mumcu, Hayal",2015,Ordu Üniversitesi,MAKALE,2013,karma,269,Ordu,DİĞER: ondalık kesirler,,"1/10 kesrini 1,1 olarak ondalığa çevirme","Öğrenciler 1/10 kesrini 1,1 olarak ondalık kesre çevirmiş ve toplamı buna göre bulmuşlardır.","2,4 + 1/10 için '3,5' veya '3,50' cevabı (14 öğrenci)","%5,2","Arastirmaci tarafindan Bell ve Baki (1997) teshis testinden yararlanilarak olusturulan 14 soruluk (22 madde) 'kavram yanilgilari testi'; uzman gorusu, madde ayirt edicilik >0,30, madde gucluk 0,35-0,85, KR-20 ic tutarlik 0,87 (basili s. 301-302)","Ondalik kesir kavraminin rasyonel sayilarla iliskili verilmesi, kesir-ondalik kesir iliskisinin vurgulanmasi; 1/10=1:10 esitliginin hesap makinesiyle somutlastirilmasi (s. 327-328, s. 331-332)",YOK,3,3,s. 317-318,"Soru 14, Tablo 15. || Makale her soru icin yanilgi DUZEYINDE frekans/yuzde veriyor (belirli yanlis cevap kategorileri ayri satirlarda); bu K1'e uygun oran kaynagidir. n=269, olcum araci acikca tanimli -> oranli satirlarda guven=3. || lgs_kazanim_tahmini 5-6. sinif kazanimidir: ondalik gosterim LGS'nin sinandigi 8. sinif kazanimlari arasinda yer almaz, bu satir on kosul kazanimina baglanmistir.",M.5.1.5.4
MAKALE:10.14582/DUZGEF.520,"Yavuz Mumcu, Hayal",2015,Ordu Üniversitesi,MAKALE,2013,karma,269,Ordu,DİĞER: ondalık kesirler,,"Payı tam kısımla, paydayı ondalık kısımla toplama","Öğrenciler kesrin payı ile ondalık kesrin tam kısmını, kesrin paydası ile ondalık kesrin ondalık kısmını kendi arasında toplamışlardır.","2,4 + 1/10 için '3,14' cevabı (23 öğrenci)","%8,5","Arastirmaci tarafindan Bell ve Baki (1997) teshis testinden yararlanilarak olusturulan 14 soruluk (22 madde) 'kavram yanilgilari testi'; uzman gorusu, madde ayirt edicilik >0,30, madde gucluk 0,35-0,85, KR-20 ic tutarlik 0,87 (basili s. 301-302)","Ondalik kesir kavraminin rasyonel sayilarla iliskili verilmesi, kesir-ondalik kesir iliskisinin vurgulanmasi; 1/10=1:10 esitliginin hesap makinesiyle somutlastirilmasi (s. 327-328, s. 331-332)",YOK,3,3,s. 317-318,"Soru 14, Tablo 15. || Makale her soru icin yanilgi DUZEYINDE frekans/yuzde veriyor (belirli yanlis cevap kategorileri ayri satirlarda); bu K1'e uygun oran kaynagidir. n=269, olcum araci acikca tanimli -> oranli satirlarda guven=3. || lgs_kazanim_tahmini 5-6. sinif kazanimidir: ondalik gosterim LGS'nin sinandigi 8. sinif kazanimlari arasinda yer almaz, bu satir on kosul kazanimina baglanmistir.",M.5.1.5.4
MAKALE:10.14582/DUZGEF.520,"Yavuz Mumcu, Hayal",2015,Ordu Üniversitesi,MAKALE,2013,karma,269,Ordu,DİĞER: ondalık kesirler,,Ondalık kesri 2/4 olarak kesre çevirme,"Öğrenciler 2,4 ondalık kesrini 2/4 olarak kesre çevirmiş ve işlemi bu kesirle yapmışlardır.","2,4 + 1/10 için '24/40' cevabı (3 öğrenci)","%1,1","Arastirmaci tarafindan Bell ve Baki (1997) teshis testinden yararlanilarak olusturulan 14 soruluk (22 madde) 'kavram yanilgilari testi'; uzman gorusu, madde ayirt edicilik >0,30, madde gucluk 0,35-0,85, KR-20 ic tutarlik 0,87 (basili s. 301-302)","Ondalik kesir kavraminin rasyonel sayilarla iliskili verilmesi, kesir-ondalik kesir iliskisinin vurgulanmasi; 1/10=1:10 esitliginin hesap makinesiyle somutlastirilmasi (s. 327-328, s. 331-332)",YOK,3,3,s. 317-318,"Soru 14, Tablo 15. ORAN COK KUCUK: 3 ogrenci. || Makale her soru icin yanilgi DUZEYINDE frekans/yuzde veriyor (belirli yanlis cevap kategorileri ayri satirlarda); bu K1'e uygun oran kaynagidir. n=269, olcum araci acikca tanimli -> oranli satirlarda guven=3. || lgs_kazanim_tahmini 5-6. sinif kazanimidir: ondalik gosterim LGS'nin sinandigi 8. sinif kazanimlari arasinda yer almaz, bu satir on kosul kazanimina baglanmistir.",M.5.1.5.4
MAKALE:10.14582/DUZGEF.520,"Yavuz Mumcu, Hayal",2015,Ordu Üniversitesi,MAKALE,2013,karma,269,Ordu,DİĞER: ondalık kesirler,,Kesir ekleme işlemini basamak gözetmeden yapma,"Öğrenciler ondalık kesre kesir eklerken basamakları gözetmeden işlem yapmış, kesir-ondalık kesir ilişkisini kuramamışlardır.","2,4 + 1/10 için '2,14' veya '3,4' cevabı (9 öğrenci)","%3,3","Arastirmaci tarafindan Bell ve Baki (1997) teshis testinden yararlanilarak olusturulan 14 soruluk (22 madde) 'kavram yanilgilari testi'; uzman gorusu, madde ayirt edicilik >0,30, madde gucluk 0,35-0,85, KR-20 ic tutarlik 0,87 (basili s. 301-302)","Ondalik kesir kavraminin rasyonel sayilarla iliskili verilmesi, kesir-ondalik kesir iliskisinin vurgulanmasi; 1/10=1:10 esitliginin hesap makinesiyle somutlastirilmasi (s. 327-328, s. 331-332)",YOK,3,3,s. 318,"Soru 14, Tablo 15. Makale bu cevaplari 'benzer yanilgilardan kaynaklanan yanlis cevaplar' sayiyor. Ayrica ayni tabloda 5 ogrencinin verdigi '2,64' cevabinin kavram yanilgisi DEGIL soruyu yanlis anlamaktan kaynaklandigi tespit edilmis - K2 geregi o cevap icin satir acilmadi. || Makale her soru icin yanilgi DUZEYINDE frekans/yuzde veriyor (belirli yanlis cevap kategorileri ayri satirlarda); bu K1'e uygun oran kaynagidir. n=269, olcum araci acikca tanimli -> oranli satirlarda guven=3. || lgs_kazanim_tahmini 5-6. sinif kazanimidir: ondalik gosterim LGS'nin sinandigi 8. sinif kazanimlari arasinda yer almaz, bu satir on kosul kazanimina baglanmistir.",M.5.1.5.4
MAKALE:GEBD-3-1-2017,"Gerez Cantimer, Gülşah; Şengül, Sare",2017,Marmara Üniversitesi,MAKALE,2013,7,29,Sakarya,DİĞER: çember,,Çemberin içi doludur,Öğrenci çemberi içi dolu bir şekil sayıyor ve çembere daire örnekleri veriyor; çember ile daireyi ayırt edemiyor.,"Aysu: ""İçi dolu olan şekildir. Günlük hayatımızda top, tabak, yatak vb. eşyalar.""",,"Arastirmacilar tarafindan gelistirilen 10 acik uclu soruluk 'cember kavram testi'; uc matematik egitimi uzmanindan kapsam gecerligi gorusu, 8 ogrenciyle deneme calismasi, Miles-Huberman kodlayici tutarliligi %85 (basili s. 20)","Kavramin adini ve tanimini bilmenin otesinde kavramlar arasindaki gecisleri ve iliskileri gorebilmek kavram bilgisini olusturdugundan, ogretmenlerin uygun arac ve etkinliklerle kavram yanilgilarini gidermesi (s. 25)",YOK,1,1,s. 22,"tez_id: makalede DOI yok; dergi kisaltmasi + cilt-sayi-yil kalibi kullanildi (Gazi Egitim Bilimleri Dergisi 3(1), 2017, s. 17-27). OFSET DAYANAGI: PDF sayfalarinda basili sayfa numarasi YOK; ofset (+16) yalnizca 1. sayfadaki 'Cilt.3; Sayi.1; 2017; 17~27' kunye satirindan cikarildi. universite: 2. yazarin kurumu (Marmara U.); 1. yazar MEB matematik ogretmeni (Dr.). mufredat_donemi=2013: makale uygulamanin hangi ogretim yilinda yapildigini YAZMIYOR. Ancak makale 2017'de yayimlanmistir; 2018 programi o tarihte henuz yururlukte olmadigi icin uygulama zorunlu olarak 2013 ortaokul matematik programi doneminde yapilmistir. Bu bir tahmin degil, yayin tarihinin zorunlu sonucudur; tam ogretim yili yine de bilinmiyor. KAPSAM NOTU: kiris, kesen, teget ve cevre aci kavramlari MEB 2018 6-8 programinda YOK; bu satirlar 2013 programi kapsamindaki icerige aittir ve envanterin kapsam sinirini gosterir. || 1. soru (cember tanimi ve ornekler). Makale: 'Verilen yanlis cevaplarda cember kavraminin daire ile karistirildigi gorulmustur' (s. 24). || Makalenin Tablo 1 ve Tablo 2'si soru bazli 'dogru / kabul edilebilir / yanlis / bos' frekansi veriyor; tartisma bolumundeki yuzdeler de 'tam olarak dogru cevaplayamayan' toplamidir. Ikisi de yanilgi duzeyinde oran DEGILDIR, K1 geregi gorulme_orani bos ve K5 geregi guven=1. Ayrica n kucuk (7. sinif 29, 8. sinif 33) - zaten guven=3 olamazdi. || lgs_kazanim_tahmini: kazanim-listesi.txt'de dogrulandi.",M.6.3.3.1
MAKALE:GEBD-3-1-2017,"Gerez Cantimer, Gülşah; Şengül, Sare",2017,Marmara Üniversitesi,MAKALE,2013,7,29,Sakarya,DİĞER: çember,,"Çap, çemberin tüm yayının uzunluğudur","Öğrenci çapı bir doğru parçası olarak değil, çemberin tamamının uzunluğu olarak tanımlıyor.","Songül: ""Merkez çemberin içinde kalır. Yarıçap çemberin üstündedir. Çap ise çemberin tüm yayının uzunluğudur.""",,"Arastirmacilar tarafindan gelistirilen 10 acik uclu soruluk 'cember kavram testi'; uc matematik egitimi uzmanindan kapsam gecerligi gorusu, 8 ogrenciyle deneme calismasi, Miles-Huberman kodlayici tutarliligi %85 (basili s. 20)","Kavramin adini ve tanimini bilmenin otesinde kavramlar arasindaki gecisleri ve iliskileri gorebilmek kavram bilgisini olusturdugundan, ogretmenlerin uygun arac ve etkinliklerle kavram yanilgilarini gidermesi (s. 25)",YOK,1,1,s. 22,"2. soru (merkez, yaricap, cap tanimi ve sembolle gosterim). Ayni alintida yaricap tanimi da hatali - ayri satir acildi. || Makalenin Tablo 1 ve Tablo 2'si soru bazli 'dogru / kabul edilebilir / yanlis / bos' frekansi veriyor; tartisma bolumundeki yuzdeler de 'tam olarak dogru cevaplayamayan' toplamidir. Ikisi de yanilgi duzeyinde oran DEGILDIR, K1 geregi gorulme_orani bos ve K5 geregi guven=1. Ayrica n kucuk (7. sinif 29, 8. sinif 33) - zaten guven=3 olamazdi. || lgs_kazanim_tahmini: kazanim-listesi.txt'de dogrulandi.",M.6.3.3.1
MAKALE:GEBD-3-1-2017,"Gerez Cantimer, Gülşah; Şengül, Sare",2017,Marmara Üniversitesi,MAKALE,2013,7,29,Sakarya,DİĞER: çember,,Yarıçap çemberin üstündedir,"Öğrenci yarıçapı merkezden çember üzerindeki bir noktaya giden doğru parçası olarak değil, çemberin üzerinde duran bir şey olarak tarif ediyor.","Songül: ""Merkez çemberin içinde kalır. Yarıçap çemberin üstündedir.""",,"Arastirmacilar tarafindan gelistirilen 10 acik uclu soruluk 'cember kavram testi'; uc matematik egitimi uzmanindan kapsam gecerligi gorusu, 8 ogrenciyle deneme calismasi, Miles-Huberman kodlayici tutarliligi %85 (basili s. 20)","Kavramin adini ve tanimini bilmenin otesinde kavramlar arasindaki gecisleri ve iliskileri gorebilmek kavram bilgisini olusturdugundan, ogretmenlerin uygun arac ve etkinliklerle kavram yanilgilarini gidermesi (s. 25)",YOK,1,1,s. 22,"2. soru. Makale 7. sinifta 'tanimi dogru yapamamis, fakat kavramlari cizim uzerinde dogru yerlestirmis' oruntusunu vurguluyor: cizim dogru, tanim hatali. || Makalenin Tablo 1 ve Tablo 2'si soru bazli 'dogru / kabul edilebilir / yanlis / bos' frekansi veriyor; tartisma bolumundeki yuzdeler de 'tam olarak dogru cevaplayamayan' toplamidir. Ikisi de yanilgi duzeyinde oran DEGILDIR, K1 geregi gorulme_orani bos ve K5 geregi guven=1. Ayrica n kucuk (7. sinif 29, 8. sinif 33) - zaten guven=3 olamazdi. || lgs_kazanim_tahmini: kazanim-listesi.txt'de dogrulandi.",M.6.3.3.1
MAKALE:GEBD-3-1-2017,"Gerez Cantimer, Gülşah; Şengül, Sare",2017,Marmara Üniversitesi,MAKALE,2013,7,29,Sakarya,DİĞER: çember,,Dairenin köşeleri vardır,Öğrenci çember ile daire arasındaki farkı doğru sezse de gerekçesini yanlış kuruyor; daireye köşe atfediyor.,"Mine: ""Çemberin içi boştur, ama dairenin içi doludur. Çünkü dairenin köşeleri vardır, ama çemberin yoktur.""",,"Arastirmacilar tarafindan gelistirilen 10 acik uclu soruluk 'cember kavram testi'; uc matematik egitimi uzmanindan kapsam gecerligi gorusu, 8 ogrenciyle deneme calismasi, Miles-Huberman kodlayici tutarliligi %85 (basili s. 20)","Kavramin adini ve tanimini bilmenin otesinde kavramlar arasindaki gecisleri ve iliskileri gorebilmek kavram bilgisini olusturdugundan, ogretmenlerin uygun arac ve etkinliklerle kavram yanilgilarini gidermesi (s. 25)",YOK,1,1,s. 22,"3. soru (cember ve daire arasindaki iliskinin nedeni). Makale: 7. siniflar 'sekille ifadeyi dogru gostermis, fakat yazili olarak hatali aciklamada bulunmustur'. || Makalenin Tablo 1 ve Tablo 2'si soru bazli 'dogru / kabul edilebilir / yanlis / bos' frekansi veriyor; tartisma bolumundeki yuzdeler de 'tam olarak dogru cevaplayamayan' toplamidir. Ikisi de yanilgi duzeyinde oran DEGILDIR, K1 geregi gorulme_orani bos ve K5 geregi guven=1. Ayrica n kucuk (7. sinif 29, 8. sinif 33) - zaten guven=3 olamazdi. || lgs_kazanim_tahmini: kazanim-listesi.txt'de dogrulandi.",M.6.3.3.1
MAKALE:GEBD-3-1-2017,"Gerez Cantimer, Gülşah; Şengül, Sare",2017,Marmara Üniversitesi,MAKALE,2013,7,29,Sakarya,DİĞER: çember,,"Çember dolu, daire boştur (ters ilişki)",Öğrenci çember ile daire arasındaki dolu-boş ilişkisini tam ters kuruyor.,"Umut: ""Çember içi doludur. Daire ise içi boştur.""",,"Arastirmacilar tarafindan gelistirilen 10 acik uclu soruluk 'cember kavram testi'; uc matematik egitimi uzmanindan kapsam gecerligi gorusu, 8 ogrenciyle deneme calismasi, Miles-Huberman kodlayici tutarliligi %85 (basili s. 20)","Kavramin adini ve tanimini bilmenin otesinde kavramlar arasindaki gecisleri ve iliskileri gorebilmek kavram bilgisini olusturdugundan, ogretmenlerin uygun arac ve etkinliklerle kavram yanilgilarini gidermesi (s. 25)",YOK,1,1,s. 22,"3. soru. || Makalenin Tablo 1 ve Tablo 2'si soru bazli 'dogru / kabul edilebilir / yanlis / bos' frekansi veriyor; tartisma bolumundeki yuzdeler de 'tam olarak dogru cevaplayamayan' toplamidir. Ikisi de yanilgi duzeyinde oran DEGILDIR, K1 geregi gorulme_orani bos ve K5 geregi guven=1. Ayrica n kucuk (7. sinif 29, 8. sinif 33) - zaten guven=3 olamazdi. || lgs_kazanim_tahmini: kazanim-listesi.txt'de dogrulandi.",M.6.3.3.1
MAKALE:GEBD-3-1-2017,"Gerez Cantimer, Gülşah; Şengül, Sare",2017,Marmara Üniversitesi,MAKALE,2013,7,29,Sakarya,DİĞER: çember,,"Kiriş, iki doğrunun kestiği iç bölgedir","Öğrenci kirişi bir doğru parçası olarak değil, iki doğrunun çemberi kesmesiyle oluşan iç bölge olarak tanımlıyor.","Leyla: ""Kiriş, çemberi iki doğru kestikten sonra iç tarafta kalanıdır.""",,"Arastirmacilar tarafindan gelistirilen 10 acik uclu soruluk 'cember kavram testi'; uc matematik egitimi uzmanindan kapsam gecerligi gorusu, 8 ogrenciyle deneme calismasi, Miles-Huberman kodlayici tutarliligi %85 (basili s. 20)","Kavramin adini ve tanimini bilmenin otesinde kavramlar arasindaki gecisleri ve iliskileri gorebilmek kavram bilgisini olusturdugundan, ogretmenlerin uygun arac ve etkinliklerle kavram yanilgilarini gidermesi (s. 25)",YOK,1,1,s. 23,"8. soru (kiris tanimi). Makale bu ogrencilerin hatali cizimlerini Sekil 1'de veriyor. lgs_kazanim_tahmini BOS: bu kavram MEB 2018 6-8 matematik programinda (kazanim-listesi.txt, 215 kod) yer almiyor - arandi, karsiligi yok. || Makalenin Tablo 1 ve Tablo 2'si soru bazli 'dogru / kabul edilebilir / yanlis / bos' frekansi veriyor; tartisma bolumundeki yuzdeler de 'tam olarak dogru cevaplayamayan' toplamidir. Ikisi de yanilgi duzeyinde oran DEGILDIR, K1 geregi gorulme_orani bos ve K5 geregi guven=1. Ayrica n kucuk (7. sinif 29, 8. sinif 33) - zaten guven=3 olamazdi.",
MAKALE:GEBD-3-1-2017,"Gerez Cantimer, Gülşah; Şengül, Sare",2017,Marmara Üniversitesi,MAKALE,2013,7,29,Sakarya,DİĞER: çember,,"Kesen, çemberi bir noktadan kesen doğrudur","Öğrenci keseni çemberi iki noktada kesen doğru yerine, en az bir noktada kesen doğru olarak tanımlıyor; keseni teğetten ayıramıyor.","Murat: ""Kesen, bir noktayı en az bir yerinden kesen doğrudur.""",,"Arastirmacilar tarafindan gelistirilen 10 acik uclu soruluk 'cember kavram testi'; uc matematik egitimi uzmanindan kapsam gecerligi gorusu, 8 ogrenciyle deneme calismasi, Miles-Huberman kodlayici tutarliligi %85 (basili s. 20)","Kavramin adini ve tanimini bilmenin otesinde kavramlar arasindaki gecisleri ve iliskileri gorebilmek kavram bilgisini olusturdugundan, ogretmenlerin uygun arac ve etkinliklerle kavram yanilgilarini gidermesi (s. 25)",YOK,1,1,s. 23,"8. soru (kesen tanimi). lgs_kazanim_tahmini BOS: bu kavram MEB 2018 6-8 matematik programinda (kazanim-listesi.txt, 215 kod) yer almiyor - arandi, karsiligi yok. || Makalenin Tablo 1 ve Tablo 2'si soru bazli 'dogru / kabul edilebilir / yanlis / bos' frekansi veriyor; tartisma bolumundeki yuzdeler de 'tam olarak dogru cevaplayamayan' toplamidir. Ikisi de yanilgi duzeyinde oran DEGILDIR, K1 geregi gorulme_orani bos ve K5 geregi guven=1. Ayrica n kucuk (7. sinif 29, 8. sinif 33) - zaten guven=3 olamazdi.",
MAKALE:GEBD-3-1-2017,"Gerez Cantimer, Gülşah; Şengül, Sare",2017,Marmara Üniversitesi,MAKALE,2013,7,29,Sakarya,DİĞER: çember,,"Teğet, çemberi iki noktada kesen doğrudur",Öğrenci teğet ile keseni yer değiştiriyor; teğeti çembere tek noktada değen doğru yerine iki noktasını kesen doğru sayıyor.,"Aysu: ""Çemberin iki noktasını kesen doğruya teğet denir.""",,"Arastirmacilar tarafindan gelistirilen 10 acik uclu soruluk 'cember kavram testi'; uc matematik egitimi uzmanindan kapsam gecerligi gorusu, 8 ogrenciyle deneme calismasi, Miles-Huberman kodlayici tutarliligi %85 (basili s. 20)","Kavramin adini ve tanimini bilmenin otesinde kavramlar arasindaki gecisleri ve iliskileri gorebilmek kavram bilgisini olusturdugundan, ogretmenlerin uygun arac ve etkinliklerle kavram yanilgilarini gidermesi (s. 25)",YOK,1,1,s. 23,"8. soru (teget tanimi). lgs_kazanim_tahmini BOS: bu kavram MEB 2018 6-8 matematik programinda (kazanim-listesi.txt, 215 kod) yer almiyor - arandi, karsiligi yok. || Makalenin Tablo 1 ve Tablo 2'si soru bazli 'dogru / kabul edilebilir / yanlis / bos' frekansi veriyor; tartisma bolumundeki yuzdeler de 'tam olarak dogru cevaplayamayan' toplamidir. Ikisi de yanilgi duzeyinde oran DEGILDIR, K1 geregi gorulme_orani bos ve K5 geregi guven=1. Ayrica n kucuk (7. sinif 29, 8. sinif 33) - zaten guven=3 olamazdi.",
MAKALE:GEBD-3-1-2017,"Gerez Cantimer, Gülşah; Şengül, Sare",2017,Marmara Üniversitesi,MAKALE,2013,7,29,Sakarya,DİĞER: çember,,"Merkez açı, aynı yayı gören açıdır","Öğrenci merkez açıyı köşesi merkezde olan açı olarak değil, 'aynı yayı gören açı' olarak tanımlıyor; merkez açı ile çevre açıyı ayıramıyor.","Ömer: ""Aynı yayı gören merkez açıdır.""",,"Arastirmacilar tarafindan gelistirilen 10 acik uclu soruluk 'cember kavram testi'; uc matematik egitimi uzmanindan kapsam gecerligi gorusu, 8 ogrenciyle deneme calismasi, Miles-Huberman kodlayici tutarliligi %85 (basili s. 20)","Kavramin adini ve tanimini bilmenin otesinde kavramlar arasindaki gecisleri ve iliskileri gorebilmek kavram bilgisini olusturdugundan, ogretmenlerin uygun arac ve etkinliklerle kavram yanilgilarini gidermesi (s. 25)",YOK,1,1,s. 23,"8. soru (merkez aci tanimi). || Makalenin Tablo 1 ve Tablo 2'si soru bazli 'dogru / kabul edilebilir / yanlis / bos' frekansi veriyor; tartisma bolumundeki yuzdeler de 'tam olarak dogru cevaplayamayan' toplamidir. Ikisi de yanilgi duzeyinde oran DEGILDIR, K1 geregi gorulme_orani bos ve K5 geregi guven=1. Ayrica n kucuk (7. sinif 29, 8. sinif 33) - zaten guven=3 olamazdi. || lgs_kazanim_tahmini: kazanim-listesi.txt'de dogrulandi.",M.7.3.3.1
MAKALE:GEBD-3-1-2017,"Gerez Cantimer, Gülşah; Şengül, Sare",2017,Marmara Üniversitesi,MAKALE,2013,7,29,Sakarya,DİĞER: çember,,Çevre açının köşesi merkezdedir,"Öğrenci çevre açıyı köşesi çember üzerinde olan açı yerine, köşesi merkezde olan açı olarak tanımlıyor; merkez açı ile çevre açıyı takas ediyor.","Özge: ""Çevre açı, köşesi çemberin merkezinde olan açıdır.""",,"Arastirmacilar tarafindan gelistirilen 10 acik uclu soruluk 'cember kavram testi'; uc matematik egitimi uzmanindan kapsam gecerligi gorusu, 8 ogrenciyle deneme calismasi, Miles-Huberman kodlayici tutarliligi %85 (basili s. 20)","Kavramin adini ve tanimini bilmenin otesinde kavramlar arasindaki gecisleri ve iliskileri gorebilmek kavram bilgisini olusturdugundan, ogretmenlerin uygun arac ve etkinliklerle kavram yanilgilarini gidermesi (s. 25)",YOK,1,1,s. 23,"8. soru (cevre aci tanimi). K4: ayni takas 8. sinifta Simge'nin cevabinda da goruldu (s. 23) - satirlar birlestirilmedi. lgs_kazanim_tahmini BOS: bu kavram MEB 2018 6-8 matematik programinda (kazanim-listesi.txt, 215 kod) yer almiyor - arandi, karsiligi yok. || Makalenin Tablo 1 ve Tablo 2'si soru bazli 'dogru / kabul edilebilir / yanlis / bos' frekansi veriyor; tartisma bolumundeki yuzdeler de 'tam olarak dogru cevaplayamayan' toplamidir. Ikisi de yanilgi duzeyinde oran DEGILDIR, K1 geregi gorulme_orani bos ve K5 geregi guven=1. Ayrica n kucuk (7. sinif 29, 8. sinif 33) - zaten guven=3 olamazdi.",
MAKALE:GEBD-3-1-2017,"Gerez Cantimer, Gülşah; Şengül, Sare",2017,Marmara Üniversitesi,MAKALE,2013,7,29,Sakarya,DİĞER: çember,,"Minör yay kalın, majör yay ince yaydır","Öğrenci minör ve majör yayı uzunluklarına göre değil, çizimdeki kalınlıklarına göre ayırıyor.","Utku: ""Minör yay kalın yay ve majör yay ince yaydır.""",,"Arastirmacilar tarafindan gelistirilen 10 acik uclu soruluk 'cember kavram testi'; uc matematik egitimi uzmanindan kapsam gecerligi gorusu, 8 ogrenciyle deneme calismasi, Miles-Huberman kodlayici tutarliligi %85 (basili s. 20)","Kavramin adini ve tanimini bilmenin otesinde kavramlar arasindaki gecisleri ve iliskileri gorebilmek kavram bilgisini olusturdugundan, ogretmenlerin uygun arac ve etkinliklerle kavram yanilgilarini gidermesi (s. 25)",YOK,1,1,s. 23,"8. soru (minor ve major yay tanimi). lgs_kazanim_tahmini BOS: bu kavram MEB 2018 6-8 matematik programinda (kazanim-listesi.txt, 215 kod) yer almiyor - arandi, karsiligi yok. || Makalenin Tablo 1 ve Tablo 2'si soru bazli 'dogru / kabul edilebilir / yanlis / bos' frekansi veriyor; tartisma bolumundeki yuzdeler de 'tam olarak dogru cevaplayamayan' toplamidir. Ikisi de yanilgi duzeyinde oran DEGILDIR, K1 geregi gorulme_orani bos ve K5 geregi guven=1. Ayrica n kucuk (7. sinif 29, 8. sinif 33) - zaten guven=3 olamazdi.",
MAKALE:GEBD-3-1-2017,"Gerez Cantimer, Gülşah; Şengül, Sare",2017,Marmara Üniversitesi,MAKALE,2013,8,33,Sakarya,DİĞER: çember,,Çember bir cisimdir,"Öğrenci çemberi düzlemsel bir eğri olarak değil, üç boyutlu bir cisim olarak tanımlıyor.","Ali: ""Çember merkezi olan yuvarlak bir cisimdir. Kirişleri, çapı ve yarıçapları vardır.""",,"Arastirmacilar tarafindan gelistirilen 10 acik uclu soruluk 'cember kavram testi'; uc matematik egitimi uzmanindan kapsam gecerligi gorusu, 8 ogrenciyle deneme calismasi, Miles-Huberman kodlayici tutarliligi %85 (basili s. 20)","Kavramin adini ve tanimini bilmenin otesinde kavramlar arasindaki gecisleri ve iliskileri gorebilmek kavram bilgisini olusturdugundan, ogretmenlerin uygun arac ve etkinliklerle kavram yanilgilarini gidermesi (s. 25)",YOK,1,1,s. 22,"1. soru. Makale bunu 'eksik tanim' diye niteliyor. || Makalenin Tablo 1 ve Tablo 2'si soru bazli 'dogru / kabul edilebilir / yanlis / bos' frekansi veriyor; tartisma bolumundeki yuzdeler de 'tam olarak dogru cevaplayamayan' toplamidir. Ikisi de yanilgi duzeyinde oran DEGILDIR, K1 geregi gorulme_orani bos ve K5 geregi guven=1. Ayrica n kucuk (7. sinif 29, 8. sinif 33) - zaten guven=3 olamazdi. || lgs_kazanim_tahmini: kazanim-listesi.txt'de dogrulandi.",M.6.3.3.1
MAKALE:GEBD-3-1-2017,"Gerez Cantimer, Gülşah; Şengül, Sare",2017,Marmara Üniversitesi,MAKALE,2013,8,33,Sakarya,DİĞER: çember,,Çember yuvarlak ve içi doludur,Öğrenci çemberi içi dolu kabul ediyor ve buna uygun olarak dolu nesnelerden örnek veriyor.,"Elif: ""Çember yuvarlak ve içi doludur. Tekerlek ve çanak gibi.""",,"Arastirmacilar tarafindan gelistirilen 10 acik uclu soruluk 'cember kavram testi'; uc matematik egitimi uzmanindan kapsam gecerligi gorusu, 8 ogrenciyle deneme calismasi, Miles-Huberman kodlayici tutarliligi %85 (basili s. 20)","Kavramin adini ve tanimini bilmenin otesinde kavramlar arasindaki gecisleri ve iliskileri gorebilmek kavram bilgisini olusturdugundan, ogretmenlerin uygun arac ve etkinliklerle kavram yanilgilarini gidermesi (s. 25)",YOK,1,1,s. 22,"1. soru. K4: ayni yanilgi 7. sinifta Aysu'nun cevabinda da goruldu (s. 22) - satirlar birlestirilmedi. || Makalenin Tablo 1 ve Tablo 2'si soru bazli 'dogru / kabul edilebilir / yanlis / bos' frekansi veriyor; tartisma bolumundeki yuzdeler de 'tam olarak dogru cevaplayamayan' toplamidir. Ikisi de yanilgi duzeyinde oran DEGILDIR, K1 geregi gorulme_orani bos ve K5 geregi guven=1. Ayrica n kucuk (7. sinif 29, 8. sinif 33) - zaten guven=3 olamazdi. || lgs_kazanim_tahmini: kazanim-listesi.txt'de dogrulandi.",M.6.3.3.1
MAKALE:GEBD-3-1-2017,"Gerez Cantimer, Gülşah; Şengül, Sare",2017,Marmara Üniversitesi,MAKALE,2013,8,33,Sakarya,DİĞER: çember,,"Daire boş, çember doludur (ters ilişki)",Öğrenci daire ile çemberin dolu-boş ilişkisini ters kuruyor ve buna göre yanlış örnekler veriyor.,"Yakup: ""Daire içi boş olan, çember içi dolu olan yuvarlak nesnelere denir. Saat ve para çember, tahta dairedir.""",,"Arastirmacilar tarafindan gelistirilen 10 acik uclu soruluk 'cember kavram testi'; uc matematik egitimi uzmanindan kapsam gecerligi gorusu, 8 ogrenciyle deneme calismasi, Miles-Huberman kodlayici tutarliligi %85 (basili s. 20)","Kavramin adini ve tanimini bilmenin otesinde kavramlar arasindaki gecisleri ve iliskileri gorebilmek kavram bilgisini olusturdugundan, ogretmenlerin uygun arac ve etkinliklerle kavram yanilgilarini gidermesi (s. 25)",YOK,1,1,s. 22,"1. soru. Makale: 'Bu sekilde cemberde yapilan tanimlama hatasi kavram yanilgisi olusturarak yanlis ornekler verilmistir.' || Makalenin Tablo 1 ve Tablo 2'si soru bazli 'dogru / kabul edilebilir / yanlis / bos' frekansi veriyor; tartisma bolumundeki yuzdeler de 'tam olarak dogru cevaplayamayan' toplamidir. Ikisi de yanilgi duzeyinde oran DEGILDIR, K1 geregi gorulme_orani bos ve K5 geregi guven=1. Ayrica n kucuk (7. sinif 29, 8. sinif 33) - zaten guven=3 olamazdi. || lgs_kazanim_tahmini: kazanim-listesi.txt'de dogrulandi.",M.6.3.3.1
MAKALE:GEBD-3-1-2017,"Gerez Cantimer, Gülşah; Şengül, Sare",2017,Marmara Üniversitesi,MAKALE,2013,8,33,Sakarya,DİĞER: çember,,Çap ve yarıçap aynı şeydir,"Öğrenci çap ile yarıçapı aynı kavram sayıyor; ayrıca merkez, çap ve yarıçapı 'merkezin içinde' konumlandırıyor.","Mehmet: ""Merkez, çap ve yarıçap merkezin içindedir. Çap ve yarıçap aynı şeydir.""",,"Arastirmacilar tarafindan gelistirilen 10 acik uclu soruluk 'cember kavram testi'; uc matematik egitimi uzmanindan kapsam gecerligi gorusu, 8 ogrenciyle deneme calismasi, Miles-Huberman kodlayici tutarliligi %85 (basili s. 20)","Kavramin adini ve tanimini bilmenin otesinde kavramlar arasindaki gecisleri ve iliskileri gorebilmek kavram bilgisini olusturdugundan, ogretmenlerin uygun arac ve etkinliklerle kavram yanilgilarini gidermesi (s. 25)",YOK,1,1,s. 22,"2. soru. Makale 8. siniflarda 'cizim ve gosterimi dogru yapmis, ama kavramlari tanimlamakta zorlanmistir' oruntusunu vurguluyor. || Makalenin Tablo 1 ve Tablo 2'si soru bazli 'dogru / kabul edilebilir / yanlis / bos' frekansi veriyor; tartisma bolumundeki yuzdeler de 'tam olarak dogru cevaplayamayan' toplamidir. Ikisi de yanilgi duzeyinde oran DEGILDIR, K1 geregi gorulme_orani bos ve K5 geregi guven=1. Ayrica n kucuk (7. sinif 29, 8. sinif 33) - zaten guven=3 olamazdi. || lgs_kazanim_tahmini: kazanim-listesi.txt'de dogrulandi.",M.6.3.3.1
MAKALE:GEBD-3-1-2017,"Gerez Cantimer, Gülşah; Şengül, Sare",2017,Marmara Üniversitesi,MAKALE,2013,8,33,Sakarya,DİĞER: çember,,"Çember yuvarlak, daire düzdür",Öğrenci çember ile daire farkını 'yuvarlak-düz' ve 'açıları farklı' gibi geçersiz ölçütlerle açıklıyor.,"Utku: ""Çember yuvarlak, daire düz. Açıları farklı.""",,"Arastirmacilar tarafindan gelistirilen 10 acik uclu soruluk 'cember kavram testi'; uc matematik egitimi uzmanindan kapsam gecerligi gorusu, 8 ogrenciyle deneme calismasi, Miles-Huberman kodlayici tutarliligi %85 (basili s. 20)","Kavramin adini ve tanimini bilmenin otesinde kavramlar arasindaki gecisleri ve iliskileri gorebilmek kavram bilgisini olusturdugundan, ogretmenlerin uygun arac ve etkinliklerle kavram yanilgilarini gidermesi (s. 25)",YOK,1,1,s. 22,"3. soru. || Makalenin Tablo 1 ve Tablo 2'si soru bazli 'dogru / kabul edilebilir / yanlis / bos' frekansi veriyor; tartisma bolumundeki yuzdeler de 'tam olarak dogru cevaplayamayan' toplamidir. Ikisi de yanilgi duzeyinde oran DEGILDIR, K1 geregi gorulme_orani bos ve K5 geregi guven=1. Ayrica n kucuk (7. sinif 29, 8. sinif 33) - zaten guven=3 olamazdi. || lgs_kazanim_tahmini: kazanim-listesi.txt'de dogrulandi.",M.6.3.3.1
MAKALE:GEBD-3-1-2017,"Gerez Cantimer, Gülşah; Şengül, Sare",2017,Marmara Üniversitesi,MAKALE,2013,8,33,Sakarya,DİĞER: çember,,"Dairenin içi boş, çemberin doludur",Öğrenci ikisinin de yuvarlak olduğunu görüyor ama dolu-boş ilişkisini ters kuruyor.,"Sude: ""İkisi de yuvarlaktır. Fakat dairenin içi boş, çemberin doludur.""",,"Arastirmacilar tarafindan gelistirilen 10 acik uclu soruluk 'cember kavram testi'; uc matematik egitimi uzmanindan kapsam gecerligi gorusu, 8 ogrenciyle deneme calismasi, Miles-Huberman kodlayici tutarliligi %85 (basili s. 20)","Kavramin adini ve tanimini bilmenin otesinde kavramlar arasindaki gecisleri ve iliskileri gorebilmek kavram bilgisini olusturdugundan, ogretmenlerin uygun arac ve etkinliklerle kavram yanilgilarini gidermesi (s. 25)",YOK,1,1,s. 22,"3. soru. || Makalenin Tablo 1 ve Tablo 2'si soru bazli 'dogru / kabul edilebilir / yanlis / bos' frekansi veriyor; tartisma bolumundeki yuzdeler de 'tam olarak dogru cevaplayamayan' toplamidir. Ikisi de yanilgi duzeyinde oran DEGILDIR, K1 geregi gorulme_orani bos ve K5 geregi guven=1. Ayrica n kucuk (7. sinif 29, 8. sinif 33) - zaten guven=3 olamazdi. || lgs_kazanim_tahmini: kazanim-listesi.txt'de dogrulandi.",M.6.3.3.1
MAKALE:GEBD-3-1-2017,"Gerez Cantimer, Gülşah; Şengül, Sare",2017,Marmara Üniversitesi,MAKALE,2013,8,33,Sakarya,DİĞER: çember,,Çember ile daire aynıdır,Öğrenci çember ile daire arasında hiçbir fark olmadığını savunuyor.,"Tuna: ""İkisi de aynıdır. Farklılık yoktur.""",,"Arastirmacilar tarafindan gelistirilen 10 acik uclu soruluk 'cember kavram testi'; uc matematik egitimi uzmanindan kapsam gecerligi gorusu, 8 ogrenciyle deneme calismasi, Miles-Huberman kodlayici tutarliligi %85 (basili s. 20)","Kavramin adini ve tanimini bilmenin otesinde kavramlar arasindaki gecisleri ve iliskileri gorebilmek kavram bilgisini olusturdugundan, ogretmenlerin uygun arac ve etkinliklerle kavram yanilgilarini gidermesi (s. 25)",YOK,1,1,s. 22,"3. soru. || Makalenin Tablo 1 ve Tablo 2'si soru bazli 'dogru / kabul edilebilir / yanlis / bos' frekansi veriyor; tartisma bolumundeki yuzdeler de 'tam olarak dogru cevaplayamayan' toplamidir. Ikisi de yanilgi duzeyinde oran DEGILDIR, K1 geregi gorulme_orani bos ve K5 geregi guven=1. Ayrica n kucuk (7. sinif 29, 8. sinif 33) - zaten guven=3 olamazdi. || lgs_kazanim_tahmini: kazanim-listesi.txt'de dogrulandi.",M.6.3.3.1
MAKALE:GEBD-3-1-2017,"Gerez Cantimer, Gülşah; Şengül, Sare",2017,Marmara Üniversitesi,MAKALE,2013,8,33,Sakarya,DİĞER: çember,,Çember ile daire ayırt edilemez,Öğrenci ikisinin de yuvarlak olduğunu söyleyip ayırt edilemeyeceklerini belirtiyor; tanımsal ölçüt kuramıyor.,"Murat: ""İkisi de yuvarlaktır ve kolay kolay ayırt edilemezler.""",,"Arastirmacilar tarafindan gelistirilen 10 acik uclu soruluk 'cember kavram testi'; uc matematik egitimi uzmanindan kapsam gecerligi gorusu, 8 ogrenciyle deneme calismasi, Miles-Huberman kodlayici tutarliligi %85 (basili s. 20)","Kavramin adini ve tanimini bilmenin otesinde kavramlar arasindaki gecisleri ve iliskileri gorebilmek kavram bilgisini olusturdugundan, ogretmenlerin uygun arac ve etkinliklerle kavram yanilgilarini gidermesi (s. 25)",YOK,1,1,s. 22-23,"3. soru. Alintinin ilk yarisi basili s. 22'nin sonunda, devami s. 23'un basinda. || Makalenin Tablo 1 ve Tablo 2'si soru bazli 'dogru / kabul edilebilir / yanlis / bos' frekansi veriyor; tartisma bolumundeki yuzdeler de 'tam olarak dogru cevaplayamayan' toplamidir. Ikisi de yanilgi duzeyinde oran DEGILDIR, K1 geregi gorulme_orani bos ve K5 geregi guven=1. Ayrica n kucuk (7. sinif 29, 8. sinif 33) - zaten guven=3 olamazdi. || lgs_kazanim_tahmini: kazanim-listesi.txt'de dogrulandi.",M.6.3.3.1
MAKALE:GEBD-3-1-2017,"Gerez Cantimer, Gülşah; Şengül, Sare",2017,Marmara Üniversitesi,MAKALE,2013,8,33,Sakarya,DİĞER: çember,,"Kiriş, bir noktadan geçen doğru parçasıdır",Öğrenci kirişi çemberin iki noktasını birleştiren doğru parçası yerine tek noktasından geçen doğru parçası olarak tanımlıyor.,"Zeynep: ""Kiriş, çemberin bir noktasının üzerinden geçen doğru parçasıdır.""",,"Arastirmacilar tarafindan gelistirilen 10 acik uclu soruluk 'cember kavram testi'; uc matematik egitimi uzmanindan kapsam gecerligi gorusu, 8 ogrenciyle deneme calismasi, Miles-Huberman kodlayici tutarliligi %85 (basili s. 20)","Kavramin adini ve tanimini bilmenin otesinde kavramlar arasindaki gecisleri ve iliskileri gorebilmek kavram bilgisini olusturdugundan, ogretmenlerin uygun arac ve etkinliklerle kavram yanilgilarini gidermesi (s. 25)",YOK,4,1,s. 23,"8. soru. Makale nedeni acikca unutmaya bagliyor: '8. sinif ogrencilerinin cevaplarinda ise cogunlukla konuyu tekrar etmedikleri veya unuttuklari icin kavramlari yanlis tanimladiklari' - lemma_basamagi=4 bu cumleye dayaniyor. lgs_kazanim_tahmini BOS: bu kavram MEB 2018 6-8 matematik programinda (kazanim-listesi.txt, 215 kod) yer almiyor - arandi, karsiligi yok. || Makalenin Tablo 1 ve Tablo 2'si soru bazli 'dogru / kabul edilebilir / yanlis / bos' frekansi veriyor; tartisma bolumundeki yuzdeler de 'tam olarak dogru cevaplayamayan' toplamidir. Ikisi de yanilgi duzeyinde oran DEGILDIR, K1 geregi gorulme_orani bos ve K5 geregi guven=1. Ayrica n kucuk (7. sinif 29, 8. sinif 33) - zaten guven=3 olamazdi.",
MAKALE:GEBD-3-1-2017,"Gerez Cantimer, Gülşah; Şengül, Sare",2017,Marmara Üniversitesi,MAKALE,2013,8,33,Sakarya,DİĞER: çember,,"Kesen, çemberi orana göre bölen doğru parçasıdır","Öğrenci keseni çemberi iki noktada kesen doğru yerine, çemberi bir orana göre bölen doğru parçası olarak tanımlıyor.","Berat: ""Çemberi bir orana göre bölen doğru parçası kesendir.""",,"Arastirmacilar tarafindan gelistirilen 10 acik uclu soruluk 'cember kavram testi'; uc matematik egitimi uzmanindan kapsam gecerligi gorusu, 8 ogrenciyle deneme calismasi, Miles-Huberman kodlayici tutarliligi %85 (basili s. 20)","Kavramin adini ve tanimini bilmenin otesinde kavramlar arasindaki gecisleri ve iliskileri gorebilmek kavram bilgisini olusturdugundan, ogretmenlerin uygun arac ve etkinliklerle kavram yanilgilarini gidermesi (s. 25)",YOK,4,1,s. 23,"8. soru. lemma_basamagi=4 gerekcesi: makale 8. sinif hatalarini 'tekrar etmedikleri veya unuttuklari icin' diye acikliyor. lgs_kazanim_tahmini BOS: bu kavram MEB 2018 6-8 matematik programinda (kazanim-listesi.txt, 215 kod) yer almiyor - arandi, karsiligi yok. || Makalenin Tablo 1 ve Tablo 2'si soru bazli 'dogru / kabul edilebilir / yanlis / bos' frekansi veriyor; tartisma bolumundeki yuzdeler de 'tam olarak dogru cevaplayamayan' toplamidir. Ikisi de yanilgi duzeyinde oran DEGILDIR, K1 geregi gorulme_orani bos ve K5 geregi guven=1. Ayrica n kucuk (7. sinif 29, 8. sinif 33) - zaten guven=3 olamazdi.",
MAKALE:GEBD-3-1-2017,"Gerez Cantimer, Gülşah; Şengül, Sare",2017,Marmara Üniversitesi,MAKALE,2013,8,33,Sakarya,DİĞER: çember,,"Teğet, çemberden geçen doğru parçasıdır","Öğrenci teğeti çembere tek noktada değen doğru yerine, merkeze değmeden çemberden geçen doğru parçası olarak tanımlıyor.","Sibel: ""Çemberin merkezine değmeden çemberden geçen doğru parçası teğettir.""",,"Arastirmacilar tarafindan gelistirilen 10 acik uclu soruluk 'cember kavram testi'; uc matematik egitimi uzmanindan kapsam gecerligi gorusu, 8 ogrenciyle deneme calismasi, Miles-Huberman kodlayici tutarliligi %85 (basili s. 20)","Kavramin adini ve tanimini bilmenin otesinde kavramlar arasindaki gecisleri ve iliskileri gorebilmek kavram bilgisini olusturdugundan, ogretmenlerin uygun arac ve etkinliklerle kavram yanilgilarini gidermesi (s. 25)",YOK,4,1,s. 23,"8. soru. lgs_kazanim_tahmini BOS: bu kavram MEB 2018 6-8 matematik programinda (kazanim-listesi.txt, 215 kod) yer almiyor - arandi, karsiligi yok. || Makalenin Tablo 1 ve Tablo 2'si soru bazli 'dogru / kabul edilebilir / yanlis / bos' frekansi veriyor; tartisma bolumundeki yuzdeler de 'tam olarak dogru cevaplayamayan' toplamidir. Ikisi de yanilgi duzeyinde oran DEGILDIR, K1 geregi gorulme_orani bos ve K5 geregi guven=1. Ayrica n kucuk (7. sinif 29, 8. sinif 33) - zaten guven=3 olamazdi.",
MAKALE:GEBD-3-1-2017,"Gerez Cantimer, Gülşah; Şengül, Sare",2017,Marmara Üniversitesi,MAKALE,2013,8,33,Sakarya,DİĞER: çember,,"Merkez açı, merkezdeki noktadır","Öğrenci merkez açıyı bir açı olarak değil, merkezdeki nokta olarak tanımlıyor; açı kavramını noktaya indirgiyor.","Ela: ""Merkez açı, merkezdeki noktadır.""",,"Arastirmacilar tarafindan gelistirilen 10 acik uclu soruluk 'cember kavram testi'; uc matematik egitimi uzmanindan kapsam gecerligi gorusu, 8 ogrenciyle deneme calismasi, Miles-Huberman kodlayici tutarliligi %85 (basili s. 20)","Kavramin adini ve tanimini bilmenin otesinde kavramlar arasindaki gecisleri ve iliskileri gorebilmek kavram bilgisini olusturdugundan, ogretmenlerin uygun arac ve etkinliklerle kavram yanilgilarini gidermesi (s. 25)",YOK,4,1,s. 23,"8. soru. || Makalenin Tablo 1 ve Tablo 2'si soru bazli 'dogru / kabul edilebilir / yanlis / bos' frekansi veriyor; tartisma bolumundeki yuzdeler de 'tam olarak dogru cevaplayamayan' toplamidir. Ikisi de yanilgi duzeyinde oran DEGILDIR, K1 geregi gorulme_orani bos ve K5 geregi guven=1. Ayrica n kucuk (7. sinif 29, 8. sinif 33) - zaten guven=3 olamazdi. || lgs_kazanim_tahmini: kazanim-listesi.txt'de dogrulandi.",M.7.3.3.1
MAKALE:GEBD-3-1-2017,"Gerez Cantimer, Gülşah; Şengül, Sare",2017,Marmara Üniversitesi,MAKALE,2013,8,33,Sakarya,DİĞER: çember,,"Çevre açı, merkezden çıkan açıdır",Öğrenci çevre açıyı köşesi çember üzerinde olan açı yerine merkezden çıkan açı olarak tanımlıyor; merkez açı ile çevre açıyı takas ediyor.,"Simge: ""Çemberin merkezinden çıkan açı çevre açıdır.""",,"Arastirmacilar tarafindan gelistirilen 10 acik uclu soruluk 'cember kavram testi'; uc matematik egitimi uzmanindan kapsam gecerligi gorusu, 8 ogrenciyle deneme calismasi, Miles-Huberman kodlayici tutarliligi %85 (basili s. 20)","Kavramin adini ve tanimini bilmenin otesinde kavramlar arasindaki gecisleri ve iliskileri gorebilmek kavram bilgisini olusturdugundan, ogretmenlerin uygun arac ve etkinliklerle kavram yanilgilarini gidermesi (s. 25)",YOK,4,1,s. 23,"8. soru. K4: ayni takas 7. sinifta Ozge'nin cevabinda da goruldu (s. 23) - satirlar birlestirilmedi. lgs_kazanim_tahmini BOS: bu kavram MEB 2018 6-8 matematik programinda (kazanim-listesi.txt, 215 kod) yer almiyor - arandi, karsiligi yok. || Makalenin Tablo 1 ve Tablo 2'si soru bazli 'dogru / kabul edilebilir / yanlis / bos' frekansi veriyor; tartisma bolumundeki yuzdeler de 'tam olarak dogru cevaplayamayan' toplamidir. Ikisi de yanilgi duzeyinde oran DEGILDIR, K1 geregi gorulme_orani bos ve K5 geregi guven=1. Ayrica n kucuk (7. sinif 29, 8. sinif 33) - zaten guven=3 olamazdi.",
MAKALE:10.7822/egt12,"Dane, Arif; Başkurt, Hasan",2012,Erzincan Üniversitesi,MAKALE,2005,karma,461,Doğu Anadolu Bölgesi (il adı verilmemiş),DİĞER: Temel geometri,,Noktayı doğru veya çizgi ile özdeşleştirme,"Öğrenci noktayı; doğru, doğru parçası, başlangıcı ve bitişi aynı olan doğru parçası, çizgi ya da iki ucu da sonsuza giden çizgi olarak ifade ediyor; noktaya uzunluk atfediyor.","Alt tema: ""Doğru, doğru parçası, başlangıcı ve bitişi aynı olan doğru parçası, çizgi, iki ucu da sonsuza giden çizgi"" (13 öğrenci). Ö 170: ""Doğrudan büyük olandır…""","%18,5","Uzman gorusleriyle olusturulan yari yapilandirilmis uc acik uclu soruluk Gorusme Protokolu (nokta / dogru / duzlem denince ne anliyorsunuz, orneklerle aciklayiniz); 30 ogrenciyle pilot calisma, uc alan uzmani + bir dil uzmani + iki matematik ogretmeni gorusu; cevaplar 0-3 algi duzeyi rubrigine gore kodlanmis (basili s. 86-87)","Nokta, dogru ve duzlem geometrinin temel yapilari oldugundan ogretmenlerin bu kavramlarin ogretimine oncelik vermesi; ogrencinin kendi kesfetmesini saglayacak ogretim surecleri ve mumkun oldugunca somut orneklerle destek (s. 98)",YOK,1,3,s. 88-89,"DOI (10.7822/egt12) PDF metninde BASILI DEGIL; DergiPark kayit sayfasindan dogrulandi (OMU Egitim Fakultesi Dergisi 31(2), 2012, s. 81-100). Ofset = +80 (PDF s.1 = basili s.81); PDF sayfalarinda basili numara yok, ofset 2. sayfadaki 'Ondokuz Mayis Universitesi Egitim Fakultesi Dergisi 2012, 31(2), 81-100' kunye satirindan ve toplam 20 sayfa olmasindan cikarildi. il: makale uygulama ILINI adlandirmiyor ama BOLGEYI adlandiriyor - 'Dogu Anadolu Bolgesi'nde orta buyuklukte bir il' (Ingilizce ozet: 'a medium-sized province of the Eastern Anatolia Region'); 8 ilkogretim okulu, 24 sube. Sutuna bolge yazildi, il adi verilmedigi parantez icinde belirtildi - bu bir cikarim degil, makalenin verdigi coğrafi bilginin tamamidir. mufredat_donemi=2005: uygulama ogretim yili makalede YAZMIYOR. Ancak makale 2012'de yayimlanmistir; 2013 ve 2018 programlari o tarihte henuz yururlukte olmadigi icin uygulama zorunlu olarak 2005 ilkogretim matematik programi doneminde yapilmistir. Bu bir tahmin degil, yayin tarihinin zorunlu sonucudur; tam ogretim yili yine de bilinmiyor. universite: 1. yazarin kurumu (Erzincan U.); 2. yazar Karaman MEM'de ogretmen. || Tablo 3. Makale sonuc bolumunde: 'Ogrenciler noktayi dogru olarak ve duzlemde bir bolge olarak ifade ederek noktaya boyut katmislardir' (s. 97). || PAYDA UYARISI: tablodaki yuzde TUM ORNEKLEM (461) uzerinden DEGIL, o algi duzeyi temasindaki ogrenci sayisi uzerinden hesaplanmistir. Bu satirin paydasi: 70. Tum orneklege gore ham frekans: 13/461. Oran bu haliyle bir yayginlik tahmini DEGILDIR; yayin asamasinda ya payda birlikte verilmeli ya da 461 uzerinden yeniden hesaplanmalidir. || Makale her kavram icin cevaplari once 0-3 ALGI DUZEYI temasina, sonra her temayi yanilgi duzeyinde ALT TEMALARA ayirip f ve %% veriyor. Alt temalar yanilgi duzeyinde oldugu icin K1'e uygun oran kaynagidir. || lemma_basamagi=1 gerekcesi: makalenin kendi teshisi, ogrencilerin tanimsiz kavramlarin (nokta/dogru/duzlem) SOMUT KARSILIGINI bilmemesi - noktaya boyut katma, dogruyu iki boyutlu sanma, duzlemi sinirlandirma (s. 97). Bu Basamak 1 (Goster) tanimina birebir oturuyor. Not: duzlemi masa/duvar yuzeyiyle ozdeslestirme satirinda ogretim modelinin payi olabilir (Basamak 2); makale bunu acikca soylemedigi icin kural geregi en erken basamak birakildi. || lgs_kazanim_tahmini BOS: nokta, dogru ve duzlem MEB 2018 6-8 programinda (kazanim-listesi.txt, 215 kod) tanimsiz kavram olarak ayri kazanim halinde YOK - arandi, karsiligi bulunamadi.",
MAKALE:10.7822/egt12,"Dane, Arif; Başkurt, Hasan",2012,Erzincan Üniversitesi,MAKALE,2005,karma,461,Doğu Anadolu Bölgesi (il adı verilmemiş),DİĞER: Temel geometri,,"Noktayı düzlemde bölge, alan veya leke sanma","Öğrenci noktayı düzlemde herhangi bir bölge, daire, alan ya da leke olarak ifade ediyor; noktaya iki boyut atfediyor.","Alt tema: ""Düzlemde herhangi bir bölge, daire, alan, leke"" (13 öğrenci). Ö 430: ""Boyutsuz ve ölçüsüz düzlem…""","%18,5","Uzman gorusleriyle olusturulan yari yapilandirilmis uc acik uclu soruluk Gorusme Protokolu (nokta / dogru / duzlem denince ne anliyorsunuz, orneklerle aciklayiniz); 30 ogrenciyle pilot calisma, uc alan uzmani + bir dil uzmani + iki matematik ogretmeni gorusu; cevaplar 0-3 algi duzeyi rubrigine gore kodlanmis (basili s. 86-87)","Nokta, dogru ve duzlem geometrinin temel yapilari oldugundan ogretmenlerin bu kavramlarin ogretimine oncelik vermesi; ogrencinin kendi kesfetmesini saglayacak ogretim surecleri ve mumkun oldugunca somut orneklerle destek (s. 98)",YOK,1,3,s. 88-89,"Tablo 3. K4: 381134 (Doyuran) tezinde de 'Noktayi boyutlu ve yuvarlak sanma' satiri var - ayni yanilgi ikinci bagimsiz calismada da goruldu, satirlar BIRLESTIRILMEDI. || PAYDA UYARISI: tablodaki yuzde TUM ORNEKLEM (461) uzerinden DEGIL, o algi duzeyi temasindaki ogrenci sayisi uzerinden hesaplanmistir. Bu satirin paydasi: 70. Tum orneklege gore ham frekans: 13/461. Oran bu haliyle bir yayginlik tahmini DEGILDIR; yayin asamasinda ya payda birlikte verilmeli ya da 461 uzerinden yeniden hesaplanmalidir. || Makale her kavram icin cevaplari once 0-3 ALGI DUZEYI temasina, sonra her temayi yanilgi duzeyinde ALT TEMALARA ayirip f ve %% veriyor. Alt temalar yanilgi duzeyinde oldugu icin K1'e uygun oran kaynagidir. || lemma_basamagi=1 gerekcesi: makalenin kendi teshisi, ogrencilerin tanimsiz kavramlarin (nokta/dogru/duzlem) SOMUT KARSILIGINI bilmemesi - noktaya boyut katma, dogruyu iki boyutlu sanma, duzlemi sinirlandirma (s. 97). Bu Basamak 1 (Goster) tanimina birebir oturuyor. Not: duzlemi masa/duvar yuzeyiyle ozdeslestirme satirinda ogretim modelinin payi olabilir (Basamak 2); makale bunu acikca soylemedigi icin kural geregi en erken basamak birakildi. || lgs_kazanim_tahmini BOS: nokta, dogru ve duzlem MEB 2018 6-8 programinda (kazanim-listesi.txt, 215 kod) tanimsiz kavram olarak ayri kazanim halinde YOK - arandi, karsiligi bulunamadi.",
MAKALE:10.7822/egt12,"Dane, Arif; Başkurt, Hasan",2012,Erzincan Üniversitesi,MAKALE,2005,karma,461,Doğu Anadolu Bölgesi (il adı verilmemiş),DİĞER: Temel geometri,,Noktayı iki çizginin ortası sanma,Öğrenci noktayı iki çizginin ortasından geçen şey ya da bir şeyin ortası olarak tanımlıyor.,"Alt tema: ""İki çizginin ortasından geçen şey, bir şeyin ortası"" (5 öğrenci)",%7,"Uzman gorusleriyle olusturulan yari yapilandirilmis uc acik uclu soruluk Gorusme Protokolu (nokta / dogru / duzlem denince ne anliyorsunuz, orneklerle aciklayiniz); 30 ogrenciyle pilot calisma, uc alan uzmani + bir dil uzmani + iki matematik ogretmeni gorusu; cevaplar 0-3 algi duzeyi rubrigine gore kodlanmis (basili s. 86-87)","Nokta, dogru ve duzlem geometrinin temel yapilari oldugundan ogretmenlerin bu kavramlarin ogretimine oncelik vermesi; ogrencinin kendi kesfetmesini saglayacak ogretim surecleri ve mumkun oldugunca somut orneklerle destek (s. 98)",YOK,1,3,s. 88,"Tablo 3. || PAYDA UYARISI: tablodaki yuzde TUM ORNEKLEM (461) uzerinden DEGIL, o algi duzeyi temasindaki ogrenci sayisi uzerinden hesaplanmistir. Bu satirin paydasi: 70. Tum orneklege gore ham frekans: 5/461. Oran bu haliyle bir yayginlik tahmini DEGILDIR; yayin asamasinda ya payda birlikte verilmeli ya da 461 uzerinden yeniden hesaplanmalidir. || Makale her kavram icin cevaplari once 0-3 ALGI DUZEYI temasina, sonra her temayi yanilgi duzeyinde ALT TEMALARA ayirip f ve %% veriyor. Alt temalar yanilgi duzeyinde oldugu icin K1'e uygun oran kaynagidir. || lemma_basamagi=1 gerekcesi: makalenin kendi teshisi, ogrencilerin tanimsiz kavramlarin (nokta/dogru/duzlem) SOMUT KARSILIGINI bilmemesi - noktaya boyut katma, dogruyu iki boyutlu sanma, duzlemi sinirlandirma (s. 97). Bu Basamak 1 (Goster) tanimina birebir oturuyor. Not: duzlemi masa/duvar yuzeyiyle ozdeslestirme satirinda ogretim modelinin payi olabilir (Basamak 2); makale bunu acikca soylemedigi icin kural geregi en erken basamak birakildi. || lgs_kazanim_tahmini BOS: nokta, dogru ve duzlem MEB 2018 6-8 programinda (kazanim-listesi.txt, 215 kod) tanimsiz kavram olarak ayri kazanim halinde YOK - arandi, karsiligi bulunamadi.",
MAKALE:10.7822/egt12,"Dane, Arif; Başkurt, Hasan",2012,Erzincan Üniversitesi,MAKALE,2005,karma,461,Doğu Anadolu Bölgesi (il adı verilmemiş),DİĞER: Temel geometri,,Noktayı gözle görülen yuvarlak nesne sanma,Öğrenci noktayı gözle görülebilen yuvarlak bir nesne olarak düşünüyor; noktaya boyut ve biçim atfediyor.,"Alt tema: ""Gözle görülen yuvarlak nesne"" (4 öğrenci)",%6,"Uzman gorusleriyle olusturulan yari yapilandirilmis uc acik uclu soruluk Gorusme Protokolu (nokta / dogru / duzlem denince ne anliyorsunuz, orneklerle aciklayiniz); 30 ogrenciyle pilot calisma, uc alan uzmani + bir dil uzmani + iki matematik ogretmeni gorusu; cevaplar 0-3 algi duzeyi rubrigine gore kodlanmis (basili s. 86-87)","Nokta, dogru ve duzlem geometrinin temel yapilari oldugundan ogretmenlerin bu kavramlarin ogretimine oncelik vermesi; ogrencinin kendi kesfetmesini saglayacak ogretim surecleri ve mumkun oldugunca somut orneklerle destek (s. 98)",YOK,1,3,s. 88,"Tablo 3. K4: 381134'te 'Noktayi boyutlu ve yuvarlak sanma' satiri var - satirlar BIRLESTIRILMEDI. || PAYDA UYARISI: tablodaki yuzde TUM ORNEKLEM (461) uzerinden DEGIL, o algi duzeyi temasindaki ogrenci sayisi uzerinden hesaplanmistir. Bu satirin paydasi: 70. Tum orneklege gore ham frekans: 4/461. Oran bu haliyle bir yayginlik tahmini DEGILDIR; yayin asamasinda ya payda birlikte verilmeli ya da 461 uzerinden yeniden hesaplanmalidir. || Makale her kavram icin cevaplari once 0-3 ALGI DUZEYI temasina, sonra her temayi yanilgi duzeyinde ALT TEMALARA ayirip f ve %% veriyor. Alt temalar yanilgi duzeyinde oldugu icin K1'e uygun oran kaynagidir. || lemma_basamagi=1 gerekcesi: makalenin kendi teshisi, ogrencilerin tanimsiz kavramlarin (nokta/dogru/duzlem) SOMUT KARSILIGINI bilmemesi - noktaya boyut katma, dogruyu iki boyutlu sanma, duzlemi sinirlandirma (s. 97). Bu Basamak 1 (Goster) tanimina birebir oturuyor. Not: duzlemi masa/duvar yuzeyiyle ozdeslestirme satirinda ogretim modelinin payi olabilir (Basamak 2); makale bunu acikca soylemedigi icin kural geregi en erken basamak birakildi. || lgs_kazanim_tahmini BOS: nokta, dogru ve duzlem MEB 2018 6-8 programinda (kazanim-listesi.txt, 215 kod) tanimsiz kavram olarak ayri kazanim halinde YOK - arandi, karsiligi bulunamadi.",
MAKALE:10.7822/egt12,"Dane, Arif; Başkurt, Hasan",2012,Erzincan Üniversitesi,MAKALE,2005,karma,461,Doğu Anadolu Bölgesi (il adı verilmemiş),DİĞER: Temel geometri,,Noktayı noktalama işareti veya simge sanma,"Öğrenci noktayı geometrik bir kavram olarak değil, yazıdaki noktalama işareti ya da bir simge olarak düşünüyor.","Alt tema: ""Noktalama işareti, simge"" (154 öğrenci)",%80,"Uzman gorusleriyle olusturulan yari yapilandirilmis uc acik uclu soruluk Gorusme Protokolu (nokta / dogru / duzlem denince ne anliyorsunuz, orneklerle aciklayiniz); 30 ogrenciyle pilot calisma, uc alan uzmani + bir dil uzmani + iki matematik ogretmeni gorusu; cevaplar 0-3 algi duzeyi rubrigine gore kodlanmis (basili s. 86-87)",Konular anlatilmadan once on-sart bilgilerindeki eksikliklerin giderilmesi; her konu sonunda notla degerlendirilmeyecek sinavlarla eksik ve yanilgilarin tespit edilip giderilmesi (s. 98),YOK,1,3,s. 89,"Tablo 4. Bu, calismanin en yuksek frekansli bulgusu: 154 ogrenci. K4: 381134'te 'Noktayi noktalama isareti sanma' satiri var - satirlar BIRLESTIRILMEDI. || PAYDA UYARISI: tablodaki yuzde TUM ORNEKLEM (461) uzerinden DEGIL, o algi duzeyi temasindaki ogrenci sayisi uzerinden hesaplanmistir. Bu satirin paydasi: 193. Tum orneklege gore ham frekans: 154/461. Oran bu haliyle bir yayginlik tahmini DEGILDIR; yayin asamasinda ya payda birlikte verilmeli ya da 461 uzerinden yeniden hesaplanmalidir. || Makale her kavram icin cevaplari once 0-3 ALGI DUZEYI temasina, sonra her temayi yanilgi duzeyinde ALT TEMALARA ayirip f ve %% veriyor. Alt temalar yanilgi duzeyinde oldugu icin K1'e uygun oran kaynagidir. || K2 SINIR DURUMU: makale '1' algi duzeyini 'kavrami sinirli duzeyde anlayip ifade edenler' diye tanimliyor; bu satir tam bir kavram yanilgisi degil eksik/kisitli anlama olabilir. || lemma_basamagi=1 gerekcesi: makalenin kendi teshisi, ogrencilerin tanimsiz kavramlarin (nokta/dogru/duzlem) SOMUT KARSILIGINI bilmemesi - noktaya boyut katma, dogruyu iki boyutlu sanma, duzlemi sinirlandirma (s. 97). Bu Basamak 1 (Goster) tanimina birebir oturuyor. Not: duzlemi masa/duvar yuzeyiyle ozdeslestirme satirinda ogretim modelinin payi olabilir (Basamak 2); makale bunu acikca soylemedigi icin kural geregi en erken basamak birakildi. || lgs_kazanim_tahmini BOS: nokta, dogru ve duzlem MEB 2018 6-8 programinda (kazanim-listesi.txt, 215 kod) tanimsiz kavram olarak ayri kazanim halinde YOK - arandi, karsiligi bulunamadi.",
MAKALE:10.7822/egt12,"Dane, Arif; Başkurt, Hasan",2012,Erzincan Üniversitesi,MAKALE,2005,karma,461,Doğu Anadolu Bölgesi (il adı verilmemiş),DİĞER: Temel geometri,,Noktayı odak veya merkez sanma,"Öğrenci noktayı odak noktası, merkez ya da tüm doğruların geçtiği yer olarak düşünüyor.","Alt tema: ""Odak noktası, merkez, tüm doğruların geçtiği yer"" (14 öğrenci)",%7,"Uzman gorusleriyle olusturulan yari yapilandirilmis uc acik uclu soruluk Gorusme Protokolu (nokta / dogru / duzlem denince ne anliyorsunuz, orneklerle aciklayiniz); 30 ogrenciyle pilot calisma, uc alan uzmani + bir dil uzmani + iki matematik ogretmeni gorusu; cevaplar 0-3 algi duzeyi rubrigine gore kodlanmis (basili s. 86-87)",Konular anlatilmadan once on-sart bilgilerindeki eksikliklerin giderilmesi; her konu sonunda notla degerlendirilmeyecek sinavlarla eksik ve yanilgilarin tespit edilip giderilmesi (s. 98),YOK,1,3,s. 89,"Tablo 4. || PAYDA UYARISI: tablodaki yuzde TUM ORNEKLEM (461) uzerinden DEGIL, o algi duzeyi temasindaki ogrenci sayisi uzerinden hesaplanmistir. Bu satirin paydasi: 193. Tum orneklege gore ham frekans: 14/461. Oran bu haliyle bir yayginlik tahmini DEGILDIR; yayin asamasinda ya payda birlikte verilmeli ya da 461 uzerinden yeniden hesaplanmalidir. || Makale her kavram icin cevaplari once 0-3 ALGI DUZEYI temasina, sonra her temayi yanilgi duzeyinde ALT TEMALARA ayirip f ve %% veriyor. Alt temalar yanilgi duzeyinde oldugu icin K1'e uygun oran kaynagidir. || K2 SINIR DURUMU: makale '1' algi duzeyini 'kavrami sinirli duzeyde anlayip ifade edenler' diye tanimliyor; bu satir tam bir kavram yanilgisi degil eksik/kisitli anlama olabilir. || lemma_basamagi=1 gerekcesi: makalenin kendi teshisi, ogrencilerin tanimsiz kavramlarin (nokta/dogru/duzlem) SOMUT KARSILIGINI bilmemesi - noktaya boyut katma, dogruyu iki boyutlu sanma, duzlemi sinirlandirma (s. 97). Bu Basamak 1 (Goster) tanimina birebir oturuyor. Not: duzlemi masa/duvar yuzeyiyle ozdeslestirme satirinda ogretim modelinin payi olabilir (Basamak 2); makale bunu acikca soylemedigi icin kural geregi en erken basamak birakildi. || lgs_kazanim_tahmini BOS: nokta, dogru ve duzlem MEB 2018 6-8 programinda (kazanim-listesi.txt, 215 kod) tanimsiz kavram olarak ayri kazanim halinde YOK - arandi, karsiligi bulunamadi.",
MAKALE:10.7822/egt12,"Dane, Arif; Başkurt, Hasan",2012,Erzincan Üniversitesi,MAKALE,2005,karma,461,Doğu Anadolu Bölgesi (il adı verilmemiş),DİĞER: Temel geometri,,Noktayı bir şeyin başlangıcı veya bitişi sanma,Öğrenci noktayı bir doğrunun veya bir şeyin bitişi ya da başlaması olarak düşünüyor; noktayı bağımsız bir kavram değil bir uç işareti sayıyor.,"Alt tema: ""Bir doğrunun veya bir şeyin bitişi ya da başlaması, bir şeyin başlama noktası"" (20 öğrenci)",%10,"Uzman gorusleriyle olusturulan yari yapilandirilmis uc acik uclu soruluk Gorusme Protokolu (nokta / dogru / duzlem denince ne anliyorsunuz, orneklerle aciklayiniz); 30 ogrenciyle pilot calisma, uc alan uzmani + bir dil uzmani + iki matematik ogretmeni gorusu; cevaplar 0-3 algi duzeyi rubrigine gore kodlanmis (basili s. 86-87)",Konular anlatilmadan once on-sart bilgilerindeki eksikliklerin giderilmesi; her konu sonunda notla degerlendirilmeyecek sinavlarla eksik ve yanilgilarin tespit edilip giderilmesi (s. 98),YOK,1,3,s. 89,"Tablo 4. || PAYDA UYARISI: tablodaki yuzde TUM ORNEKLEM (461) uzerinden DEGIL, o algi duzeyi temasindaki ogrenci sayisi uzerinden hesaplanmistir. Bu satirin paydasi: 193. Tum orneklege gore ham frekans: 20/461. Oran bu haliyle bir yayginlik tahmini DEGILDIR; yayin asamasinda ya payda birlikte verilmeli ya da 461 uzerinden yeniden hesaplanmalidir. || Makale her kavram icin cevaplari once 0-3 ALGI DUZEYI temasina, sonra her temayi yanilgi duzeyinde ALT TEMALARA ayirip f ve %% veriyor. Alt temalar yanilgi duzeyinde oldugu icin K1'e uygun oran kaynagidir. || K2 SINIR DURUMU: makale '1' algi duzeyini 'kavrami sinirli duzeyde anlayip ifade edenler' diye tanimliyor; bu satir tam bir kavram yanilgisi degil eksik/kisitli anlama olabilir. || lemma_basamagi=1 gerekcesi: makalenin kendi teshisi, ogrencilerin tanimsiz kavramlarin (nokta/dogru/duzlem) SOMUT KARSILIGINI bilmemesi - noktaya boyut katma, dogruyu iki boyutlu sanma, duzlemi sinirlandirma (s. 97). Bu Basamak 1 (Goster) tanimina birebir oturuyor. Not: duzlemi masa/duvar yuzeyiyle ozdeslestirme satirinda ogretim modelinin payi olabilir (Basamak 2); makale bunu acikca soylemedigi icin kural geregi en erken basamak birakildi. || lgs_kazanim_tahmini BOS: nokta, dogru ve duzlem MEB 2018 6-8 programinda (kazanim-listesi.txt, 215 kod) tanimsiz kavram olarak ayri kazanim halinde YOK - arandi, karsiligi bulunamadi.",
MAKALE:10.7822/egt12,"Dane, Arif; Başkurt, Hasan",2012,Erzincan Üniversitesi,MAKALE,2005,karma,461,Doğu Anadolu Bölgesi (il adı verilmemiş),DİĞER: Temel geometri,,Noktayı hücre veya atom gibi maddi parça sanma,"Öğrenci noktayı düzlemde bulunan en küçük maddi parça (hücre, atom) olarak düşünüyor; noktaya fiziksel varlık atfediyor.","Alt tema: ""Hücre, atom gibi düzlemde bulunan en küçük parça"" (5 öğrenci)",%3,"Uzman gorusleriyle olusturulan yari yapilandirilmis uc acik uclu soruluk Gorusme Protokolu (nokta / dogru / duzlem denince ne anliyorsunuz, orneklerle aciklayiniz); 30 ogrenciyle pilot calisma, uc alan uzmani + bir dil uzmani + iki matematik ogretmeni gorusu; cevaplar 0-3 algi duzeyi rubrigine gore kodlanmis (basili s. 86-87)",Konular anlatilmadan once on-sart bilgilerindeki eksikliklerin giderilmesi; her konu sonunda notla degerlendirilmeyecek sinavlarla eksik ve yanilgilarin tespit edilip giderilmesi (s. 98),YOK,1,3,s. 89,"Tablo 4. || PAYDA UYARISI: tablodaki yuzde TUM ORNEKLEM (461) uzerinden DEGIL, o algi duzeyi temasindaki ogrenci sayisi uzerinden hesaplanmistir. Bu satirin paydasi: 193. Tum orneklege gore ham frekans: 5/461. Oran bu haliyle bir yayginlik tahmini DEGILDIR; yayin asamasinda ya payda birlikte verilmeli ya da 461 uzerinden yeniden hesaplanmalidir. || Makale her kavram icin cevaplari once 0-3 ALGI DUZEYI temasina, sonra her temayi yanilgi duzeyinde ALT TEMALARA ayirip f ve %% veriyor. Alt temalar yanilgi duzeyinde oldugu icin K1'e uygun oran kaynagidir. || K2 SINIR DURUMU: makale '1' algi duzeyini 'kavrami sinirli duzeyde anlayip ifade edenler' diye tanimliyor; bu satir tam bir kavram yanilgisi degil eksik/kisitli anlama olabilir. || lemma_basamagi=1 gerekcesi: makalenin kendi teshisi, ogrencilerin tanimsiz kavramlarin (nokta/dogru/duzlem) SOMUT KARSILIGINI bilmemesi - noktaya boyut katma, dogruyu iki boyutlu sanma, duzlemi sinirlandirma (s. 97). Bu Basamak 1 (Goster) tanimina birebir oturuyor. Not: duzlemi masa/duvar yuzeyiyle ozdeslestirme satirinda ogretim modelinin payi olabilir (Basamak 2); makale bunu acikca soylemedigi icin kural geregi en erken basamak birakildi. || lgs_kazanim_tahmini BOS: nokta, dogru ve duzlem MEB 2018 6-8 programinda (kazanim-listesi.txt, 215 kod) tanimsiz kavram olarak ayri kazanim halinde YOK - arandi, karsiligi bulunamadi.",
MAKALE:10.7822/egt12,"Dane, Arif; Başkurt, Hasan",2012,Erzincan Üniversitesi,MAKALE,2005,karma,461,Doğu Anadolu Bölgesi (il adı verilmemiş),DİĞER: Temel geometri,,Doğruyu doğru parçası sanma,"Öğrenci sonsuz olan doğruyu, sınırlı olan doğru parçası olarak algılıyor.","Alt tema: ""Doğru parçası"" (52 öğrenci; 6. sınıfta 16, 7. sınıfta 20, 8. sınıfta 16)",%24,"Uzman gorusleriyle olusturulan yari yapilandirilmis uc acik uclu soruluk Gorusme Protokolu (nokta / dogru / duzlem denince ne anliyorsunuz, orneklerle aciklayiniz); 30 ogrenciyle pilot calisma, uc alan uzmani + bir dil uzmani + iki matematik ogretmeni gorusu; cevaplar 0-3 algi duzeyi rubrigine gore kodlanmis (basili s. 86-87)","Nokta, dogru ve duzlem geometrinin temel yapilari oldugundan ogretmenlerin bu kavramlarin ogretimine oncelik vermesi; ogrencinin kendi kesfetmesini saglayacak ogretim surecleri ve mumkun oldugunca somut orneklerle destek (s. 98)",YOK,1,3,s. 91,"Tablo 7. Makale bu bulguyu 'sinif seviyesinde benzer bir sekilde dogru kavrami hakkinda yanilgilarin olmasi sasirticidir' diye vurguluyor (s. 92). K4: 381134'te 'Dogruyu sinirli dogru parcasi sanma' satiri var - satirlar BIRLESTIRILMEDI. || PAYDA UYARISI: tablodaki yuzde TUM ORNEKLEM (461) uzerinden DEGIL, o algi duzeyi temasindaki ogrenci sayisi uzerinden hesaplanmistir. Bu satirin paydasi: 213. Tum orneklege gore ham frekans: 52/461. Oran bu haliyle bir yayginlik tahmini DEGILDIR; yayin asamasinda ya payda birlikte verilmeli ya da 461 uzerinden yeniden hesaplanmalidir. || Makale her kavram icin cevaplari once 0-3 ALGI DUZEYI temasina, sonra her temayi yanilgi duzeyinde ALT TEMALARA ayirip f ve %% veriyor. Alt temalar yanilgi duzeyinde oldugu icin K1'e uygun oran kaynagidir. || lemma_basamagi=1 gerekcesi: makalenin kendi teshisi, ogrencilerin tanimsiz kavramlarin (nokta/dogru/duzlem) SOMUT KARSILIGINI bilmemesi - noktaya boyut katma, dogruyu iki boyutlu sanma, duzlemi sinirlandirma (s. 97). Bu Basamak 1 (Goster) tanimina birebir oturuyor. Not: duzlemi masa/duvar yuzeyiyle ozdeslestirme satirinda ogretim modelinin payi olabilir (Basamak 2); makale bunu acikca soylemedigi icin kural geregi en erken basamak birakildi. || lgs_kazanim_tahmini BOS: nokta, dogru ve duzlem MEB 2018 6-8 programinda (kazanim-listesi.txt, 215 kod) tanimsiz kavram olarak ayri kazanim halinde YOK - arandi, karsiligi bulunamadi.",
MAKALE:10.7822/egt12,"Dane, Arif; Başkurt, Hasan",2012,Erzincan Üniversitesi,MAKALE,2005,karma,461,Doğu Anadolu Bölgesi (il adı verilmemiş),DİĞER: Temel geometri,,Doğruyu ışın sanma,Öğrenci doğruyu ışın ya da başı ve sonu belli olmayan ışın olarak tanımlıyor; doğru ile ışını ayırt edemiyor.,"Alt tema: ""Işın, başı ve sonu belli olmayan ışın"" (50 öğrenci). Ö 34: ""Işının sonsuza kadar uzanması…""",%23,"Uzman gorusleriyle olusturulan yari yapilandirilmis uc acik uclu soruluk Gorusme Protokolu (nokta / dogru / duzlem denince ne anliyorsunuz, orneklerle aciklayiniz); 30 ogrenciyle pilot calisma, uc alan uzmani + bir dil uzmani + iki matematik ogretmeni gorusu; cevaplar 0-3 algi duzeyi rubrigine gore kodlanmis (basili s. 86-87)","Nokta, dogru ve duzlem geometrinin temel yapilari oldugundan ogretmenlerin bu kavramlarin ogretimine oncelik vermesi; ogrencinin kendi kesfetmesini saglayacak ogretim surecleri ve mumkun oldugunca somut orneklerle destek (s. 98)",YOK,1,3,s. 91-92,"Tablo 7. K4: 381134'te 'Dogruyu isin sanma' satiri var - satirlar BIRLESTIRILMEDI. || PAYDA UYARISI: tablodaki yuzde TUM ORNEKLEM (461) uzerinden DEGIL, o algi duzeyi temasindaki ogrenci sayisi uzerinden hesaplanmistir. Bu satirin paydasi: 213. Tum orneklege gore ham frekans: 50/461. Oran bu haliyle bir yayginlik tahmini DEGILDIR; yayin asamasinda ya payda birlikte verilmeli ya da 461 uzerinden yeniden hesaplanmalidir. || Makale her kavram icin cevaplari once 0-3 ALGI DUZEYI temasina, sonra her temayi yanilgi duzeyinde ALT TEMALARA ayirip f ve %% veriyor. Alt temalar yanilgi duzeyinde oldugu icin K1'e uygun oran kaynagidir. || lemma_basamagi=1 gerekcesi: makalenin kendi teshisi, ogrencilerin tanimsiz kavramlarin (nokta/dogru/duzlem) SOMUT KARSILIGINI bilmemesi - noktaya boyut katma, dogruyu iki boyutlu sanma, duzlemi sinirlandirma (s. 97). Bu Basamak 1 (Goster) tanimina birebir oturuyor. Not: duzlemi masa/duvar yuzeyiyle ozdeslestirme satirinda ogretim modelinin payi olabilir (Basamak 2); makale bunu acikca soylemedigi icin kural geregi en erken basamak birakildi. || lgs_kazanim_tahmini BOS: nokta, dogru ve duzlem MEB 2018 6-8 programinda (kazanim-listesi.txt, 215 kod) tanimsiz kavram olarak ayri kazanim halinde YOK - arandi, karsiligi bulunamadi.",
MAKALE:10.7822/egt12,"Dane, Arif; Başkurt, Hasan",2012,Erzincan Üniversitesi,MAKALE,2005,karma,461,Doğu Anadolu Bölgesi (il adı verilmemiş),DİĞER: Temel geometri,,Doğruyu açı ile karıştırma,Öğrenci doğru kavramını açı kavramıyla karıştırıyor.,"Alt tema: ""Açı"" (5 öğrenci)",%2,"Uzman gorusleriyle olusturulan yari yapilandirilmis uc acik uclu soruluk Gorusme Protokolu (nokta / dogru / duzlem denince ne anliyorsunuz, orneklerle aciklayiniz); 30 ogrenciyle pilot calisma, uc alan uzmani + bir dil uzmani + iki matematik ogretmeni gorusu; cevaplar 0-3 algi duzeyi rubrigine gore kodlanmis (basili s. 86-87)","Nokta, dogru ve duzlem geometrinin temel yapilari oldugundan ogretmenlerin bu kavramlarin ogretimine oncelik vermesi; ogrencinin kendi kesfetmesini saglayacak ogretim surecleri ve mumkun oldugunca somut orneklerle destek (s. 98)",YOK,1,3,s. 92,"Tablo 7. Makale sonucta: 'Bazi ogrenciler dogru kavramini duzlem, dogru parcasi, isin ve aci kavrami ile karistirarak yanlis ifade etmislerdir' (s. 97). || PAYDA UYARISI: tablodaki yuzde TUM ORNEKLEM (461) uzerinden DEGIL, o algi duzeyi temasindaki ogrenci sayisi uzerinden hesaplanmistir. Bu satirin paydasi: 213. Tum orneklege gore ham frekans: 5/461. Oran bu haliyle bir yayginlik tahmini DEGILDIR; yayin asamasinda ya payda birlikte verilmeli ya da 461 uzerinden yeniden hesaplanmalidir. || Makale her kavram icin cevaplari once 0-3 ALGI DUZEYI temasina, sonra her temayi yanilgi duzeyinde ALT TEMALARA ayirip f ve %% veriyor. Alt temalar yanilgi duzeyinde oldugu icin K1'e uygun oran kaynagidir. || lemma_basamagi=1 gerekcesi: makalenin kendi teshisi, ogrencilerin tanimsiz kavramlarin (nokta/dogru/duzlem) SOMUT KARSILIGINI bilmemesi - noktaya boyut katma, dogruyu iki boyutlu sanma, duzlemi sinirlandirma (s. 97). Bu Basamak 1 (Goster) tanimina birebir oturuyor. Not: duzlemi masa/duvar yuzeyiyle ozdeslestirme satirinda ogretim modelinin payi olabilir (Basamak 2); makale bunu acikca soylemedigi icin kural geregi en erken basamak birakildi. || lgs_kazanim_tahmini BOS: nokta, dogru ve duzlem MEB 2018 6-8 programinda (kazanim-listesi.txt, 215 kod) tanimsiz kavram olarak ayri kazanim halinde YOK - arandi, karsiligi bulunamadi.",
MAKALE:10.7822/egt12,"Dane, Arif; Başkurt, Hasan",2012,Erzincan Üniversitesi,MAKALE,2005,karma,461,Doğu Anadolu Bölgesi (il adı verilmemiş),DİĞER: Temel geometri,,Doğruyu düzlem ile karıştırma,Öğrenci doğruyu düzlem olarak ifade ediyor; tek boyutlu doğruyu iki boyutlu bir kavram gibi algılıyor.,"Alt tema: ""Düzlem"" (13 öğrenci)",%6,"Uzman gorusleriyle olusturulan yari yapilandirilmis uc acik uclu soruluk Gorusme Protokolu (nokta / dogru / duzlem denince ne anliyorsunuz, orneklerle aciklayiniz); 30 ogrenciyle pilot calisma, uc alan uzmani + bir dil uzmani + iki matematik ogretmeni gorusu; cevaplar 0-3 algi duzeyi rubrigine gore kodlanmis (basili s. 86-87)","Nokta, dogru ve duzlem geometrinin temel yapilari oldugundan ogretmenlerin bu kavramlarin ogretimine oncelik vermesi; ogrencinin kendi kesfetmesini saglayacak ogretim surecleri ve mumkun oldugunca somut orneklerle destek (s. 98)",YOK,1,3,s. 92,"Tablo 7. Makale: 'Ogrencilerin dogruyu iki boyutlu kavram gibi algilamislardir' (s. 97). || PAYDA UYARISI: tablodaki yuzde TUM ORNEKLEM (461) uzerinden DEGIL, o algi duzeyi temasindaki ogrenci sayisi uzerinden hesaplanmistir. Bu satirin paydasi: 213. Tum orneklege gore ham frekans: 13/461. Oran bu haliyle bir yayginlik tahmini DEGILDIR; yayin asamasinda ya payda birlikte verilmeli ya da 461 uzerinden yeniden hesaplanmalidir. || Makale her kavram icin cevaplari once 0-3 ALGI DUZEYI temasina, sonra her temayi yanilgi duzeyinde ALT TEMALARA ayirip f ve %% veriyor. Alt temalar yanilgi duzeyinde oldugu icin K1'e uygun oran kaynagidir. || lemma_basamagi=1 gerekcesi: makalenin kendi teshisi, ogrencilerin tanimsiz kavramlarin (nokta/dogru/duzlem) SOMUT KARSILIGINI bilmemesi - noktaya boyut katma, dogruyu iki boyutlu sanma, duzlemi sinirlandirma (s. 97). Bu Basamak 1 (Goster) tanimina birebir oturuyor. Not: duzlemi masa/duvar yuzeyiyle ozdeslestirme satirinda ogretim modelinin payi olabilir (Basamak 2); makale bunu acikca soylemedigi icin kural geregi en erken basamak birakildi. || lgs_kazanim_tahmini BOS: nokta, dogru ve duzlem MEB 2018 6-8 programinda (kazanim-listesi.txt, 215 kod) tanimsiz kavram olarak ayri kazanim halinde YOK - arandi, karsiligi bulunamadi.",
MAKALE:10.7822/egt12,"Dane, Arif; Başkurt, Hasan",2012,Erzincan Üniversitesi,MAKALE,2005,karma,461,Doğu Anadolu Bölgesi (il adı verilmemiş),DİĞER: Temel geometri,,Doğruyu ahlaki veya yazılı doğruluk sanma,"Öğrenci 'doğru' sözcüğünü geometrik kavram olarak değil, sınavda cevabın doğru olması ya da ahlaki doğruluk anlamında alıyor.","Alt tema: ""Yazılıda sorunun doğru olması, ahlaki doğruluk"" (47 öğrenci)",%22,"Uzman gorusleriyle olusturulan yari yapilandirilmis uc acik uclu soruluk Gorusme Protokolu (nokta / dogru / duzlem denince ne anliyorsunuz, orneklerle aciklayiniz); 30 ogrenciyle pilot calisma, uc alan uzmani + bir dil uzmani + iki matematik ogretmeni gorusu; cevaplar 0-3 algi duzeyi rubrigine gore kodlanmis (basili s. 86-87)","Nokta, dogru ve duzlem geometrinin temel yapilari oldugundan ogretmenlerin bu kavramlarin ogretimine oncelik vermesi; ogrencinin kendi kesfetmesini saglayacak ogretim surecleri ve mumkun oldugunca somut orneklerle destek (s. 98)",YOK,1,3,s. 92,"Tablo 7. Bu satir bir gunluk-dil / matematik-dili catismasidir: kavramin adi gunluk anlamiyla okunuyor. || PAYDA UYARISI: tablodaki yuzde TUM ORNEKLEM (461) uzerinden DEGIL, o algi duzeyi temasindaki ogrenci sayisi uzerinden hesaplanmistir. Bu satirin paydasi: 213. Tum orneklege gore ham frekans: 47/461. Oran bu haliyle bir yayginlik tahmini DEGILDIR; yayin asamasinda ya payda birlikte verilmeli ya da 461 uzerinden yeniden hesaplanmalidir. || Makale her kavram icin cevaplari once 0-3 ALGI DUZEYI temasina, sonra her temayi yanilgi duzeyinde ALT TEMALARA ayirip f ve %% veriyor. Alt temalar yanilgi duzeyinde oldugu icin K1'e uygun oran kaynagidir. || lemma_basamagi=1 gerekcesi: makalenin kendi teshisi, ogrencilerin tanimsiz kavramlarin (nokta/dogru/duzlem) SOMUT KARSILIGINI bilmemesi - noktaya boyut katma, dogruyu iki boyutlu sanma, duzlemi sinirlandirma (s. 97). Bu Basamak 1 (Goster) tanimina birebir oturuyor. Not: duzlemi masa/duvar yuzeyiyle ozdeslestirme satirinda ogretim modelinin payi olabilir (Basamak 2); makale bunu acikca soylemedigi icin kural geregi en erken basamak birakildi. || lgs_kazanim_tahmini BOS: nokta, dogru ve duzlem MEB 2018 6-8 programinda (kazanim-listesi.txt, 215 kod) tanimsiz kavram olarak ayri kazanim halinde YOK - arandi, karsiligi bulunamadi.",
MAKALE:10.7822/egt12,"Dane, Arif; Başkurt, Hasan",2012,Erzincan Üniversitesi,MAKALE,2005,karma,461,Doğu Anadolu Bölgesi (il adı verilmemiş),DİĞER: Temel geometri,,Doğruyu doğru açı ile karıştırma,Öğrenci doğru kavramını 'doğru açı' ile karıştırıyor; adlandırma benzerliğinden yanlış kavrama gidiyor.,"Alt tema: ""Doğru açı"" (7 öğrenci)","%7,5","Uzman gorusleriyle olusturulan yari yapilandirilmis uc acik uclu soruluk Gorusme Protokolu (nokta / dogru / duzlem denince ne anliyorsunuz, orneklerle aciklayiniz); 30 ogrenciyle pilot calisma, uc alan uzmani + bir dil uzmani + iki matematik ogretmeni gorusu; cevaplar 0-3 algi duzeyi rubrigine gore kodlanmis (basili s. 86-87)",Konular anlatilmadan once on-sart bilgilerindeki eksikliklerin giderilmesi; her konu sonunda notla degerlendirilmeyecek sinavlarla eksik ve yanilgilarin tespit edilip giderilmesi (s. 98),YOK,1,3,s. 92,"Tablo 8. K4: 381134'te 'Dogru aciyi dogru parcasi sanma' ve 'Dik aci ile dogru aciyi karistirma' satirlari var - farkli yanilgilar ama ayni adlandirma karisikligi ailesinden. || PAYDA UYARISI: tablodaki yuzde TUM ORNEKLEM (461) uzerinden DEGIL, o algi duzeyi temasindaki ogrenci sayisi uzerinden hesaplanmistir. Bu satirin paydasi: 98. Tum orneklege gore ham frekans: 7/461. Oran bu haliyle bir yayginlik tahmini DEGILDIR; yayin asamasinda ya payda birlikte verilmeli ya da 461 uzerinden yeniden hesaplanmalidir. || Makale her kavram icin cevaplari once 0-3 ALGI DUZEYI temasina, sonra her temayi yanilgi duzeyinde ALT TEMALARA ayirip f ve %% veriyor. Alt temalar yanilgi duzeyinde oldugu icin K1'e uygun oran kaynagidir. || K2 SINIR DURUMU: makale '1' algi duzeyini 'kavrami sinirli duzeyde anlayip ifade edenler' diye tanimliyor; bu satir tam bir kavram yanilgisi degil eksik/kisitli anlama olabilir. || lemma_basamagi=1 gerekcesi: makalenin kendi teshisi, ogrencilerin tanimsiz kavramlarin (nokta/dogru/duzlem) SOMUT KARSILIGINI bilmemesi - noktaya boyut katma, dogruyu iki boyutlu sanma, duzlemi sinirlandirma (s. 97). Bu Basamak 1 (Goster) tanimina birebir oturuyor. Not: duzlemi masa/duvar yuzeyiyle ozdeslestirme satirinda ogretim modelinin payi olabilir (Basamak 2); makale bunu acikca soylemedigi icin kural geregi en erken basamak birakildi. || lgs_kazanim_tahmini BOS: nokta, dogru ve duzlem MEB 2018 6-8 programinda (kazanim-listesi.txt, 215 kod) tanimsiz kavram olarak ayri kazanim halinde YOK - arandi, karsiligi bulunamadi.",
MAKALE:10.7822/egt12,"Dane, Arif; Başkurt, Hasan",2012,Erzincan Üniversitesi,MAKALE,2005,karma,461,Doğu Anadolu Bölgesi (il adı verilmemiş),DİĞER: Temel geometri,,Doğruyu sonsuz uzunlukta çizgi sanma,"Öğrenci doğruyu sonsuz uzunluktaki çizgi, iki ucu da sonsuza kadar giden bir çizgi olarak ifade ediyor; noktalar kümesi tanımına ulaşmıyor.","Alt tema: ""Sonsuz uzunlukta ki çizgi, iki ucu da sonsuza kadar giden bir çizgi"" (69 öğrenci)",%70,"Uzman gorusleriyle olusturulan yari yapilandirilmis uc acik uclu soruluk Gorusme Protokolu (nokta / dogru / duzlem denince ne anliyorsunuz, orneklerle aciklayiniz); 30 ogrenciyle pilot calisma, uc alan uzmani + bir dil uzmani + iki matematik ogretmeni gorusu; cevaplar 0-3 algi duzeyi rubrigine gore kodlanmis (basili s. 86-87)",Konular anlatilmadan once on-sart bilgilerindeki eksikliklerin giderilmesi; her konu sonunda notla degerlendirilmeyecek sinavlarla eksik ve yanilgilarin tespit edilip giderilmesi (s. 98),YOK,1,3,s. 92,"Tablo 8. || PAYDA UYARISI: tablodaki yuzde TUM ORNEKLEM (461) uzerinden DEGIL, o algi duzeyi temasindaki ogrenci sayisi uzerinden hesaplanmistir. Bu satirin paydasi: 98. Tum orneklege gore ham frekans: 69/461. Oran bu haliyle bir yayginlik tahmini DEGILDIR; yayin asamasinda ya payda birlikte verilmeli ya da 461 uzerinden yeniden hesaplanmalidir. || Makale her kavram icin cevaplari once 0-3 ALGI DUZEYI temasina, sonra her temayi yanilgi duzeyinde ALT TEMALARA ayirip f ve %% veriyor. Alt temalar yanilgi duzeyinde oldugu icin K1'e uygun oran kaynagidir. || K2 SINIR DURUMU: makale '1' algi duzeyini 'kavrami sinirli duzeyde anlayip ifade edenler' diye tanimliyor; bu satir tam bir kavram yanilgisi degil eksik/kisitli anlama olabilir. || lemma_basamagi=1 gerekcesi: makalenin kendi teshisi, ogrencilerin tanimsiz kavramlarin (nokta/dogru/duzlem) SOMUT KARSILIGINI bilmemesi - noktaya boyut katma, dogruyu iki boyutlu sanma, duzlemi sinirlandirma (s. 97). Bu Basamak 1 (Goster) tanimina birebir oturuyor. Not: duzlemi masa/duvar yuzeyiyle ozdeslestirme satirinda ogretim modelinin payi olabilir (Basamak 2); makale bunu acikca soylemedigi icin kural geregi en erken basamak birakildi. || lgs_kazanim_tahmini BOS: nokta, dogru ve duzlem MEB 2018 6-8 programinda (kazanim-listesi.txt, 215 kod) tanimsiz kavram olarak ayri kazanim halinde YOK - arandi, karsiligi bulunamadi.",
MAKALE:10.7822/egt12,"Dane, Arif; Başkurt, Hasan",2012,Erzincan Üniversitesi,MAKALE,2005,karma,461,Doğu Anadolu Bölgesi (il adı verilmemiş),DİĞER: Temel geometri,,Doğruyu geometrik cisim veya madde sanma,Öğrenci doğruyu noktalardan oluşan iki ucu sınırsız bir geometrik cisim ya da madde olarak tanımlıyor; doğruya maddi varlık atfediyor.,"Alt tema: ""Noktalardan oluşan iki ucu sınırsız olan geometrik cisim, madde"" (7 öğrenci)","%7,5","Uzman gorusleriyle olusturulan yari yapilandirilmis uc acik uclu soruluk Gorusme Protokolu (nokta / dogru / duzlem denince ne anliyorsunuz, orneklerle aciklayiniz); 30 ogrenciyle pilot calisma, uc alan uzmani + bir dil uzmani + iki matematik ogretmeni gorusu; cevaplar 0-3 algi duzeyi rubrigine gore kodlanmis (basili s. 86-87)",Konular anlatilmadan once on-sart bilgilerindeki eksikliklerin giderilmesi; her konu sonunda notla degerlendirilmeyecek sinavlarla eksik ve yanilgilarin tespit edilip giderilmesi (s. 98),YOK,1,3,s. 92,"Tablo 8. || PAYDA UYARISI: tablodaki yuzde TUM ORNEKLEM (461) uzerinden DEGIL, o algi duzeyi temasindaki ogrenci sayisi uzerinden hesaplanmistir. Bu satirin paydasi: 98. Tum orneklege gore ham frekans: 7/461. Oran bu haliyle bir yayginlik tahmini DEGILDIR; yayin asamasinda ya payda birlikte verilmeli ya da 461 uzerinden yeniden hesaplanmalidir. || Makale her kavram icin cevaplari once 0-3 ALGI DUZEYI temasina, sonra her temayi yanilgi duzeyinde ALT TEMALARA ayirip f ve %% veriyor. Alt temalar yanilgi duzeyinde oldugu icin K1'e uygun oran kaynagidir. || K2 SINIR DURUMU: makale '1' algi duzeyini 'kavrami sinirli duzeyde anlayip ifade edenler' diye tanimliyor; bu satir tam bir kavram yanilgisi degil eksik/kisitli anlama olabilir. || lemma_basamagi=1 gerekcesi: makalenin kendi teshisi, ogrencilerin tanimsiz kavramlarin (nokta/dogru/duzlem) SOMUT KARSILIGINI bilmemesi - noktaya boyut katma, dogruyu iki boyutlu sanma, duzlemi sinirlandirma (s. 97). Bu Basamak 1 (Goster) tanimina birebir oturuyor. Not: duzlemi masa/duvar yuzeyiyle ozdeslestirme satirinda ogretim modelinin payi olabilir (Basamak 2); makale bunu acikca soylemedigi icin kural geregi en erken basamak birakildi. || lgs_kazanim_tahmini BOS: nokta, dogru ve duzlem MEB 2018 6-8 programinda (kazanim-listesi.txt, 215 kod) tanimsiz kavram olarak ayri kazanim halinde YOK - arandi, karsiligi bulunamadi.",
MAKALE:10.7822/egt12,"Dane, Arif; Başkurt, Hasan",2012,Erzincan Üniversitesi,MAKALE,2005,karma,461,Doğu Anadolu Bölgesi (il adı verilmemiş),DİĞER: Temel geometri,,Doğruyu yalnız iki ucu sınırsız kavram diye tanımlama,Öğrenci doğruyu yalnızca 'iki ucu sınırsız geometrik kavram' diye tanımlıyor; doğrusallık ve noktalar kümesi ölçütünü vermiyor.,"Alt tema: ""İki ucu sınırsız geometrik kavram"" (15 öğrenci)",%15,"Uzman gorusleriyle olusturulan yari yapilandirilmis uc acik uclu soruluk Gorusme Protokolu (nokta / dogru / duzlem denince ne anliyorsunuz, orneklerle aciklayiniz); 30 ogrenciyle pilot calisma, uc alan uzmani + bir dil uzmani + iki matematik ogretmeni gorusu; cevaplar 0-3 algi duzeyi rubrigine gore kodlanmis (basili s. 86-87)",Konular anlatilmadan once on-sart bilgilerindeki eksikliklerin giderilmesi; her konu sonunda notla degerlendirilmeyecek sinavlarla eksik ve yanilgilarin tespit edilip giderilmesi (s. 98),YOK,1,3,s. 92,"Tablo 8. || PAYDA UYARISI: tablodaki yuzde TUM ORNEKLEM (461) uzerinden DEGIL, o algi duzeyi temasindaki ogrenci sayisi uzerinden hesaplanmistir. Bu satirin paydasi: 98. Tum orneklege gore ham frekans: 15/461. Oran bu haliyle bir yayginlik tahmini DEGILDIR; yayin asamasinda ya payda birlikte verilmeli ya da 461 uzerinden yeniden hesaplanmalidir. || Makale her kavram icin cevaplari once 0-3 ALGI DUZEYI temasina, sonra her temayi yanilgi duzeyinde ALT TEMALARA ayirip f ve %% veriyor. Alt temalar yanilgi duzeyinde oldugu icin K1'e uygun oran kaynagidir. || K2 SINIR DURUMU: makale '1' algi duzeyini 'kavrami sinirli duzeyde anlayip ifade edenler' diye tanimliyor; bu satir tam bir kavram yanilgisi degil eksik/kisitli anlama olabilir. || lemma_basamagi=1 gerekcesi: makalenin kendi teshisi, ogrencilerin tanimsiz kavramlarin (nokta/dogru/duzlem) SOMUT KARSILIGINI bilmemesi - noktaya boyut katma, dogruyu iki boyutlu sanma, duzlemi sinirlandirma (s. 97). Bu Basamak 1 (Goster) tanimina birebir oturuyor. Not: duzlemi masa/duvar yuzeyiyle ozdeslestirme satirinda ogretim modelinin payi olabilir (Basamak 2); makale bunu acikca soylemedigi icin kural geregi en erken basamak birakildi. || lgs_kazanim_tahmini BOS: nokta, dogru ve duzlem MEB 2018 6-8 programinda (kazanim-listesi.txt, 215 kod) tanimsiz kavram olarak ayri kazanim halinde YOK - arandi, karsiligi bulunamadi.",
MAKALE:10.7822/egt12,"Dane, Arif; Başkurt, Hasan",2012,Erzincan Üniversitesi,MAKALE,2005,karma,461,Doğu Anadolu Bölgesi (il adı verilmemiş),DİĞER: Temel geometri,,Düzlemi doğru parçası sanma,"Öğrenci iki boyutlu düzlemi, sınırlı ve tek boyutlu doğru parçası olarak ifade ediyor.","Alt tema: ""Doğru parçası"" (37 öğrenci)",%16,"Uzman gorusleriyle olusturulan yari yapilandirilmis uc acik uclu soruluk Gorusme Protokolu (nokta / dogru / duzlem denince ne anliyorsunuz, orneklerle aciklayiniz); 30 ogrenciyle pilot calisma, uc alan uzmani + bir dil uzmani + iki matematik ogretmeni gorusu; cevaplar 0-3 algi duzeyi rubrigine gore kodlanmis (basili s. 86-87)","Nokta, dogru ve duzlem geometrinin temel yapilari oldugundan ogretmenlerin bu kavramlarin ogretimine oncelik vermesi; ogrencinin kendi kesfetmesini saglayacak ogretim surecleri ve mumkun oldugunca somut orneklerle destek (s. 98)",YOK,1,3,s. 94,"Tablo 11. Makale: 'Ogrenciler duzlemi bir boyutlu kavram olarak dusunmuslerdir' (s. 97). || PAYDA UYARISI: tablodaki yuzde TUM ORNEKLEM (461) uzerinden DEGIL, o algi duzeyi temasindaki ogrenci sayisi uzerinden hesaplanmistir. Bu satirin paydasi: 233. Tum orneklege gore ham frekans: 37/461. Oran bu haliyle bir yayginlik tahmini DEGILDIR; yayin asamasinda ya payda birlikte verilmeli ya da 461 uzerinden yeniden hesaplanmalidir. || Makale her kavram icin cevaplari once 0-3 ALGI DUZEYI temasina, sonra her temayi yanilgi duzeyinde ALT TEMALARA ayirip f ve %% veriyor. Alt temalar yanilgi duzeyinde oldugu icin K1'e uygun oran kaynagidir. || lemma_basamagi=1 gerekcesi: makalenin kendi teshisi, ogrencilerin tanimsiz kavramlarin (nokta/dogru/duzlem) SOMUT KARSILIGINI bilmemesi - noktaya boyut katma, dogruyu iki boyutlu sanma, duzlemi sinirlandirma (s. 97). Bu Basamak 1 (Goster) tanimina birebir oturuyor. Not: duzlemi masa/duvar yuzeyiyle ozdeslestirme satirinda ogretim modelinin payi olabilir (Basamak 2); makale bunu acikca soylemedigi icin kural geregi en erken basamak birakildi. || lgs_kazanim_tahmini BOS: nokta, dogru ve duzlem MEB 2018 6-8 programinda (kazanim-listesi.txt, 215 kod) tanimsiz kavram olarak ayri kazanim halinde YOK - arandi, karsiligi bulunamadi.",
MAKALE:10.7822/egt12,"Dane, Arif; Başkurt, Hasan",2012,Erzincan Üniversitesi,MAKALE,2005,karma,461,Doğu Anadolu Bölgesi (il adı verilmemiş),DİĞER: Temel geometri,,Düzlemi doğru sanma,Öğrenci düzlemi doğru olarak ifade ediyor; iki boyutlu kavramı tek boyuta indirgiyor.,"Alt tema: ""Doğru"" (21 öğrenci)",%9,"Uzman gorusleriyle olusturulan yari yapilandirilmis uc acik uclu soruluk Gorusme Protokolu (nokta / dogru / duzlem denince ne anliyorsunuz, orneklerle aciklayiniz); 30 ogrenciyle pilot calisma, uc alan uzmani + bir dil uzmani + iki matematik ogretmeni gorusu; cevaplar 0-3 algi duzeyi rubrigine gore kodlanmis (basili s. 86-87)","Nokta, dogru ve duzlem geometrinin temel yapilari oldugundan ogretmenlerin bu kavramlarin ogretimine oncelik vermesi; ogrencinin kendi kesfetmesini saglayacak ogretim surecleri ve mumkun oldugunca somut orneklerle destek (s. 98)",YOK,1,3,s. 94,"Tablo 11. K4: 381134'te 'Duzlemi dogru sanma' satiri var - satirlar BIRLESTIRILMEDI. || PAYDA UYARISI: tablodaki yuzde TUM ORNEKLEM (461) uzerinden DEGIL, o algi duzeyi temasindaki ogrenci sayisi uzerinden hesaplanmistir. Bu satirin paydasi: 233. Tum orneklege gore ham frekans: 21/461. Oran bu haliyle bir yayginlik tahmini DEGILDIR; yayin asamasinda ya payda birlikte verilmeli ya da 461 uzerinden yeniden hesaplanmalidir. || Makale her kavram icin cevaplari once 0-3 ALGI DUZEYI temasina, sonra her temayi yanilgi duzeyinde ALT TEMALARA ayirip f ve %% veriyor. Alt temalar yanilgi duzeyinde oldugu icin K1'e uygun oran kaynagidir. || lemma_basamagi=1 gerekcesi: makalenin kendi teshisi, ogrencilerin tanimsiz kavramlarin (nokta/dogru/duzlem) SOMUT KARSILIGINI bilmemesi - noktaya boyut katma, dogruyu iki boyutlu sanma, duzlemi sinirlandirma (s. 97). Bu Basamak 1 (Goster) tanimina birebir oturuyor. Not: duzlemi masa/duvar yuzeyiyle ozdeslestirme satirinda ogretim modelinin payi olabilir (Basamak 2); makale bunu acikca soylemedigi icin kural geregi en erken basamak birakildi. || lgs_kazanim_tahmini BOS: nokta, dogru ve duzlem MEB 2018 6-8 programinda (kazanim-listesi.txt, 215 kod) tanimsiz kavram olarak ayri kazanim halinde YOK - arandi, karsiligi bulunamadi.",
MAKALE:10.7822/egt12,"Dane, Arif; Başkurt, Hasan",2012,Erzincan Üniversitesi,MAKALE,2005,karma,461,Doğu Anadolu Bölgesi (il adı verilmemiş),DİĞER: Temel geometri,,Düzlemi çokgen veya dikdörtgen şekil sanma,"Öğrenci düzlemi sonsuz değil, çokgen ya da dikdörtgen şeklinde yer kaplayan sınırlı bir şekil olarak düşünüyor.","Alt tema: ""Çokgen, dikdörtgen şeklinde bir yer kaplayan şekil"" (27 öğrenci). Ö 100: ""Kare, dikdörtgen gibi kenarların düz olmasıdır..""",%12,"Uzman gorusleriyle olusturulan yari yapilandirilmis uc acik uclu soruluk Gorusme Protokolu (nokta / dogru / duzlem denince ne anliyorsunuz, orneklerle aciklayiniz); 30 ogrenciyle pilot calisma, uc alan uzmani + bir dil uzmani + iki matematik ogretmeni gorusu; cevaplar 0-3 algi duzeyi rubrigine gore kodlanmis (basili s. 86-87)","Nokta, dogru ve duzlem geometrinin temel yapilari oldugundan ogretmenlerin bu kavramlarin ogretimine oncelik vermesi; ogrencinin kendi kesfetmesini saglayacak ogretim surecleri ve mumkun oldugunca somut orneklerle destek (s. 98)",YOK,1,3,s. 94-95,"Tablo 11. Makale: 'duzlemi alan ve aci olarak ifade ederek duzlemi sinirlandirmislardir' (s. 97). K4: 381134'te 'Duzlem sinirli dikdortgen bolgedir' ve 'Duzlemi dikdortgensel bolge olarak cizme' satirlari var - satirlar BIRLESTIRILMEDI. || PAYDA UYARISI: tablodaki yuzde TUM ORNEKLEM (461) uzerinden DEGIL, o algi duzeyi temasindaki ogrenci sayisi uzerinden hesaplanmistir. Bu satirin paydasi: 233. Tum orneklege gore ham frekans: 27/461. Oran bu haliyle bir yayginlik tahmini DEGILDIR; yayin asamasinda ya payda birlikte verilmeli ya da 461 uzerinden yeniden hesaplanmalidir. || Makale her kavram icin cevaplari once 0-3 ALGI DUZEYI temasina, sonra her temayi yanilgi duzeyinde ALT TEMALARA ayirip f ve %% veriyor. Alt temalar yanilgi duzeyinde oldugu icin K1'e uygun oran kaynagidir. || lemma_basamagi=1 gerekcesi: makalenin kendi teshisi, ogrencilerin tanimsiz kavramlarin (nokta/dogru/duzlem) SOMUT KARSILIGINI bilmemesi - noktaya boyut katma, dogruyu iki boyutlu sanma, duzlemi sinirlandirma (s. 97). Bu Basamak 1 (Goster) tanimina birebir oturuyor. Not: duzlemi masa/duvar yuzeyiyle ozdeslestirme satirinda ogretim modelinin payi olabilir (Basamak 2); makale bunu acikca soylemedigi icin kural geregi en erken basamak birakildi. || lgs_kazanim_tahmini BOS: nokta, dogru ve duzlem MEB 2018 6-8 programinda (kazanim-listesi.txt, 215 kod) tanimsiz kavram olarak ayri kazanim halinde YOK - arandi, karsiligi bulunamadi.",
MAKALE:10.7822/egt12,"Dane, Arif; Başkurt, Hasan",2012,Erzincan Üniversitesi,MAKALE,2005,karma,461,Doğu Anadolu Bölgesi (il adı verilmemiş),DİĞER: Temel geometri,,Düzlemi düz bir alan veya bölge sanma,"Öğrenci düzlemi sınırsız bir yüzey değil, düz bir alan ya da bölge olarak düşünüyor.","Alt tema: ""Düz bir alan, bölge"" (21 öğrenci). Ö 58: ""Açısal bölgedir…""",%9,"Uzman gorusleriyle olusturulan yari yapilandirilmis uc acik uclu soruluk Gorusme Protokolu (nokta / dogru / duzlem denince ne anliyorsunuz, orneklerle aciklayiniz); 30 ogrenciyle pilot calisma, uc alan uzmani + bir dil uzmani + iki matematik ogretmeni gorusu; cevaplar 0-3 algi duzeyi rubrigine gore kodlanmis (basili s. 86-87)","Nokta, dogru ve duzlem geometrinin temel yapilari oldugundan ogretmenlerin bu kavramlarin ogretimine oncelik vermesi; ogrencinin kendi kesfetmesini saglayacak ogretim surecleri ve mumkun oldugunca somut orneklerle destek (s. 98)",YOK,1,3,s. 94-95,"Tablo 11. K4: 381134'te 'Duzlemi alan sanma' satiri var - satirlar BIRLESTIRILMEDI. || PAYDA UYARISI: tablodaki yuzde TUM ORNEKLEM (461) uzerinden DEGIL, o algi duzeyi temasindaki ogrenci sayisi uzerinden hesaplanmistir. Bu satirin paydasi: 233. Tum orneklege gore ham frekans: 21/461. Oran bu haliyle bir yayginlik tahmini DEGILDIR; yayin asamasinda ya payda birlikte verilmeli ya da 461 uzerinden yeniden hesaplanmalidir. || Makale her kavram icin cevaplari once 0-3 ALGI DUZEYI temasina, sonra her temayi yanilgi duzeyinde ALT TEMALARA ayirip f ve %% veriyor. Alt temalar yanilgi duzeyinde oldugu icin K1'e uygun oran kaynagidir. || lemma_basamagi=1 gerekcesi: makalenin kendi teshisi, ogrencilerin tanimsiz kavramlarin (nokta/dogru/duzlem) SOMUT KARSILIGINI bilmemesi - noktaya boyut katma, dogruyu iki boyutlu sanma, duzlemi sinirlandirma (s. 97). Bu Basamak 1 (Goster) tanimina birebir oturuyor. Not: duzlemi masa/duvar yuzeyiyle ozdeslestirme satirinda ogretim modelinin payi olabilir (Basamak 2); makale bunu acikca soylemedigi icin kural geregi en erken basamak birakildi. || lgs_kazanim_tahmini BOS: nokta, dogru ve duzlem MEB 2018 6-8 programinda (kazanim-listesi.txt, 215 kod) tanimsiz kavram olarak ayri kazanim halinde YOK - arandi, karsiligi bulunamadi.",
MAKALE:10.7822/egt12,"Dane, Arif; Başkurt, Hasan",2012,Erzincan Üniversitesi,MAKALE,2005,karma,461,Doğu Anadolu Bölgesi (il adı verilmemiş),DİĞER: Temel geometri,,Düzlemi çizgi sanma,Öğrenci düzlemi çizgi ya da düz çizgi olarak ifade ediyor.,"Alt tema: ""Çizgi, düz çizgi"" (37 öğrenci)",%16,"Uzman gorusleriyle olusturulan yari yapilandirilmis uc acik uclu soruluk Gorusme Protokolu (nokta / dogru / duzlem denince ne anliyorsunuz, orneklerle aciklayiniz); 30 ogrenciyle pilot calisma, uc alan uzmani + bir dil uzmani + iki matematik ogretmeni gorusu; cevaplar 0-3 algi duzeyi rubrigine gore kodlanmis (basili s. 86-87)","Nokta, dogru ve duzlem geometrinin temel yapilari oldugundan ogretmenlerin bu kavramlarin ogretimine oncelik vermesi; ogrencinin kendi kesfetmesini saglayacak ogretim surecleri ve mumkun oldugunca somut orneklerle destek (s. 98)",YOK,1,3,s. 94,"Tablo 11. || PAYDA UYARISI: tablodaki yuzde TUM ORNEKLEM (461) uzerinden DEGIL, o algi duzeyi temasindaki ogrenci sayisi uzerinden hesaplanmistir. Bu satirin paydasi: 233. Tum orneklege gore ham frekans: 37/461. Oran bu haliyle bir yayginlik tahmini DEGILDIR; yayin asamasinda ya payda birlikte verilmeli ya da 461 uzerinden yeniden hesaplanmalidir. || Makale her kavram icin cevaplari once 0-3 ALGI DUZEYI temasina, sonra her temayi yanilgi duzeyinde ALT TEMALARA ayirip f ve %% veriyor. Alt temalar yanilgi duzeyinde oldugu icin K1'e uygun oran kaynagidir. || lemma_basamagi=1 gerekcesi: makalenin kendi teshisi, ogrencilerin tanimsiz kavramlarin (nokta/dogru/duzlem) SOMUT KARSILIGINI bilmemesi - noktaya boyut katma, dogruyu iki boyutlu sanma, duzlemi sinirlandirma (s. 97). Bu Basamak 1 (Goster) tanimina birebir oturuyor. Not: duzlemi masa/duvar yuzeyiyle ozdeslestirme satirinda ogretim modelinin payi olabilir (Basamak 2); makale bunu acikca soylemedigi icin kural geregi en erken basamak birakildi. || lgs_kazanim_tahmini BOS: nokta, dogru ve duzlem MEB 2018 6-8 programinda (kazanim-listesi.txt, 215 kod) tanimsiz kavram olarak ayri kazanim halinde YOK - arandi, karsiligi bulunamadi.",
MAKALE:10.7822/egt12,"Dane, Arif; Başkurt, Hasan",2012,Erzincan Üniversitesi,MAKALE,2005,karma,461,Doğu Anadolu Bölgesi (il adı verilmemiş),DİĞER: Temel geometri,,Düzlemi yamuk olmayan geniş şekil sanma,"Öğrenci düzlemi geniş ve uzun şekiller, düz ve yamuk olmayan şekiller olarak tanımlıyor; ölçütü düzlüğe indirgiyor.","Alt tema: ""Geniş ve uzun şekiller, düz ve yamuk olmayan şekiller"" (15 öğrenci). Ö 58: ""Düz ve yamuk olmayan şekiller..""",%9,"Uzman gorusleriyle olusturulan yari yapilandirilmis uc acik uclu soruluk Gorusme Protokolu (nokta / dogru / duzlem denince ne anliyorsunuz, orneklerle aciklayiniz); 30 ogrenciyle pilot calisma, uc alan uzmani + bir dil uzmani + iki matematik ogretmeni gorusu; cevaplar 0-3 algi duzeyi rubrigine gore kodlanmis (basili s. 86-87)",Konular anlatilmadan once on-sart bilgilerindeki eksikliklerin giderilmesi; her konu sonunda notla degerlendirilmeyecek sinavlarla eksik ve yanilgilarin tespit edilip giderilmesi (s. 98),YOK,1,3,s. 95-96,"Tablo 12. || PAYDA UYARISI: tablodaki yuzde TUM ORNEKLEM (461) uzerinden DEGIL, o algi duzeyi temasindaki ogrenci sayisi uzerinden hesaplanmistir. Bu satirin paydasi: 159. Tum orneklege gore ham frekans: 15/461. Oran bu haliyle bir yayginlik tahmini DEGILDIR; yayin asamasinda ya payda birlikte verilmeli ya da 461 uzerinden yeniden hesaplanmalidir. || Makale her kavram icin cevaplari once 0-3 ALGI DUZEYI temasina, sonra her temayi yanilgi duzeyinde ALT TEMALARA ayirip f ve %% veriyor. Alt temalar yanilgi duzeyinde oldugu icin K1'e uygun oran kaynagidir. || K2 SINIR DURUMU: makale '1' algi duzeyini 'kavrami sinirli duzeyde anlayip ifade edenler' diye tanimliyor; bu satir tam bir kavram yanilgisi degil eksik/kisitli anlama olabilir. || lemma_basamagi=1 gerekcesi: makalenin kendi teshisi, ogrencilerin tanimsiz kavramlarin (nokta/dogru/duzlem) SOMUT KARSILIGINI bilmemesi - noktaya boyut katma, dogruyu iki boyutlu sanma, duzlemi sinirlandirma (s. 97). Bu Basamak 1 (Goster) tanimina birebir oturuyor. Not: duzlemi masa/duvar yuzeyiyle ozdeslestirme satirinda ogretim modelinin payi olabilir (Basamak 2); makale bunu acikca soylemedigi icin kural geregi en erken basamak birakildi. || lgs_kazanim_tahmini BOS: nokta, dogru ve duzlem MEB 2018 6-8 programinda (kazanim-listesi.txt, 215 kod) tanimsiz kavram olarak ayri kazanim halinde YOK - arandi, karsiligi bulunamadi.",
MAKALE:10.7822/egt12,"Dane, Arif; Başkurt, Hasan",2012,Erzincan Üniversitesi,MAKALE,2005,karma,461,Doğu Anadolu Bölgesi (il adı verilmemiş),DİĞER: Temel geometri,,Düzlemi somut bir yüzeyle özdeşleştirme,"Öğrenci düzlemi ayna, masanın üst yüzeyi, kâğıdın yüzeyi, duvarın yüzeyi ya da sınıfın tabanı gibi somut ve sınırlı bir yüzeyle özdeşleştiriyor.","Alt tema: ""Ayna, masanın üst yüzeyi, kâğıdın yüzeyi, duvarın yüzeyi ve sınıfın tabanı ya da tavanı"" (109 öğrenci)",%69,"Uzman gorusleriyle olusturulan yari yapilandirilmis uc acik uclu soruluk Gorusme Protokolu (nokta / dogru / duzlem denince ne anliyorsunuz, orneklerle aciklayiniz); 30 ogrenciyle pilot calisma, uc alan uzmani + bir dil uzmani + iki matematik ogretmeni gorusu; cevaplar 0-3 algi duzeyi rubrigine gore kodlanmis (basili s. 86-87)",Konular anlatilmadan once on-sart bilgilerindeki eksikliklerin giderilmesi; her konu sonunda notla degerlendirilmeyecek sinavlarla eksik ve yanilgilarin tespit edilip giderilmesi (s. 98),YOK,1,3,s. 95,"Tablo 12. Duzlem icin en yuksek frekansli bulgu: 109 ogrenci. Ders kitaplarindaki duzlem modelleri (masa, duvar) modelin kendisiyle kavramin karistirilmasina yol aciyor. || PAYDA UYARISI: tablodaki yuzde TUM ORNEKLEM (461) uzerinden DEGIL, o algi duzeyi temasindaki ogrenci sayisi uzerinden hesaplanmistir. Bu satirin paydasi: 159. Tum orneklege gore ham frekans: 109/461. Oran bu haliyle bir yayginlik tahmini DEGILDIR; yayin asamasinda ya payda birlikte verilmeli ya da 461 uzerinden yeniden hesaplanmalidir. || Makale her kavram icin cevaplari once 0-3 ALGI DUZEYI temasina, sonra her temayi yanilgi duzeyinde ALT TEMALARA ayirip f ve %% veriyor. Alt temalar yanilgi duzeyinde oldugu icin K1'e uygun oran kaynagidir. || K2 SINIR DURUMU: makale '1' algi duzeyini 'kavrami sinirli duzeyde anlayip ifade edenler' diye tanimliyor; bu satir tam bir kavram yanilgisi degil eksik/kisitli anlama olabilir. || lemma_basamagi=1 gerekcesi: makalenin kendi teshisi, ogrencilerin tanimsiz kavramlarin (nokta/dogru/duzlem) SOMUT KARSILIGINI bilmemesi - noktaya boyut katma, dogruyu iki boyutlu sanma, duzlemi sinirlandirma (s. 97). Bu Basamak 1 (Goster) tanimina birebir oturuyor. Not: duzlemi masa/duvar yuzeyiyle ozdeslestirme satirinda ogretim modelinin payi olabilir (Basamak 2); makale bunu acikca soylemedigi icin kural geregi en erken basamak birakildi. || lgs_kazanim_tahmini BOS: nokta, dogru ve duzlem MEB 2018 6-8 programinda (kazanim-listesi.txt, 215 kod) tanimsiz kavram olarak ayri kazanim halinde YOK - arandi, karsiligi bulunamadi.",
MAKALE:10.7822/egt12,"Dane, Arif; Başkurt, Hasan",2012,Erzincan Üniversitesi,MAKALE,2005,karma,461,Doğu Anadolu Bölgesi (il adı verilmemiş),DİĞER: Temel geometri,,Düzlemi bir eşyanın düz olması sanma,"Öğrenci düzlemi bir eşyanın düz olması, eşyaların düz tarafı ya da cisimlerin düz olması olarak tanımlıyor.","Alt tema: ""Bir eşyanın düz olması, eşyaların düz tarafı ve cisimlerin düz olması"" (35 öğrenci)",%22,"Uzman gorusleriyle olusturulan yari yapilandirilmis uc acik uclu soruluk Gorusme Protokolu (nokta / dogru / duzlem denince ne anliyorsunuz, orneklerle aciklayiniz); 30 ogrenciyle pilot calisma, uc alan uzmani + bir dil uzmani + iki matematik ogretmeni gorusu; cevaplar 0-3 algi duzeyi rubrigine gore kodlanmis (basili s. 86-87)",Konular anlatilmadan once on-sart bilgilerindeki eksikliklerin giderilmesi; her konu sonunda notla degerlendirilmeyecek sinavlarla eksik ve yanilgilarin tespit edilip giderilmesi (s. 98),YOK,1,3,s. 95,"Tablo 12. K4: 381134'te 'Duz olan her sey duzlemdir' satiri var - satirlar BIRLESTIRILMEDI. || PAYDA UYARISI: tablodaki yuzde TUM ORNEKLEM (461) uzerinden DEGIL, o algi duzeyi temasindaki ogrenci sayisi uzerinden hesaplanmistir. Bu satirin paydasi: 159. Tum orneklege gore ham frekans: 35/461. Oran bu haliyle bir yayginlik tahmini DEGILDIR; yayin asamasinda ya payda birlikte verilmeli ya da 461 uzerinden yeniden hesaplanmalidir. || Makale her kavram icin cevaplari once 0-3 ALGI DUZEYI temasina, sonra her temayi yanilgi duzeyinde ALT TEMALARA ayirip f ve %% veriyor. Alt temalar yanilgi duzeyinde oldugu icin K1'e uygun oran kaynagidir. || K2 SINIR DURUMU: makale '1' algi duzeyini 'kavrami sinirli duzeyde anlayip ifade edenler' diye tanimliyor; bu satir tam bir kavram yanilgisi degil eksik/kisitli anlama olabilir. || lemma_basamagi=1 gerekcesi: makalenin kendi teshisi, ogrencilerin tanimsiz kavramlarin (nokta/dogru/duzlem) SOMUT KARSILIGINI bilmemesi - noktaya boyut katma, dogruyu iki boyutlu sanma, duzlemi sinirlandirma (s. 97). Bu Basamak 1 (Goster) tanimina birebir oturuyor. Not: duzlemi masa/duvar yuzeyiyle ozdeslestirme satirinda ogretim modelinin payi olabilir (Basamak 2); makale bunu acikca soylemedigi icin kural geregi en erken basamak birakildi. || lgs_kazanim_tahmini BOS: nokta, dogru ve duzlem MEB 2018 6-8 programinda (kazanim-listesi.txt, 215 kod) tanimsiz kavram olarak ayri kazanim halinde YOK - arandi, karsiligi bulunamadi.",
MAKALE:ZGEFD-13-2009,"Küçük, Ahmet; Demir, Barış",2009,Kocaeli Üniversitesi,MAKALE,2005,karma,200,Kocaeli,DİĞER: çokgenler,,Paralelkenar olanı ve olmayanı ayırt edememe,"Öğrencilerin çoğunun zihninde paralelkenar ile ilgili geometrik kavram tam olarak netleşmemiş; hangi geometrik şekillerin paralelkenar olduğunu, hangilerinin olmadığını ayırt edemiyorlar.",,,"En az 10 yillik matematik ogretmenlerinin gorusleri ve ogretmenlik uygulamasi dersi gozlemleri dogrultusunda olusturulan 7 soruluk olcme; ilk uc soru 7-8. siniflara (200 ogrenci), diger dort soru 6-7. siniflara (123 ogrenci) soruldu. Gecerlik/guvenirlik katsayisi BILDIRILMEMIS (basili s. 101)","Kavram ogretilirken o kavramin ne oldugunun yaninda NE OLMADIGININ da verilmesi; tanim verildikten sonra hangi ornegin kavrama girdigi hangisinin girmedigine dair ornekler sunulmasi (s. 99, s. 102)",YOK,1,1,s. 102,"tez_id: makalede DOI YOK; dergi kisaltmasi + sayi-yil kalibi kullanildi (Dicle U. Ziya Gokalp Egitim Fakultesi Dergisi, 13 (2009), s. 97-112). Ofset = +96 (PDF s.1 = basili s.97); basili numaralar her sayfada var, dogrulandi. KLASOR UYARISI: bu PDF 'esitsizlik kavram yanilgisi' klasorunde duruyor ama makalede esitsizlik ICERIGI YOK - protokol Bolum 8 'klasor adi kanit degildir' kurali burada bir kez daha dogrulandi. mufredat_donemi=2005: makale 2004'te gelistirilip 2004-2005'te pilot uygulanan yeni programdan bahsediyor (s. 100) ve 2009'da yayimlanmis; uygulama yili acikca yazmiyor ama 2013/2018 programlarindan once oldugu kesin. || Soru 1 (verilen sekillerden hangisi paralelkenardir). ORAN ALINMADI: makale ogrencilerin %56'sinin b), %33,5'inin e) 'hepsi' sikkini isaretledigini soyluyor ama DOGRU SIKKI BELIRTMIYOR ve sekiller PDF metninden okunamiyor; hangi sik yanilgi hangisi dogru cevap belirlenemedi, K1 geregi gorulme_orani bos. || lgs_kazanim_tahmini BOS: bu icerik (tam sayilarda mutlak deger / bolme kapaliligi) MEB 2018 6-8 programinda bu haliyle ayri kazanim olarak yer almiyor - arandi.",
MAKALE:ZGEFD-13-2009,"Küçük, Ahmet; Demir, Barış",2009,Kocaeli Üniversitesi,MAKALE,2005,karma,200,Kocaeli,DİĞER: rasyonel sayılar,,Rasyonel sayıyı yalnızca a/b kesri sanma,Öğrenciler rasyonel sayıları genel olarak a/b şeklinde bir kesir olarak algılamakta; daha önce öğrendikleri doğal sayılar ve tam sayıların da birer rasyonel sayı olduğunu görmüyorlar.,"'Aşağıdakilerden hangisi rasyonel sayıdır' sorusunda 3/5, -2, 0, 1 ve 'hepsi' seçenekleri arasından yalnız 3/5 seçeneğini işaretleme","%30,5","En az 10 yillik matematik ogretmenlerinin gorusleri ve ogretmenlik uygulamasi dersi gozlemleri dogrultusunda olusturulan 7 soruluk olcme; ilk uc soru 7-8. siniflara (200 ogrenci), diger dort soru 6-7. siniflara (123 ogrenci) soruldu. Gecerlik/guvenirlik katsayisi BILDIRILMEMIS (basili s. 101)","Kavram ogretilirken o kavramin ne oldugunun yaninda NE OLMADIGININ da verilmesi; tanim verildikten sonra hangi ornegin kavrama girdigi hangisinin girmedigine dair ornekler sunulmasi (s. 99, s. 102)",YOK,1,2,s. 103,"Soru 2. Makale acikca: 'a) sikkini isaretleyen ogrencilerin, rasyonel sayi kavramini tam olarak ogrenemedigi anlasilmaktadir.' Dogru sik e) hepsi ve %65,5 ogrenci onu isaretlemis; %30,5 bu yanilgiya dusmus. K5 SINIRI: makale olcme aracinin gecerlik/guvenirlik katsayisini bildirmiyor, sorularin nasil secildigi ancak genel hatlariyla anlatiliyor. Bu nedenle oranli satirda bile guven en fazla 2 olabilir (arac KISMEN tanimli).",M.7.1.2.1
MAKALE:ZGEFD-13-2009,"Küçük, Ahmet; Demir, Barış",2009,Kocaeli Üniversitesi,MAKALE,2005,karma,,Kocaeli,DİĞER: rasyonel sayılarla işlemler,,Rasyonel sayılarla işlem ve denklem kuramama,Öğrencilerin rasyonel sayılarla ilgili temel işlem yapma ve denklem kurma ile ilgili becerileri tam olarak gelişmemiş.,"1/4+1/3-(1/6+1/3) işleminde %6,5; 2/3+0/2 işleminde %14,6; 3+1/2 sayısını sayı doğrusunda gösterme sorusunda %35 doğru cevap oranı",,"En az 10 yillik matematik ogretmenlerinin gorusleri ve ogretmenlik uygulamasi dersi gozlemleri dogrultusunda olusturulan 7 soruluk olcme; ilk uc soru 7-8. siniflara (200 ogrenci), diger dort soru 6-7. siniflara (123 ogrenci) soruldu. Gecerlik/guvenirlik katsayisi BILDIRILMEMIS (basili s. 101)","Kavram ogretilirken o kavramin ne oldugunun yaninda NE OLMADIGININ da verilmesi; tanim verildikten sonra hangi ornegin kavrama girdigi hangisinin girmedigine dair ornekler sunulmasi (s. 99, s. 102)",YOK,1,1,s. 107,"Soru 3, 4 ve 6. K2 SINIR DURUMU: makale burada bir KAVRAM YANILGISI adlandirmiyor, 'becerilerin tam olarak gelismedigi'ni soyluyor - bu bir islem/beceri eksikligidir. ORAN ALINMADI: verilen yuzdeler soru bazli DOGRU cevap oranidir, bir yanilginin gorulme orani degildir (K1). ogrenci_ornegi'ndeki yuzdeler basili s. 104, 105 ve 106'daki metinden alindi. orneklem_n BOS BIRAKILDI - TEK BIR n VERILEMEZ: makale (s. 101) 'ilk uc soru 7. ve 8. sinif ogrencilerine (200 ogrenci), diger dort soru da 6. ve 7. sinif ogrencilerine (123 ogrenci) soruldu' diyor. Bu satirdaki Soru 3 200 kisilik gruba, Soru 4 ve Soru 6 ise 123 kisilik gruba sorulmustur; tek bir orneklem sayisi yazmak yaniltici olurdu.",M.7.1.3.3
MAKALE:ZGEFD-13-2009,"Küçük, Ahmet; Demir, Barış",2009,Kocaeli Üniversitesi,MAKALE,2005,6,,Kocaeli,Çarpanlar ve katlar,,Bir sayının bölenleri yalnız pozitiftir,Ders kitabındaki örnek 24 sayısının sadece pozitif bölenlerini içeriyor; oysa ifade genel olup sayının negatif bölenlerini içermiyor.,,,Belge incelemesi: 2000-2005 yillari arasinda MEB tarafindan okutulmasi onerilen bazi ilkogretim matematik ders kitaplarinin anlatim bozukluklari ve bilimsel hatalar yonunden incelenmesi (basili s. 107-111),"Ders kitaplari ve yardimci kitaplarin konu alani, dil, program gelistirme ve olcme degerlendirme uzmanlari tarafindan incelendikten sonra kaynak kitap haline getirilmesi (s. 112)",YOK,2,1,s. 108,"Sabiha Sonmez, Fevzi Sonmez, 6. sinif ders kitabi, s. 99 (2000). KAYNAK TURU UYARISI - BU SATIR OGRENCI VERISINE DAYANMIYOR. Makalenin ders kitabi incelemesi bolumunden cikarildi: kitaptaki bilimsel hata/anlatim bozuklugunun yol ACABILECEGI yanilgidir, ogrencide OLCULMUS bir yanilgi degildir. Envanterin olculmus satirlarindan AYRI degerlendirilmeli; yayin asamasinda ya ayri bir 'yanilgi kaynagi' tablosuna alinmali ya da cikarilmalidir. lemma_basamagi=2 (dogrudan yanlis/eksik ogretimden) bu yuzden verildi. sinif sutunu incelenen DERS KITABININ sinif duzeyini gosterir, olculmus bir ogrenci grubunu degil; orneklem_n bos, cunku bu satirin arkasinda katilimci yoktur.",M.6.1.2.1
MAKALE:ZGEFD-13-2009,"Küçük, Ahmet; Demir, Barış",2009,Kocaeli Üniversitesi,MAKALE,2005,6,,Kocaeli,Çarpanlar ve katlar,,1 sayısı asal sayıdır,Ders kitabındaki asal sayı tanımından 1 sayısının da asal sayı olduğu sonucu çıkar.,,,Belge incelemesi: 2000-2005 yillari arasinda MEB tarafindan okutulmasi onerilen bazi ilkogretim matematik ders kitaplarinin anlatim bozukluklari ve bilimsel hatalar yonunden incelenmesi (basili s. 107-111),"Ders kitaplari ve yardimci kitaplarin konu alani, dil, program gelistirme ve olcme degerlendirme uzmanlari tarafindan incelendikten sonra kaynak kitap haline getirilmesi (s. 112)",YOK,2,1,s. 108,"Sabiha Sonmez, Fevzi Sonmez, 6. sinif ders kitabi, s. 99 (2000). KAYNAK TURU UYARISI - BU SATIR OGRENCI VERISINE DAYANMIYOR. Makalenin ders kitabi incelemesi bolumunden cikarildi: kitaptaki bilimsel hata/anlatim bozuklugunun yol ACABILECEGI yanilgidir, ogrencide OLCULMUS bir yanilgi degildir. Envanterin olculmus satirlarindan AYRI degerlendirilmeli; yayin asamasinda ya ayri bir 'yanilgi kaynagi' tablosuna alinmali ya da cikarilmalidir. lemma_basamagi=2 (dogrudan yanlis/eksik ogretimden) bu yuzden verildi. sinif sutunu incelenen DERS KITABININ sinif duzeyini gosterir, olculmus bir ogrenci grubunu degil; orneklem_n bos, cunku bu satirin arkasinda katilimci yoktur.",M.6.1.2.4
MAKALE:ZGEFD-13-2009,"Küçük, Ahmet; Demir, Barış",2009,Kocaeli Üniversitesi,MAKALE,2005,6,,Kocaeli,Üçgenler,,Büyük açı karşısında küçük kenar bulunabilir,"Ders kitabındaki üçgen örneğinde 60 derecelik bir açı karşısında 4 cm, 70 derecelik bir açı karşısında 3 cm uzunluk veriliyor; böyle bir üçgen çizilemez.",,,Belge incelemesi: 2000-2005 yillari arasinda MEB tarafindan okutulmasi onerilen bazi ilkogretim matematik ders kitaplarinin anlatim bozukluklari ve bilimsel hatalar yonunden incelenmesi (basili s. 107-111),"Ders kitaplari ve yardimci kitaplarin konu alani, dil, program gelistirme ve olcme degerlendirme uzmanlari tarafindan incelendikten sonra kaynak kitap haline getirilmesi (s. 112)",YOK,2,1,s. 108,"Burhan Sarac, Abdullah Efraim Ertas, 6. sinif ders kitabi, s. 215 (2002). Makale sorusu: 'Boyle bir ucgen cizilebilir mi?' KAYNAK TURU UYARISI - BU SATIR OGRENCI VERISINE DAYANMIYOR. Makalenin ders kitabi incelemesi bolumunden cikarildi: kitaptaki bilimsel hata/anlatim bozuklugunun yol ACABILECEGI yanilgidir, ogrencide OLCULMUS bir yanilgi degildir. Envanterin olculmus satirlarindan AYRI degerlendirilmeli; yayin asamasinda ya ayri bir 'yanilgi kaynagi' tablosuna alinmali ya da cikarilmalidir. lemma_basamagi=2 (dogrudan yanlis/eksik ogretimden) bu yuzden verildi. sinif sutunu incelenen DERS KITABININ sinif duzeyini gosterir, olculmus bir ogrenci grubunu degil; orneklem_n bos, cunku bu satirin arkasinda katilimci yoktur.",M.8.3.1.3
MAKALE:ZGEFD-13-2009,"Küçük, Ahmet; Demir, Barış",2009,Kocaeli Üniversitesi,MAKALE,2005,7,,Kocaeli,DİĞER: tam sayılar,,Negatif tam sayı özelliğini pozitif örnekle öğrenme,"Ders kitabında özellik negatif tam sayılarla ilgili verilmiş, ancak örnek pozitif tam sayılarda verilmiş; öğrenci özelliği yanlış örnek üzerinden genelliyor.",,,Belge incelemesi: 2000-2005 yillari arasinda MEB tarafindan okutulmasi onerilen bazi ilkogretim matematik ders kitaplarinin anlatim bozukluklari ve bilimsel hatalar yonunden incelenmesi (basili s. 107-111),"Ders kitaplari ve yardimci kitaplarin konu alani, dil, program gelistirme ve olcme degerlendirme uzmanlari tarafindan incelendikten sonra kaynak kitap haline getirilmesi (s. 112)",YOK,2,1,s. 110,"Sen Gunes, Bakiye Taskiran, Isil Karabiyik, Atila Sekerci, 7. sinif ders kitabi, s. 17 (2000). KAYNAK TURU UYARISI - BU SATIR OGRENCI VERISINE DAYANMIYOR. Makalenin ders kitabi incelemesi bolumunden cikarildi: kitaptaki bilimsel hata/anlatim bozuklugunun yol ACABILECEGI yanilgidir, ogrencide OLCULMUS bir yanilgi degildir. Envanterin olculmus satirlarindan AYRI degerlendirilmeli; yayin asamasinda ya ayri bir 'yanilgi kaynagi' tablosuna alinmali ya da cikarilmalidir. lemma_basamagi=2 (dogrudan yanlis/eksik ogretimden) bu yuzden verildi. sinif sutunu incelenen DERS KITABININ sinif duzeyini gosterir, olculmus bir ogrenci grubunu degil; orneklem_n bos, cunku bu satirin arkasinda katilimci yoktur. || lgs_kazanim_tahmini BOS: bu icerik (tam sayilarda mutlak deger / bolme kapaliligi) MEB 2018 6-8 programinda bu haliyle ayri kazanim olarak yer almiyor - arandi.",
MAKALE:ZGEFD-13-2009,"Küçük, Ahmet; Demir, Barış",2009,Kocaeli Üniversitesi,MAKALE,2005,7,,Kocaeli,DİĞER: tam sayılar,,Mutlak değer yalnız tam sayılar için tanımlıdır,"Ders kitabı sadece tamsayıların mutlak değerini tanımlamış, diğer sayılar için tanım verilmemiş.",,,Belge incelemesi: 2000-2005 yillari arasinda MEB tarafindan okutulmasi onerilen bazi ilkogretim matematik ders kitaplarinin anlatim bozukluklari ve bilimsel hatalar yonunden incelenmesi (basili s. 107-111),"Ders kitaplari ve yardimci kitaplarin konu alani, dil, program gelistirme ve olcme degerlendirme uzmanlari tarafindan incelendikten sonra kaynak kitap haline getirilmesi (s. 112)",YOK,2,1,s. 110,"Cemsan Yayinlari, 7. sinif ders kitabi (MEB). KAYNAK TURU UYARISI - BU SATIR OGRENCI VERISINE DAYANMIYOR. Makalenin ders kitabi incelemesi bolumunden cikarildi: kitaptaki bilimsel hata/anlatim bozuklugunun yol ACABILECEGI yanilgidir, ogrencide OLCULMUS bir yanilgi degildir. Envanterin olculmus satirlarindan AYRI degerlendirilmeli; yayin asamasinda ya ayri bir 'yanilgi kaynagi' tablosuna alinmali ya da cikarilmalidir. lemma_basamagi=2 (dogrudan yanlis/eksik ogretimden) bu yuzden verildi. sinif sutunu incelenen DERS KITABININ sinif duzeyini gosterir, olculmus bir ogrenci grubunu degil; orneklem_n bos, cunku bu satirin arkasinda katilimci yoktur. || lgs_kazanim_tahmini BOS: bu icerik (tam sayilarda mutlak deger / bolme kapaliligi) MEB 2018 6-8 programinda bu haliyle ayri kazanim olarak yer almiyor - arandi.",
MAKALE:ZGEFD-13-2009,"Küçük, Ahmet; Demir, Barış",2009,Kocaeli Üniversitesi,MAKALE,2005,7,,Kocaeli,DİĞER: tam sayılar,,Tam sayılar bölme işlemine göre kapalıdır,Ders kitabının anlatımı tam sayılarda bölmeyi her zaman tam sayı veriyormuş gibi sunuyor; 7:8 gibi bölmelerin tam sayı olmadığı görülmüyor.,"Makalenin ders kitabına yönelttiği soru: ""7 ve 8 tam sayıları için, 7:8= tam sayı mıdır?""",,Belge incelemesi: 2000-2005 yillari arasinda MEB tarafindan okutulmasi onerilen bazi ilkogretim matematik ders kitaplarinin anlatim bozukluklari ve bilimsel hatalar yonunden incelenmesi (basili s. 107-111),"Ders kitaplari ve yardimci kitaplarin konu alani, dil, program gelistirme ve olcme degerlendirme uzmanlari tarafindan incelendikten sonra kaynak kitap haline getirilmesi (s. 112)",YOK,2,1,s. 110,"Sen Gunes ve ark., 7. sinif ders kitabi, s. 18 (2000). Makalenin sorulari: '7:8= tam sayi midir? (-7):8= negatif bir tam sayi midir? (-7):(-8)=? tamsayi midir?' KAYNAK TURU UYARISI - BU SATIR OGRENCI VERISINE DAYANMIYOR. Makalenin ders kitabi incelemesi bolumunden cikarildi: kitaptaki bilimsel hata/anlatim bozuklugunun yol ACABILECEGI yanilgidir, ogrencide OLCULMUS bir yanilgi degildir. Envanterin olculmus satirlarindan AYRI degerlendirilmeli; yayin asamasinda ya ayri bir 'yanilgi kaynagi' tablosuna alinmali ya da cikarilmalidir. lemma_basamagi=2 (dogrudan yanlis/eksik ogretimden) bu yuzden verildi. sinif sutunu incelenen DERS KITABININ sinif duzeyini gosterir, olculmus bir ogrenci grubunu degil; orneklem_n bos, cunku bu satirin arkasinda katilimci yoktur. || lgs_kazanim_tahmini BOS: bu icerik (tam sayilarda mutlak deger / bolme kapaliligi) MEB 2018 6-8 programinda bu haliyle ayri kazanim olarak yer almiyor - arandi.",
MAKALE:ZGEFD-13-2009,"Küçük, Ahmet; Demir, Barış",2009,Kocaeli Üniversitesi,MAKALE,2005,7,,Kocaeli,DİĞER: çember,,Yarıçapın iki katı her zaman çaptır,Ders kitabı anlatımına göre yarıçap uzunluğu merkezden çemberin dışına doğru uzatılıp toplam 2r birim elde edilince bunun çap olacağı sonucu çıkıyor; oysa çap merkezden geçmelidir.,"Makalenin ders kitabına yönelttiği soru: ""elde edilen 2r birim uzunluk çemberin çapı olur mu?""",,Belge incelemesi: 2000-2005 yillari arasinda MEB tarafindan okutulmasi onerilen bazi ilkogretim matematik ders kitaplarinin anlatim bozukluklari ve bilimsel hatalar yonunden incelenmesi (basili s. 107-111),"Ders kitaplari ve yardimci kitaplarin konu alani, dil, program gelistirme ve olcme degerlendirme uzmanlari tarafindan incelendikten sonra kaynak kitap haline getirilmesi (s. 112)",YOK,2,1,s. 111,"Sen Gunes ve ark., 7. sinif ders kitabi, s. 140 (2000). Makalenin sorusu: 'elde edilen 2r birim uzunluk cemberin capi olur mu?' KAYNAK TURU UYARISI - BU SATIR OGRENCI VERISINE DAYANMIYOR. Makalenin ders kitabi incelemesi bolumunden cikarildi: kitaptaki bilimsel hata/anlatim bozuklugunun yol ACABILECEGI yanilgidir, ogrencide OLCULMUS bir yanilgi degildir. Envanterin olculmus satirlarindan AYRI degerlendirilmeli; yayin asamasinda ya ayri bir 'yanilgi kaynagi' tablosuna alinmali ya da cikarilmalidir. lemma_basamagi=2 (dogrudan yanlis/eksik ogretimden) bu yuzden verildi. sinif sutunu incelenen DERS KITABININ sinif duzeyini gosterir, olculmus bir ogrenci grubunu degil; orneklem_n bos, cunku bu satirin arkasinda katilimci yoktur.",M.6.3.3.1
MAKALE:ZGEFD-13-2009,"Küçük, Ahmet; Demir, Barış",2009,Kocaeli Üniversitesi,MAKALE,2005,8,,Kocaeli,DİĞER: tam sayılar,,Sıfırın solundaki her sayı negatif tam sayıdır,Ders kitabı sayı doğrusu üzerinde sıfırın solundaki sayıları negatif tam sayı gibi sunuyor; -1/2 gibi tam sayı olmayan negatif sayılar görülmüyor.,,,Belge incelemesi: 2000-2005 yillari arasinda MEB tarafindan okutulmasi onerilen bazi ilkogretim matematik ders kitaplarinin anlatim bozukluklari ve bilimsel hatalar yonunden incelenmesi (basili s. 107-111),"Ders kitaplari ve yardimci kitaplarin konu alani, dil, program gelistirme ve olcme degerlendirme uzmanlari tarafindan incelendikten sonra kaynak kitap haline getirilmesi (s. 112)",YOK,2,1,s. 111,"Ahmet Sukru Comert, Nurten Oktay, 8. sinif ders kitabi, s. 1 (2003). Makalenin sorusu: '-1/2 sayisi negatif tam sayi midir?' KAYNAK TURU UYARISI - BU SATIR OGRENCI VERISINE DAYANMIYOR. Makalenin ders kitabi incelemesi bolumunden cikarildi: kitaptaki bilimsel hata/anlatim bozuklugunun yol ACABILECEGI yanilgidir, ogrencide OLCULMUS bir yanilgi degildir. Envanterin olculmus satirlarindan AYRI degerlendirilmeli; yayin asamasinda ya ayri bir 'yanilgi kaynagi' tablosuna alinmali ya da cikarilmalidir. lemma_basamagi=2 (dogrudan yanlis/eksik ogretimden) bu yuzden verildi. sinif sutunu incelenen DERS KITABININ sinif duzeyini gosterir, olculmus bir ogrenci grubunu degil; orneklem_n bos, cunku bu satirin arkasinda katilimci yoktur. || lgs_kazanim_tahmini BOS: bu icerik (tam sayilarda mutlak deger / bolme kapaliligi) MEB 2018 6-8 programinda bu haliyle ayri kazanim olarak yer almiyor - arandi.",
